{"type": "FeatureCollection", "features": [{"type": "Feature", "geometry": {"type": "Polygon", "coordinates": [[[127.08062, 35.5743], [127.08057, 35.58332], [127.09161, 35.58336], [127.09166, 35.57434], [127.08062, 35.5743]]]}, "properties": {"grid_id": "다마6231", "region_type_cd": "RURAL", "households": 2, "buildings": 4, "avg_score": 24.9, "risk_level_cd": "ok"}}, {"type": "Feature", "geometry": {"type": "Polygon", "coordinates": [[[127.09193, 35.52024], [127.09188, 35.52926], [127.10291, 35.5293], [127.10296, 35.52028], [127.09193, 35.52024]]]}, "properties": {"grid_id": "다마6325", "region_type_cd": "RURAL", "households": 4, "buildings": 18, "avg_score": 33.2, "risk_level_cd": "ok"}}, {"type": "Feature", "geometry": {"type": "Polygon", "coordinates": [[[127.09179, 35.54729], [127.09175, 35.55631], [127.10278, 35.55635], [127.10282, 35.54733], [127.09179, 35.54729]]]}, "properties": {"grid_id": "다마6328", "region_type_cd": "RURAL", "households": 7, "buildings": 8, "avg_score": 28.4, "risk_level_cd": "ok"}}, {"type": "Feature", "geometry": {"type": "Polygon", "coordinates": [[[127.09175, 35.55631], [127.0917, 35.56532], [127.10274, 35.56536], [127.10278, 35.55635], [127.09175, 35.55631]]]}, "properties": {"grid_id": "다마6329", "region_type_cd": "RURAL", "households": 8, "buildings": 15, "avg_score": 31.9, "risk_level_cd": "ok"}}, {"type": "Feature", "geometry": {"type": "Polygon", "coordinates": [[[127.09166, 35.57434], [127.09161, 35.58336], [127.10265, 35.58339], [127.10269, 35.57438], [127.09166, 35.57434]]]}, "properties": {"grid_id": "다마6331", "region_type_cd": "RURAL", "households": 1, "buildings": 1, "avg_score": 24.7, "risk_level_cd": "ok"}}, {"type": "Feature", "geometry": {"type": "Polygon", "coordinates": [[[127.09161, 35.58336], [127.09156, 35.59237], [127.1026, 35.59241], [127.10265, 35.58339], [127.09161, 35.58336]]]}, "properties": {"grid_id": "다마6332", "region_type_cd": "RURAL", "households": 5, "buildings": 5, "avg_score": 19.1, "risk_level_cd": "ok"}}, {"type": "Feature", "geometry": {"type": "Polygon", "coordinates": [[[127.09156, 35.59237], [127.09152, 35.60139], [127.10256, 35.60143], [127.1026, 35.59241], [127.09156, 35.59237]]]}, "properties": {"grid_id": "다마6333", "region_type_cd": "RURAL", "households": 11, "buildings": 1, "avg_score": 24.8, "risk_level_cd": "ok"}}, {"type": "Feature", "geometry": {"type": "Polygon", "coordinates": [[[127.09152, 35.60139], [127.09147, 35.61041], [127.10251, 35.61044], [127.10256, 35.60143], [127.09152, 35.60139]]]}, "properties": {"grid_id": "다마6334", "region_type_cd": "RURAL", "households": 11, "buildings": 5, "avg_score": 35.9, "risk_level_cd": "warn"}}, {"type": "Feature", "geometry": {"type": "Polygon", "coordinates": [[[127.09147, 35.61041], [127.09143, 35.61942], [127.10247, 35.61946], [127.10251, 35.61044], [127.09147, 35.61041]]]}, "properties": {"grid_id": "다마6335", "region_type_cd": "RURAL", "households": 7, "buildings": 11, "avg_score": 98.7, "risk_level_cd": "danger"}}, {"type": "Feature", "geometry": {"type": "Polygon", "coordinates": [[[127.103, 35.51126], [127.10296, 35.52028], [127.11399, 35.52032], [127.11403, 35.5113], [127.103, 35.51126]]]}, "properties": {"grid_id": "다마6424", "region_type_cd": "RURAL", "households": 3, "buildings": 7, "avg_score": 35.7, "risk_level_cd": "warn"}}, {"type": "Feature", "geometry": {"type": "Polygon", "coordinates": [[[127.10296, 35.52028], [127.10291, 35.5293], [127.11394, 35.52933], [127.11399, 35.52032], [127.10296, 35.52028]]]}, "properties": {"grid_id": "다마6425", "region_type_cd": "RURAL", "households": 4, "buildings": 12, "avg_score": 27.7, "risk_level_cd": "ok"}}, {"type": "Feature", "geometry": {"type": "Polygon", "coordinates": [[[127.10287, 35.53831], [127.10282, 35.54733], [127.11386, 35.54736], [127.1139, 35.53835], [127.10287, 35.53831]]]}, "properties": {"grid_id": "다마6427", "region_type_cd": "RURAL", "households": 5, "buildings": 2, "avg_score": 36.5, "risk_level_cd": "warn"}}, {"type": "Feature", "geometry": {"type": "Polygon", "coordinates": [[[127.10282, 35.54733], [127.10278, 35.55635], [127.11381, 35.55638], [127.11386, 35.54736], [127.10282, 35.54733]]]}, "properties": {"grid_id": "다마6428", "region_type_cd": "RURAL", "households": 12, "buildings": 30, "avg_score": 30.3, "risk_level_cd": "ok"}}, {"type": "Feature", "geometry": {"type": "Polygon", "coordinates": [[[127.10278, 35.55635], [127.10274, 35.56536], [127.11377, 35.5654], [127.11381, 35.55638], [127.10278, 35.55635]]]}, "properties": {"grid_id": "다마6429", "region_type_cd": "RURAL", "households": 5, "buildings": 5, "avg_score": 24.5, "risk_level_cd": "ok"}}, {"type": "Feature", "geometry": {"type": "Polygon", "coordinates": [[[127.10274, 35.56536], [127.10269, 35.57438], [127.11373, 35.57441], [127.11377, 35.5654], [127.10274, 35.56536]]]}, "properties": {"grid_id": "다마6430", "region_type_cd": "RURAL", "households": 1, "buildings": 1, "avg_score": 29.7, "risk_level_cd": "ok"}}, {"type": "Feature", "geometry": {"type": "Polygon", "coordinates": [[[127.10269, 35.57438], [127.10265, 35.58339], [127.11368, 35.58343], [127.11373, 35.57441], [127.10269, 35.57438]]]}, "properties": {"grid_id": "다마6431", "region_type_cd": "RURAL", "households": 1, "buildings": 2, "avg_score": 20.8, "risk_level_cd": "ok"}}, {"type": "Feature", "geometry": {"type": "Polygon", "coordinates": [[[127.10265, 35.58339], [127.1026, 35.59241], [127.11364, 35.59245], [127.11368, 35.58343], [127.10265, 35.58339]]]}, "properties": {"grid_id": "다마6432", "region_type_cd": "RURAL", "households": 10, "buildings": 14, "avg_score": 32.6, "risk_level_cd": "ok"}}, {"type": "Feature", "geometry": {"type": "Polygon", "coordinates": [[[127.1026, 35.59241], [127.10256, 35.60143], [127.1136, 35.60146], [127.11364, 35.59245], [127.1026, 35.59241]]]}, "properties": {"grid_id": "다마6433", "region_type_cd": "RURAL", "households": 15, "buildings": 14, "avg_score": 28.2, "risk_level_cd": "ok"}}, {"type": "Feature", "geometry": {"type": "Polygon", "coordinates": [[[127.10256, 35.60143], [127.10251, 35.61044], [127.11355, 35.61048], [127.1136, 35.60146], [127.10256, 35.60143]]]}, "properties": {"grid_id": "다마6434", "region_type_cd": "RURAL", "households": 21, "buildings": 19, "avg_score": 50.3, "risk_level_cd": "warn"}}, {"type": "Feature", "geometry": {"type": "Polygon", "coordinates": [[[127.10251, 35.61044], [127.10247, 35.61946], [127.11351, 35.6195], [127.11355, 35.61048], [127.10251, 35.61044]]]}, "properties": {"grid_id": "다마6435", "region_type_cd": "RURAL", "households": 10, "buildings": 14, "avg_score": 83.7, "risk_level_cd": "danger"}}, {"type": "Feature", "geometry": {"type": "Polygon", "coordinates": [[[127.10247, 35.61946], [127.10242, 35.62848], [127.11347, 35.62851], [127.11351, 35.6195], [127.10247, 35.61946]]]}, "properties": {"grid_id": "다마6436", "region_type_cd": "RURAL", "households": 4, "buildings": 2, "avg_score": 23.3, "risk_level_cd": "ok"}}, {"type": "Feature", "geometry": {"type": "Polygon", "coordinates": [[[127.11407, 35.50228], [127.11403, 35.5113], [127.12506, 35.51133], [127.1251, 35.50232], [127.11407, 35.50228]]]}, "properties": {"grid_id": "다마6523", "region_type_cd": "URBAN", "households": 0, "buildings": 1, "avg_score": 34.1, "risk_level_cd": "ok"}}, {"type": "Feature", "geometry": {"type": "Polygon", "coordinates": [[[127.11403, 35.5113], [127.11399, 35.52032], [127.12502, 35.52035], [127.12506, 35.51133], [127.11403, 35.5113]]]}, "properties": {"grid_id": "다마6524", "region_type_cd": "RURAL", "households": 2, "buildings": 2, "avg_score": 24.5, "risk_level_cd": "ok"}}, {"type": "Feature", "geometry": {"type": "Polygon", "coordinates": [[[127.11399, 35.52032], [127.11394, 35.52933], [127.12497, 35.52937], [127.12502, 35.52035], [127.11399, 35.52032]]]}, "properties": {"grid_id": "다마6525", "region_type_cd": "RURAL", "households": 3, "buildings": 9, "avg_score": 29.7, "risk_level_cd": "ok"}}, {"type": "Feature", "geometry": {"type": "Polygon", "coordinates": [[[127.11394, 35.52933], [127.1139, 35.53835], [127.12493, 35.53838], [127.12497, 35.52937], [127.11394, 35.52933]]]}, "properties": {"grid_id": "다마6526", "region_type_cd": "RURAL", "households": 2, "buildings": 10, "avg_score": 99.1, "risk_level_cd": "danger"}}, {"type": "Feature", "geometry": {"type": "Polygon", "coordinates": [[[127.1139, 35.53835], [127.11386, 35.54736], [127.12489, 35.5474], [127.12493, 35.53838], [127.1139, 35.53835]]]}, "properties": {"grid_id": "다마6527", "region_type_cd": "RURAL", "households": 2, "buildings": 5, "avg_score": 67.2, "risk_level_cd": "warn"}}, {"type": "Feature", "geometry": {"type": "Polygon", "coordinates": [[[127.11386, 35.54736], [127.11381, 35.55638], [127.12485, 35.55642], [127.12489, 35.5474], [127.11386, 35.54736]]]}, "properties": {"grid_id": "다마6528", "region_type_cd": "RURAL", "households": 3, "buildings": 1, "avg_score": 48.5, "risk_level_cd": "warn"}}, {"type": "Feature", "geometry": {"type": "Polygon", "coordinates": [[[127.11381, 35.55638], [127.11377, 35.5654], [127.12481, 35.56543], [127.12485, 35.55642], [127.11381, 35.55638]]]}, "properties": {"grid_id": "다마6529", "region_type_cd": "RURAL", "households": 0, "buildings": 1, "avg_score": 51.9, "risk_level_cd": "warn"}}, {"type": "Feature", "geometry": {"type": "Polygon", "coordinates": [[[127.11373, 35.57441], [127.11368, 35.58343], [127.12472, 35.58346], [127.12476, 35.57445], [127.11373, 35.57441]]]}, "properties": {"grid_id": "다마6531", "region_type_cd": "RURAL", "households": 3, "buildings": 4, "avg_score": 29.4, "risk_level_cd": "ok"}}, {"type": "Feature", "geometry": {"type": "Polygon", "coordinates": [[[127.11368, 35.58343], [127.11364, 35.59245], [127.12468, 35.59248], [127.12472, 35.58346], [127.11368, 35.58343]]]}, "properties": {"grid_id": "다마6532", "region_type_cd": "RURAL", "households": 9, "buildings": 15, "avg_score": 25.5, "risk_level_cd": "ok"}}, {"type": "Feature", "geometry": {"type": "Polygon", "coordinates": [[[127.11364, 35.59245], [127.1136, 35.60146], [127.12464, 35.6015], [127.12468, 35.59248], [127.11364, 35.59245]]]}, "properties": {"grid_id": "다마6533", "region_type_cd": "RURAL", "households": 10, "buildings": 15, "avg_score": 25.5, "risk_level_cd": "ok"}}, {"type": "Feature", "geometry": {"type": "Polygon", "coordinates": [[[127.1136, 35.60146], [127.11355, 35.61048], [127.1246, 35.61051], [127.12464, 35.6015], [127.1136, 35.60146]]]}, "properties": {"grid_id": "다마6534", "region_type_cd": "RURAL", "households": 16, "buildings": 20, "avg_score": 23.9, "risk_level_cd": "ok"}}, {"type": "Feature", "geometry": {"type": "Polygon", "coordinates": [[[127.11355, 35.61048], [127.11351, 35.6195], [127.12455, 35.61953], [127.1246, 35.61051], [127.11355, 35.61048]]]}, "properties": {"grid_id": "다마6535", "region_type_cd": "RURAL", "households": 8, "buildings": 11, "avg_score": 21.2, "risk_level_cd": "ok"}}, {"type": "Feature", "geometry": {"type": "Polygon", "coordinates": [[[127.11351, 35.6195], [127.11347, 35.62851], [127.12451, 35.62855], [127.12455, 35.61953], [127.11351, 35.6195]]]}, "properties": {"grid_id": "다마6536", "region_type_cd": "RURAL", "households": 4, "buildings": 9, "avg_score": 23.2, "risk_level_cd": "ok"}}, {"type": "Feature", "geometry": {"type": "Polygon", "coordinates": [[[127.12506, 35.51133], [127.12502, 35.52035], [127.13604, 35.52038], [127.13609, 35.51137], [127.12506, 35.51133]]]}, "properties": {"grid_id": "다마6624", "region_type_cd": "RURAL", "households": 0, "buildings": 2, "avg_score": 38.8, "risk_level_cd": "warn"}}, {"type": "Feature", "geometry": {"type": "Polygon", "coordinates": [[[127.12502, 35.52035], [127.12497, 35.52937], [127.136, 35.5294], [127.13604, 35.52038], [127.12502, 35.52035]]]}, "properties": {"grid_id": "다마6625", "region_type_cd": "URBAN", "households": 0, "buildings": 1, "avg_score": 53.9, "risk_level_cd": "warn"}}, {"type": "Feature", "geometry": {"type": "Polygon", "coordinates": [[[127.12489, 35.5474], [127.12485, 35.55642], [127.13588, 35.55645], [127.13592, 35.54743], [127.12489, 35.5474]]]}, "properties": {"grid_id": "다마6628", "region_type_cd": "RURAL", "households": 4, "buildings": 5, "avg_score": 27.8, "risk_level_cd": "ok"}}, {"type": "Feature", "geometry": {"type": "Polygon", "coordinates": [[[127.12485, 35.55642], [127.12481, 35.56543], [127.13584, 35.56547], [127.13588, 35.55645], [127.12485, 35.55642]]]}, "properties": {"grid_id": "다마6629", "region_type_cd": "RURAL", "households": 3, "buildings": 5, "avg_score": 33.1, "risk_level_cd": "ok"}}, {"type": "Feature", "geometry": {"type": "Polygon", "coordinates": [[[127.12472, 35.58346], [127.12468, 35.59248], [127.13572, 35.59252], [127.13576, 35.5835], [127.12472, 35.58346]]]}, "properties": {"grid_id": "다마6632", "region_type_cd": "RURAL", "households": 10, "buildings": 26, "avg_score": 35.0, "risk_level_cd": "warn"}}, {"type": "Feature", "geometry": {"type": "Polygon", "coordinates": [[[127.12468, 35.59248], [127.12464, 35.6015], [127.13568, 35.60153], [127.13572, 35.59252], [127.12468, 35.59248]]]}, "properties": {"grid_id": "다마6633", "region_type_cd": "RURAL", "households": 9, "buildings": 13, "avg_score": 24.1, "risk_level_cd": "ok"}}, {"type": "Feature", "geometry": {"type": "Polygon", "coordinates": [[[127.12455, 35.61953], [127.12451, 35.62855], [127.13555, 35.62858], [127.1356, 35.61956], [127.12455, 35.61953]]]}, "properties": {"grid_id": "다마6636", "region_type_cd": "RURAL", "households": 0, "buildings": 1, "avg_score": 27.9, "risk_level_cd": "ok"}}, {"type": "Feature", "geometry": {"type": "Polygon", "coordinates": [[[127.12434, 35.66461], [127.1243, 35.67363], [127.13535, 35.67366], [127.13539, 35.66465], [127.12434, 35.66461]]]}, "properties": {"grid_id": "다마6641", "region_type_cd": "RURAL", "households": 4, "buildings": 2, "avg_score": 32.8, "risk_level_cd": "ok"}}, {"type": "Feature", "geometry": {"type": "Polygon", "coordinates": [[[127.1243, 35.67363], [127.12426, 35.68264], [127.13531, 35.68268], [127.13535, 35.67366], [127.1243, 35.67363]]]}, "properties": {"grid_id": "다마6642", "region_type_cd": "RURAL", "households": 5, "buildings": 1, "avg_score": 25.0, "risk_level_cd": "ok"}}, {"type": "Feature", "geometry": {"type": "Polygon", "coordinates": [[[127.13633, 35.45727], [127.13629, 35.46628], [127.14731, 35.46632], [127.14735, 35.4573], [127.13633, 35.45727]]]}, "properties": {"grid_id": "다마6718", "region_type_cd": "RURAL", "households": 2, "buildings": 7, "avg_score": 44.3, "risk_level_cd": "warn"}}, {"type": "Feature", "geometry": {"type": "Polygon", "coordinates": [[[127.13621, 35.48432], [127.13617, 35.49333], [127.14719, 35.49337], [127.14723, 35.48435], [127.13621, 35.48432]]]}, "properties": {"grid_id": "다마6721", "region_type_cd": "RURAL", "households": 15, "buildings": 37, "avg_score": 33.4, "risk_level_cd": "ok"}}, {"type": "Feature", "geometry": {"type": "Polygon", "coordinates": [[[127.13617, 35.49333], [127.13613, 35.50235], [127.14715, 35.50238], [127.14719, 35.49337], [127.13617, 35.49333]]]}, "properties": {"grid_id": "다마6722", "region_type_cd": "URBAN", "households": 7, "buildings": 1, "avg_score": 40.4, "risk_level_cd": "warn"}}, {"type": "Feature", "geometry": {"type": "Polygon", "coordinates": [[[127.13604, 35.52038], [127.136, 35.5294], [127.14703, 35.52943], [127.14707, 35.52042], [127.13604, 35.52038]]]}, "properties": {"grid_id": "다마6725", "region_type_cd": "RURAL", "households": 10, "buildings": 7, "avg_score": 25.2, "risk_level_cd": "ok"}}, {"type": "Feature", "geometry": {"type": "Polygon", "coordinates": [[[127.136, 35.5294], [127.13596, 35.53842], [127.14699, 35.53845], [127.14703, 35.52943], [127.136, 35.5294]]]}, "properties": {"grid_id": "다마6726", "region_type_cd": "RURAL", "households": 6, "buildings": 7, "avg_score": 31.3, "risk_level_cd": "ok"}}, {"type": "Feature", "geometry": {"type": "Polygon", "coordinates": [[[127.13596, 35.53842], [127.13592, 35.54743], [127.14695, 35.54747], [127.14699, 35.53845], [127.13596, 35.53842]]]}, "properties": {"grid_id": "다마6727", "region_type_cd": "RURAL", "households": 10, "buildings": 27, "avg_score": 28.3, "risk_level_cd": "ok"}}, {"type": "Feature", "geometry": {"type": "Polygon", "coordinates": [[[127.13592, 35.54743], [127.13588, 35.55645], [127.14692, 35.55648], [127.14695, 35.54747], [127.13592, 35.54743]]]}, "properties": {"grid_id": "다마6728", "region_type_cd": "RURAL", "households": 9, "buildings": 22, "avg_score": 31.0, "risk_level_cd": "ok"}}, {"type": "Feature", "geometry": {"type": "Polygon", "coordinates": [[[127.13588, 35.55645], [127.13584, 35.56547], [127.14688, 35.5655], [127.14692, 35.55648], [127.13588, 35.55645]]]}, "properties": {"grid_id": "다마6729", "region_type_cd": "RURAL", "households": 3, "buildings": 5, "avg_score": 36.6, "risk_level_cd": "warn"}}, {"type": "Feature", "geometry": {"type": "Polygon", "coordinates": [[[127.13584, 35.56547], [127.1358, 35.57448], [127.14684, 35.57452], [127.14688, 35.5655], [127.13584, 35.56547]]]}, "properties": {"grid_id": "다마6730", "region_type_cd": "RURAL", "households": 6, "buildings": 16, "avg_score": 36.7, "risk_level_cd": "warn"}}, {"type": "Feature", "geometry": {"type": "Polygon", "coordinates": [[[127.1358, 35.57448], [127.13576, 35.5835], [127.1468, 35.58353], [127.14684, 35.57452], [127.1358, 35.57448]]]}, "properties": {"grid_id": "다마6731", "region_type_cd": "RURAL", "households": 4, "buildings": 8, "avg_score": 35.3, "risk_level_cd": "warn"}}, {"type": "Feature", "geometry": {"type": "Polygon", "coordinates": [[[127.13568, 35.60153], [127.13564, 35.61055], [127.14668, 35.61058], [127.14672, 35.60156], [127.13568, 35.60153]]]}, "properties": {"grid_id": "다마6734", "region_type_cd": "RURAL", "households": 0, "buildings": 1, "avg_score": 26.1, "risk_level_cd": "ok"}}, {"type": "Feature", "geometry": {"type": "Polygon", "coordinates": [[[127.13564, 35.61055], [127.1356, 35.61956], [127.14664, 35.6196], [127.14668, 35.61058], [127.13564, 35.61055]]]}, "properties": {"grid_id": "다마6735", "region_type_cd": "RURAL", "households": 5, "buildings": 1, "avg_score": 23.1, "risk_level_cd": "ok"}}, {"type": "Feature", "geometry": {"type": "Polygon", "coordinates": [[[127.1356, 35.61956], [127.13555, 35.62858], [127.1466, 35.62861], [127.14664, 35.6196], [127.1356, 35.61956]]]}, "properties": {"grid_id": "다마6736", "region_type_cd": "RURAL", "households": 8, "buildings": 17, "avg_score": 31.4, "risk_level_cd": "ok"}}, {"type": "Feature", "geometry": {"type": "Polygon", "coordinates": [[[127.13555, 35.62858], [127.13551, 35.6376], [127.14656, 35.63763], [127.1466, 35.62861], [127.13555, 35.62858]]]}, "properties": {"grid_id": "다마6737", "region_type_cd": "RURAL", "households": 2, "buildings": 3, "avg_score": 26.5, "risk_level_cd": "ok"}}, {"type": "Feature", "geometry": {"type": "Polygon", "coordinates": [[[127.13551, 35.6376], [127.13547, 35.64661], [127.14652, 35.64665], [127.14656, 35.63763], [127.13551, 35.6376]]]}, "properties": {"grid_id": "다마6738", "region_type_cd": "RURAL", "households": 0, "buildings": 1, "avg_score": 21.2, "risk_level_cd": "ok"}}, {"type": "Feature", "geometry": {"type": "Polygon", "coordinates": [[[127.13543, 35.65563], [127.13539, 35.66465], [127.14644, 35.66468], [127.14648, 35.65566], [127.13543, 35.65563]]]}, "properties": {"grid_id": "다마6740", "region_type_cd": "RURAL", "households": 9, "buildings": 29, "avg_score": 37.3, "risk_level_cd": "warn"}}, {"type": "Feature", "geometry": {"type": "Polygon", "coordinates": [[[127.13539, 35.66465], [127.13535, 35.67366], [127.1464, 35.67369], [127.14644, 35.66468], [127.13539, 35.66465]]]}, "properties": {"grid_id": "다마6741", "region_type_cd": "RURAL", "households": 8, "buildings": 15, "avg_score": 40.6, "risk_level_cd": "warn"}}, {"type": "Feature", "geometry": {"type": "Polygon", "coordinates": [[[127.13535, 35.67366], [127.13531, 35.68268], [127.14636, 35.68271], [127.1464, 35.67369], [127.13535, 35.67366]]]}, "properties": {"grid_id": "다마6742", "region_type_cd": "RURAL", "households": 11, "buildings": 44, "avg_score": 48.7, "risk_level_cd": "warn"}}, {"type": "Feature", "geometry": {"type": "Polygon", "coordinates": [[[127.13519, 35.70973], [127.13514, 35.71874], [127.1462, 35.71878], [127.14624, 35.70976], [127.13519, 35.70973]]]}, "properties": {"grid_id": "다마6746", "region_type_cd": "RURAL", "households": 0, "buildings": 1, "avg_score": 34.8, "risk_level_cd": "ok"}}, {"type": "Feature", "geometry": {"type": "Polygon", "coordinates": [[[127.13514, 35.71874], [127.1351, 35.72776], [127.14616, 35.72779], [127.1462, 35.71878], [127.13514, 35.71874]]]}, "properties": {"grid_id": "다마6747", "region_type_cd": "RURAL", "households": 2, "buildings": 2, "avg_score": 20.4, "risk_level_cd": "ok"}}, {"type": "Feature", "geometry": {"type": "Polygon", "coordinates": [[[127.14735, 35.4573], [127.14731, 35.46632], [127.15833, 35.46635], [127.15837, 35.45733], [127.14735, 35.4573]]]}, "properties": {"grid_id": "다마6818", "region_type_cd": "RURAL", "households": 2, "buildings": 3, "avg_score": 40.0, "risk_level_cd": "warn"}}, {"type": "Feature", "geometry": {"type": "Polygon", "coordinates": [[[127.14727, 35.47533], [127.14723, 35.48435], [127.15825, 35.48438], [127.15829, 35.47537], [127.14727, 35.47533]]]}, "properties": {"grid_id": "다마6820", "region_type_cd": "RURAL", "households": 1, "buildings": 3, "avg_score": 31.1, "risk_level_cd": "ok"}}, {"type": "Feature", "geometry": {"type": "Polygon", "coordinates": [[[127.14723, 35.48435], [127.14719, 35.49337], [127.15822, 35.4934], [127.15825, 35.48438], [127.14723, 35.48435]]]}, "properties": {"grid_id": "다마6821", "region_type_cd": "RURAL", "households": 16, "buildings": 40, "avg_score": 31.7, "risk_level_cd": "ok"}}, {"type": "Feature", "geometry": {"type": "Polygon", "coordinates": [[[127.14719, 35.49337], [127.14715, 35.50238], [127.15818, 35.50242], [127.15822, 35.4934], [127.14719, 35.49337]]]}, "properties": {"grid_id": "다마6822", "region_type_cd": "RURAL", "households": 23, "buildings": 66, "avg_score": 29.2, "risk_level_cd": "ok"}}, {"type": "Feature", "geometry": {"type": "Polygon", "coordinates": [[[127.14715, 35.50238], [127.14711, 35.5114], [127.15814, 35.51143], [127.15818, 35.50242], [127.14715, 35.50238]]]}, "properties": {"grid_id": "다마6823", "region_type_cd": "RURAL", "households": 19, "buildings": 67, "avg_score": 34.7, "risk_level_cd": "ok"}}, {"type": "Feature", "geometry": {"type": "Polygon", "coordinates": [[[127.14711, 35.5114], [127.14707, 35.52042], [127.1581, 35.52045], [127.15814, 35.51143], [127.14711, 35.5114]]]}, "properties": {"grid_id": "다마6824", "region_type_cd": "RURAL", "households": 14, "buildings": 51, "avg_score": 31.3, "risk_level_cd": "ok"}}, {"type": "Feature", "geometry": {"type": "Polygon", "coordinates": [[[127.14707, 35.52042], [127.14703, 35.52943], [127.15806, 35.52946], [127.1581, 35.52045], [127.14707, 35.52042]]]}, "properties": {"grid_id": "다마6825", "region_type_cd": "RURAL", "households": 18, "buildings": 58, "avg_score": 32.0, "risk_level_cd": "ok"}}, {"type": "Feature", "geometry": {"type": "Polygon", "coordinates": [[[127.14703, 35.52943], [127.14699, 35.53845], [127.15803, 35.53848], [127.15806, 35.52946], [127.14703, 35.52943]]]}, "properties": {"grid_id": "다마6826", "region_type_cd": "RURAL", "households": 5, "buildings": 2, "avg_score": 27.1, "risk_level_cd": "ok"}}, {"type": "Feature", "geometry": {"type": "Polygon", "coordinates": [[[127.14699, 35.53845], [127.14695, 35.54747], [127.15799, 35.5475], [127.15803, 35.53848], [127.14699, 35.53845]]]}, "properties": {"grid_id": "다마6827", "region_type_cd": "RURAL", "households": 2, "buildings": 2, "avg_score": 32.7, "risk_level_cd": "ok"}}, {"type": "Feature", "geometry": {"type": "Polygon", "coordinates": [[[127.14695, 35.54747], [127.14692, 35.55648], [127.15795, 35.55651], [127.15799, 35.5475], [127.14695, 35.54747]]]}, "properties": {"grid_id": "다마6828", "region_type_cd": "RURAL", "households": 6, "buildings": 8, "avg_score": 34.3, "risk_level_cd": "ok"}}, {"type": "Feature", "geometry": {"type": "Polygon", "coordinates": [[[127.14692, 35.55648], [127.14688, 35.5655], [127.15791, 35.56553], [127.15795, 35.55651], [127.14692, 35.55648]]]}, "properties": {"grid_id": "다마6829", "region_type_cd": "RURAL", "households": 2, "buildings": 1, "avg_score": 24.5, "risk_level_cd": "ok"}}, {"type": "Feature", "geometry": {"type": "Polygon", "coordinates": [[[127.14688, 35.5655], [127.14684, 35.57452], [127.15787, 35.57455], [127.15791, 35.56553], [127.14688, 35.5655]]]}, "properties": {"grid_id": "다마6830", "region_type_cd": "RURAL", "households": 3, "buildings": 6, "avg_score": 29.7, "risk_level_cd": "ok"}}, {"type": "Feature", "geometry": {"type": "Polygon", "coordinates": [[[127.14684, 35.57452], [127.1468, 35.58353], [127.15783, 35.58356], [127.15787, 35.57455], [127.14684, 35.57452]]]}, "properties": {"grid_id": "다마6831", "region_type_cd": "RURAL", "households": 1, "buildings": 2, "avg_score": 25.0, "risk_level_cd": "ok"}}, {"type": "Feature", "geometry": {"type": "Polygon", "coordinates": [[[127.14676, 35.59255], [127.14672, 35.60156], [127.15776, 35.6016], [127.1578, 35.59258], [127.14676, 35.59255]]]}, "properties": {"grid_id": "다마6833", "region_type_cd": "RURAL", "households": 2, "buildings": 7, "avg_score": 25.7, "risk_level_cd": "ok"}}, {"type": "Feature", "geometry": {"type": "Polygon", "coordinates": [[[127.14672, 35.60156], [127.14668, 35.61058], [127.15772, 35.61061], [127.15776, 35.6016], [127.14672, 35.60156]]]}, "properties": {"grid_id": "다마6834", "region_type_cd": "RURAL", "households": 2, "buildings": 13, "avg_score": 27.5, "risk_level_cd": "ok"}}, {"type": "Feature", "geometry": {"type": "Polygon", "coordinates": [[[127.1466, 35.62861], [127.14656, 35.63763], [127.1576, 35.63766], [127.15764, 35.62865], [127.1466, 35.62861]]]}, "properties": {"grid_id": "다마6837", "region_type_cd": "RURAL", "households": 2, "buildings": 5, "avg_score": 30.4, "risk_level_cd": "ok"}}, {"type": "Feature", "geometry": {"type": "Polygon", "coordinates": [[[127.14656, 35.63763], [127.14652, 35.64665], [127.15756, 35.64668], [127.1576, 35.63766], [127.14656, 35.63763]]]}, "properties": {"grid_id": "다마6838", "region_type_cd": "RURAL", "households": 3, "buildings": 3, "avg_score": 24.5, "risk_level_cd": "ok"}}, {"type": "Feature", "geometry": {"type": "Polygon", "coordinates": [[[127.14652, 35.64665], [127.14648, 35.65566], [127.15753, 35.65569], [127.15756, 35.64668], [127.14652, 35.64665]]]}, "properties": {"grid_id": "다마6839", "region_type_cd": "RURAL", "households": 5, "buildings": 1, "avg_score": 32.9, "risk_level_cd": "ok"}}, {"type": "Feature", "geometry": {"type": "Polygon", "coordinates": [[[127.14648, 35.65566], [127.14644, 35.66468], [127.15749, 35.66471], [127.15753, 35.65569], [127.14648, 35.65566]]]}, "properties": {"grid_id": "다마6840", "region_type_cd": "RURAL", "households": 20, "buildings": 23, "avg_score": 34.0, "risk_level_cd": "ok"}}, {"type": "Feature", "geometry": {"type": "Polygon", "coordinates": [[[127.14644, 35.66468], [127.1464, 35.67369], [127.15745, 35.67373], [127.15749, 35.66471], [127.14644, 35.66468]]]}, "properties": {"grid_id": "다마6841", "region_type_cd": "RURAL", "households": 10, "buildings": 32, "avg_score": 36.7, "risk_level_cd": "warn"}}, {"type": "Feature", "geometry": {"type": "Polygon", "coordinates": [[[127.1464, 35.67369], [127.14636, 35.68271], [127.15741, 35.68274], [127.15745, 35.67373], [127.1464, 35.67369]]]}, "properties": {"grid_id": "다마6842", "region_type_cd": "RURAL", "households": 4, "buildings": 16, "avg_score": 48.2, "risk_level_cd": "warn"}}, {"type": "Feature", "geometry": {"type": "Polygon", "coordinates": [[[127.14636, 35.68271], [127.14632, 35.69173], [127.15737, 35.69176], [127.15741, 35.68274], [127.14636, 35.68271]]]}, "properties": {"grid_id": "다마6843", "region_type_cd": "RURAL", "households": 4, "buildings": 14, "avg_score": 44.8, "risk_level_cd": "warn"}}, {"type": "Feature", "geometry": {"type": "Polygon", "coordinates": [[[127.14632, 35.69173], [127.14628, 35.70074], [127.15733, 35.70078], [127.15737, 35.69176], [127.14632, 35.69173]]]}, "properties": {"grid_id": "다마6844", "region_type_cd": "RURAL", "households": 7, "buildings": 8, "avg_score": 25.7, "risk_level_cd": "ok"}}, {"type": "Feature", "geometry": {"type": "Polygon", "coordinates": [[[127.14628, 35.70074], [127.14624, 35.70976], [127.1573, 35.70979], [127.15733, 35.70078], [127.14628, 35.70074]]]}, "properties": {"grid_id": "다마6845", "region_type_cd": "RURAL", "households": 8, "buildings": 41, "avg_score": 47.2, "risk_level_cd": "warn"}}, {"type": "Feature", "geometry": {"type": "Polygon", "coordinates": [[[127.14624, 35.70976], [127.1462, 35.71878], [127.15726, 35.71881], [127.1573, 35.70979], [127.14624, 35.70976]]]}, "properties": {"grid_id": "다마6846", "region_type_cd": "RURAL", "households": 2, "buildings": 2, "avg_score": 26.4, "risk_level_cd": "ok"}}, {"type": "Feature", "geometry": {"type": "Polygon", "coordinates": [[[127.15829, 35.47537], [127.15825, 35.48438], [127.16928, 35.48441], [127.16932, 35.4754], [127.15829, 35.47537]]]}, "properties": {"grid_id": "다마6920", "region_type_cd": "RURAL", "households": 5, "buildings": 9, "avg_score": 26.6, "risk_level_cd": "ok"}}, {"type": "Feature", "geometry": {"type": "Polygon", "coordinates": [[[127.15825, 35.48438], [127.15822, 35.4934], [127.16924, 35.49343], [127.16928, 35.48441], [127.15825, 35.48438]]]}, "properties": {"grid_id": "다마6921", "region_type_cd": "RURAL", "households": 12, "buildings": 15, "avg_score": 28.8, "risk_level_cd": "ok"}}, {"type": "Feature", "geometry": {"type": "Polygon", "coordinates": [[[127.15818, 35.50242], [127.15814, 35.51143], [127.16917, 35.51146], [127.1692, 35.50245], [127.15818, 35.50242]]]}, "properties": {"grid_id": "다마6923", "region_type_cd": "RURAL", "households": 4, "buildings": 3, "avg_score": 30.5, "risk_level_cd": "ok"}}, {"type": "Feature", "geometry": {"type": "Polygon", "coordinates": [[[127.15814, 35.51143], [127.1581, 35.52045], [127.16913, 35.52048], [127.16917, 35.51146], [127.15814, 35.51143]]]}, "properties": {"grid_id": "다마6924", "region_type_cd": "RURAL", "households": 9, "buildings": 15, "avg_score": 29.8, "risk_level_cd": "ok"}}, {"type": "Feature", "geometry": {"type": "Polygon", "coordinates": [[[127.1581, 35.52045], [127.15806, 35.52946], [127.16909, 35.5295], [127.16913, 35.52048], [127.1581, 35.52045]]]}, "properties": {"grid_id": "다마6925", "region_type_cd": "RURAL", "households": 33, "buildings": 30, "avg_score": 89.3, "risk_level_cd": "danger"}}, {"type": "Feature", "geometry": {"type": "Polygon", "coordinates": [[[127.15806, 35.52946], [127.15803, 35.53848], [127.16906, 35.53851], [127.16909, 35.5295], [127.15806, 35.52946]]]}, "properties": {"grid_id": "다마6926", "region_type_cd": "BUFFER", "households": 49, "buildings": 115, "avg_score": 67.3, "risk_level_cd": "warn"}}, {"type": "Feature", "geometry": {"type": "Polygon", "coordinates": [[[127.1578, 35.59258], [127.15776, 35.6016], [127.1688, 35.60163], [127.16883, 35.59261], [127.1578, 35.59258]]]}, "properties": {"grid_id": "다마6933", "region_type_cd": "RURAL", "households": 1, "buildings": 4, "avg_score": 31.6, "risk_level_cd": "ok"}}, {"type": "Feature", "geometry": {"type": "Polygon", "coordinates": [[[127.15768, 35.61963], [127.15764, 35.62865], [127.16869, 35.62868], [127.16872, 35.61966], [127.15768, 35.61963]]]}, "properties": {"grid_id": "다마6936", "region_type_cd": "RURAL", "households": 2, "buildings": 3, "avg_score": 41.7, "risk_level_cd": "warn"}}, {"type": "Feature", "geometry": {"type": "Polygon", "coordinates": [[[127.15764, 35.62865], [127.1576, 35.63766], [127.16865, 35.63769], [127.16869, 35.62868], [127.15764, 35.62865]]]}, "properties": {"grid_id": "다마6937", "region_type_cd": "RURAL", "households": 3, "buildings": 6, "avg_score": 30.0, "risk_level_cd": "ok"}}, {"type": "Feature", "geometry": {"type": "Polygon", "coordinates": [[[127.1576, 35.63766], [127.15756, 35.64668], [127.16861, 35.64671], [127.16865, 35.63769], [127.1576, 35.63766]]]}, "properties": {"grid_id": "다마6938", "region_type_cd": "RURAL", "households": 5, "buildings": 9, "avg_score": 34.2, "risk_level_cd": "ok"}}, {"type": "Feature", "geometry": {"type": "Polygon", "coordinates": [[[127.15756, 35.64668], [127.15753, 35.65569], [127.16857, 35.65573], [127.16861, 35.64671], [127.15756, 35.64668]]]}, "properties": {"grid_id": "다마6939", "region_type_cd": "RURAL", "households": 7, "buildings": 21, "avg_score": 29.7, "risk_level_cd": "ok"}}, {"type": "Feature", "geometry": {"type": "Polygon", "coordinates": [[[127.15753, 35.65569], [127.15749, 35.66471], [127.16854, 35.66474], [127.16857, 35.65573], [127.15753, 35.65569]]]}, "properties": {"grid_id": "다마6940", "region_type_cd": "RURAL", "households": 34, "buildings": 88, "avg_score": 24.4, "risk_level_cd": "ok"}}, {"type": "Feature", "geometry": {"type": "Polygon", "coordinates": [[[127.15749, 35.66471], [127.15745, 35.67373], [127.1685, 35.67376], [127.16854, 35.66474], [127.15749, 35.66471]]]}, "properties": {"grid_id": "다마6941", "region_type_cd": "RURAL", "households": 4, "buildings": 1, "avg_score": 23.7, "risk_level_cd": "ok"}}, {"type": "Feature", "geometry": {"type": "Polygon", "coordinates": [[[127.15745, 35.67373], [127.15741, 35.68274], [127.16846, 35.68277], [127.1685, 35.67376], [127.15745, 35.67373]]]}, "properties": {"grid_id": "다마6942", "region_type_cd": "RURAL", "households": 4, "buildings": 3, "avg_score": 30.8, "risk_level_cd": "ok"}}, {"type": "Feature", "geometry": {"type": "Polygon", "coordinates": [[[127.15741, 35.68274], [127.15737, 35.69176], [127.16842, 35.69179], [127.16846, 35.68277], [127.15741, 35.68274]]]}, "properties": {"grid_id": "다마6943", "region_type_cd": "RURAL", "households": 8, "buildings": 27, "avg_score": 45.0, "risk_level_cd": "warn"}}, {"type": "Feature", "geometry": {"type": "Polygon", "coordinates": [[[127.15737, 35.69176], [127.15733, 35.70078], [127.16839, 35.70081], [127.16842, 35.69179], [127.15737, 35.69176]]]}, "properties": {"grid_id": "다마6944", "region_type_cd": "RURAL", "households": 10, "buildings": 66, "avg_score": 41.3, "risk_level_cd": "warn"}}, {"type": "Feature", "geometry": {"type": "Polygon", "coordinates": [[[127.15733, 35.70078], [127.1573, 35.70979], [127.16835, 35.70982], [127.16839, 35.70081], [127.15733, 35.70078]]]}, "properties": {"grid_id": "다마6945", "region_type_cd": "RURAL", "households": 8, "buildings": 26, "avg_score": 42.8, "risk_level_cd": "warn"}}, {"type": "Feature", "geometry": {"type": "Polygon", "coordinates": [[[127.1573, 35.70979], [127.15726, 35.71881], [127.16831, 35.71884], [127.16835, 35.70982], [127.1573, 35.70979]]]}, "properties": {"grid_id": "다마6946", "region_type_cd": "RURAL", "households": 10, "buildings": 24, "avg_score": 37.3, "risk_level_cd": "warn"}}, {"type": "Feature", "geometry": {"type": "Polygon", "coordinates": [[[127.16935, 35.46638], [127.16932, 35.4754], [127.18034, 35.47543], [127.18037, 35.46641], [127.16935, 35.46638]]]}, "properties": {"grid_id": "다마7019", "region_type_cd": "RURAL", "households": 5, "buildings": 1, "avg_score": 19.6, "risk_level_cd": "ok"}}, {"type": "Feature", "geometry": {"type": "Polygon", "coordinates": [[[127.16932, 35.4754], [127.16928, 35.48441], [127.1803, 35.48444], [127.18034, 35.47543], [127.16932, 35.4754]]]}, "properties": {"grid_id": "다마7020", "region_type_cd": "RURAL", "households": 7, "buildings": 31, "avg_score": 27.9, "risk_level_cd": "ok"}}, {"type": "Feature", "geometry": {"type": "Polygon", "coordinates": [[[127.16917, 35.51146], [127.16913, 35.52048], [127.18016, 35.52051], [127.1802, 35.51149], [127.16917, 35.51146]]]}, "properties": {"grid_id": "다마7024", "region_type_cd": "RURAL", "households": 10, "buildings": 10, "avg_score": 30.2, "risk_level_cd": "ok"}}, {"type": "Feature", "geometry": {"type": "Polygon", "coordinates": [[[127.16913, 35.52048], [127.16909, 35.5295], [127.18012, 35.52953], [127.18016, 35.52051], [127.16913, 35.52048]]]}, "properties": {"grid_id": "다마7025", "region_type_cd": "RURAL", "households": 12, "buildings": 5, "avg_score": 63.1, "risk_level_cd": "warn"}}, {"type": "Feature", "geometry": {"type": "Polygon", "coordinates": [[[127.16909, 35.5295], [127.16906, 35.53851], [127.18009, 35.53854], [127.18012, 35.52953], [127.16909, 35.5295]]]}, "properties": {"grid_id": "다마7026", "region_type_cd": "RURAL", "households": 5, "buildings": 12, "avg_score": 33.6, "risk_level_cd": "ok"}}, {"type": "Feature", "geometry": {"type": "Polygon", "coordinates": [[[127.16906, 35.53851], [127.16902, 35.54753], [127.18005, 35.54756], [127.18009, 35.53854], [127.16906, 35.53851]]]}, "properties": {"grid_id": "다마7027", "region_type_cd": "RURAL", "households": 17, "buildings": 29, "avg_score": 29.4, "risk_level_cd": "ok"}}, {"type": "Feature", "geometry": {"type": "Polygon", "coordinates": [[[127.16902, 35.54753], [127.16898, 35.55654], [127.18002, 35.55657], [127.18005, 35.54756], [127.16902, 35.54753]]]}, "properties": {"grid_id": "다마7028", "region_type_cd": "RURAL", "households": 0, "buildings": 1, "avg_score": 25.8, "risk_level_cd": "ok"}}, {"type": "Feature", "geometry": {"type": "Polygon", "coordinates": [[[127.16898, 35.55654], [127.16895, 35.56556], [127.17998, 35.56559], [127.18002, 35.55657], [127.16898, 35.55654]]]}, "properties": {"grid_id": "다마7029", "region_type_cd": "RURAL", "households": 5, "buildings": 10, "avg_score": 32.8, "risk_level_cd": "ok"}}, {"type": "Feature", "geometry": {"type": "Polygon", "coordinates": [[[127.16895, 35.56556], [127.16891, 35.57458], [127.17994, 35.57461], [127.17998, 35.56559], [127.16895, 35.56556]]]}, "properties": {"grid_id": "다마7030", "region_type_cd": "URBAN", "households": 1, "buildings": 1, "avg_score": 18.5, "risk_level_cd": "ok"}}, {"type": "Feature", "geometry": {"type": "Polygon", "coordinates": [[[127.16891, 35.57458], [127.16887, 35.58359], [127.17991, 35.58362], [127.17994, 35.57461], [127.16891, 35.57458]]]}, "properties": {"grid_id": "다마7031", "region_type_cd": "RURAL", "households": 4, "buildings": 9, "avg_score": 26.4, "risk_level_cd": "ok"}}, {"type": "Feature", "geometry": {"type": "Polygon", "coordinates": [[[127.16887, 35.58359], [127.16883, 35.59261], [127.17987, 35.59264], [127.17991, 35.58362], [127.16887, 35.58359]]]}, "properties": {"grid_id": "다마7032", "region_type_cd": "RURAL", "households": 4, "buildings": 15, "avg_score": 31.6, "risk_level_cd": "ok"}}, {"type": "Feature", "geometry": {"type": "Polygon", "coordinates": [[[127.1688, 35.60163], [127.16876, 35.61064], [127.1798, 35.61067], [127.17984, 35.60166], [127.1688, 35.60163]]]}, "properties": {"grid_id": "다마7034", "region_type_cd": "RURAL", "households": 16, "buildings": 40, "avg_score": 35.6, "risk_level_cd": "warn"}}, {"type": "Feature", "geometry": {"type": "Polygon", "coordinates": [[[127.16865, 35.63769], [127.16861, 35.64671], [127.17966, 35.64674], [127.17969, 35.63772], [127.16865, 35.63769]]]}, "properties": {"grid_id": "다마7038", "region_type_cd": "RURAL", "households": 4, "buildings": 1, "avg_score": 34.1, "risk_level_cd": "ok"}}, {"type": "Feature", "geometry": {"type": "Polygon", "coordinates": [[[127.16861, 35.64671], [127.16857, 35.65573], [127.17962, 35.65576], [127.17966, 35.64674], [127.16861, 35.64671]]]}, "properties": {"grid_id": "다마7039", "region_type_cd": "RURAL", "households": 3, "buildings": 3, "avg_score": 30.7, "risk_level_cd": "ok"}}, {"type": "Feature", "geometry": {"type": "Polygon", "coordinates": [[[127.16854, 35.66474], [127.1685, 35.67376], [127.17955, 35.67379], [127.17959, 35.66477], [127.16854, 35.66474]]]}, "properties": {"grid_id": "다마7041", "region_type_cd": "RURAL", "households": 2, "buildings": 1, "avg_score": 25.5, "risk_level_cd": "ok"}}, {"type": "Feature", "geometry": {"type": "Polygon", "coordinates": [[[127.1685, 35.67376], [127.16846, 35.68277], [127.17951, 35.6828], [127.17955, 35.67379], [127.1685, 35.67376]]]}, "properties": {"grid_id": "다마7042", "region_type_cd": "RURAL", "households": 2, "buildings": 2, "avg_score": 26.2, "risk_level_cd": "ok"}}, {"type": "Feature", "geometry": {"type": "Polygon", "coordinates": [[[127.16846, 35.68277], [127.16842, 35.69179], [127.17948, 35.69182], [127.17951, 35.6828], [127.16846, 35.68277]]]}, "properties": {"grid_id": "다마7043", "region_type_cd": "RURAL", "households": 12, "buildings": 41, "avg_score": 39.4, "risk_level_cd": "warn"}}, {"type": "Feature", "geometry": {"type": "Polygon", "coordinates": [[[127.16842, 35.69179], [127.16839, 35.70081], [127.17944, 35.70084], [127.17948, 35.69182], [127.16842, 35.69179]]]}, "properties": {"grid_id": "다마7044", "region_type_cd": "RURAL", "households": 0, "buildings": 1, "avg_score": 21.9, "risk_level_cd": "ok"}}, {"type": "Feature", "geometry": {"type": "Polygon", "coordinates": [[[127.16835, 35.70982], [127.16831, 35.71884], [127.17937, 35.71887], [127.1794, 35.70985], [127.16835, 35.70982]]]}, "properties": {"grid_id": "다마7046", "region_type_cd": "RURAL", "households": 10, "buildings": 43, "avg_score": 38.0, "risk_level_cd": "warn"}}, {"type": "Feature", "geometry": {"type": "Polygon", "coordinates": [[[127.16831, 35.71884], [127.16828, 35.72786], [127.17933, 35.72789], [127.17937, 35.71887], [127.16831, 35.71884]]]}, "properties": {"grid_id": "다마7047", "region_type_cd": "RURAL", "households": 1, "buildings": 1, "avg_score": 28.5, "risk_level_cd": "ok"}}, {"type": "Feature", "geometry": {"type": "Polygon", "coordinates": [[[127.18034, 35.47543], [127.1803, 35.48444], [127.19133, 35.48447], [127.19136, 35.47545], [127.18034, 35.47543]]]}, "properties": {"grid_id": "다마7120", "region_type_cd": "RURAL", "households": 7, "buildings": 16, "avg_score": 22.5, "risk_level_cd": "ok"}}, {"type": "Feature", "geometry": {"type": "Polygon", "coordinates": [[[127.1803, 35.48444], [127.18027, 35.49346], [127.19129, 35.49349], [127.19133, 35.48447], [127.1803, 35.48444]]]}, "properties": {"grid_id": "다마7121", "region_type_cd": "RURAL", "households": 7, "buildings": 16, "avg_score": 28.1, "risk_level_cd": "ok"}}, {"type": "Feature", "geometry": {"type": "Polygon", "coordinates": [[[127.18027, 35.49346], [127.18023, 35.50248], [127.19126, 35.5025], [127.19129, 35.49349], [127.18027, 35.49346]]]}, "properties": {"grid_id": "다마7122", "region_type_cd": "RURAL", "households": 5, "buildings": 8, "avg_score": 25.8, "risk_level_cd": "ok"}}, {"type": "Feature", "geometry": {"type": "Polygon", "coordinates": [[[127.18023, 35.50248], [127.1802, 35.51149], [127.19122, 35.51152], [127.19126, 35.5025], [127.18023, 35.50248]]]}, "properties": {"grid_id": "다마7123", "region_type_cd": "RURAL", "households": 9, "buildings": 6, "avg_score": 30.5, "risk_level_cd": "ok"}}, {"type": "Feature", "geometry": {"type": "Polygon", "coordinates": [[[127.1802, 35.51149], [127.18016, 35.52051], [127.19119, 35.52054], [127.19122, 35.51152], [127.1802, 35.51149]]]}, "properties": {"grid_id": "다마7124", "region_type_cd": "RURAL", "households": 21, "buildings": 46, "avg_score": 30.5, "risk_level_cd": "ok"}}, {"type": "Feature", "geometry": {"type": "Polygon", "coordinates": [[[127.18016, 35.52051], [127.18012, 35.52953], [127.19115, 35.52955], [127.19119, 35.52054], [127.18016, 35.52051]]]}, "properties": {"grid_id": "다마7125", "region_type_cd": "RURAL", "households": 13, "buildings": 15, "avg_score": 36.9, "risk_level_cd": "warn"}}, {"type": "Feature", "geometry": {"type": "Polygon", "coordinates": [[[127.18009, 35.53854], [127.18005, 35.54756], [127.19108, 35.54759], [127.19112, 35.53857], [127.18009, 35.53854]]]}, "properties": {"grid_id": "다마7127", "region_type_cd": "RURAL", "households": 6, "buildings": 5, "avg_score": 37.8, "risk_level_cd": "warn"}}, {"type": "Feature", "geometry": {"type": "Polygon", "coordinates": [[[127.18005, 35.54756], [127.18002, 35.55657], [127.19105, 35.5566], [127.19108, 35.54759], [127.18005, 35.54756]]]}, "properties": {"grid_id": "다마7128", "region_type_cd": "RURAL", "households": 6, "buildings": 15, "avg_score": 40.1, "risk_level_cd": "warn"}}, {"type": "Feature", "geometry": {"type": "Polygon", "coordinates": [[[127.18002, 35.55657], [127.17998, 35.56559], [127.19102, 35.56562], [127.19105, 35.5566], [127.18002, 35.55657]]]}, "properties": {"grid_id": "다마7129", "region_type_cd": "RURAL", "households": 4, "buildings": 8, "avg_score": 36.0, "risk_level_cd": "warn"}}, {"type": "Feature", "geometry": {"type": "Polygon", "coordinates": [[[127.17998, 35.56559], [127.17994, 35.57461], [127.19098, 35.57464], [127.19102, 35.56562], [127.17998, 35.56559]]]}, "properties": {"grid_id": "다마7130", "region_type_cd": "RURAL", "households": 1, "buildings": 2, "avg_score": 52.9, "risk_level_cd": "warn"}}, {"type": "Feature", "geometry": {"type": "Polygon", "coordinates": [[[127.17991, 35.58362], [127.17987, 35.59264], [127.19091, 35.59267], [127.19095, 35.58365], [127.17991, 35.58362]]]}, "properties": {"grid_id": "다마7132", "region_type_cd": "RURAL", "households": 0, "buildings": 1, "avg_score": 22.8, "risk_level_cd": "ok"}}, {"type": "Feature", "geometry": {"type": "Polygon", "coordinates": [[[127.17984, 35.60166], [127.1798, 35.61067], [127.19084, 35.6107], [127.19088, 35.60169], [127.17984, 35.60166]]]}, "properties": {"grid_id": "다마7134", "region_type_cd": "RURAL", "households": 8, "buildings": 6, "avg_score": 25.9, "risk_level_cd": "ok"}}, {"type": "Feature", "geometry": {"type": "Polygon", "coordinates": [[[127.1798, 35.61067], [127.17977, 35.61969], [127.19081, 35.61972], [127.19084, 35.6107], [127.1798, 35.61067]]]}, "properties": {"grid_id": "다마7135", "region_type_cd": "RURAL", "households": 3, "buildings": 1, "avg_score": 24.0, "risk_level_cd": "ok"}}, {"type": "Feature", "geometry": {"type": "Polygon", "coordinates": [[[127.17977, 35.61969], [127.17973, 35.62871], [127.19077, 35.62873], [127.19081, 35.61972], [127.17977, 35.61969]]]}, "properties": {"grid_id": "다마7136", "region_type_cd": "RURAL", "households": 4, "buildings": 13, "avg_score": 27.0, "risk_level_cd": "ok"}}, {"type": "Feature", "geometry": {"type": "Polygon", "coordinates": [[[127.17973, 35.62871], [127.17969, 35.63772], [127.19074, 35.63775], [127.19077, 35.62873], [127.17973, 35.62871]]]}, "properties": {"grid_id": "다마7137", "region_type_cd": "URBAN", "households": 2, "buildings": 1, "avg_score": 24.2, "risk_level_cd": "ok"}}, {"type": "Feature", "geometry": {"type": "Polygon", "coordinates": [[[127.17966, 35.64674], [127.17962, 35.65576], [127.19067, 35.65578], [127.1907, 35.64677], [127.17966, 35.64674]]]}, "properties": {"grid_id": "다마7139", "region_type_cd": "RURAL", "households": 2, "buildings": 7, "avg_score": 35.9, "risk_level_cd": "warn"}}, {"type": "Feature", "geometry": {"type": "Polygon", "coordinates": [[[127.17962, 35.65576], [127.17959, 35.66477], [127.19063, 35.6648], [127.19067, 35.65578], [127.17962, 35.65576]]]}, "properties": {"grid_id": "다마7140", "region_type_cd": "RURAL", "households": 3, "buildings": 5, "avg_score": 46.2, "risk_level_cd": "warn"}}, {"type": "Feature", "geometry": {"type": "Polygon", "coordinates": [[[127.17959, 35.66477], [127.17955, 35.67379], [127.1906, 35.67382], [127.19063, 35.6648], [127.17959, 35.66477]]]}, "properties": {"grid_id": "다마7141", "region_type_cd": "RURAL", "households": 4, "buildings": 14, "avg_score": 53.9, "risk_level_cd": "warn"}}, {"type": "Feature", "geometry": {"type": "Polygon", "coordinates": [[[127.17955, 35.67379], [127.17951, 35.6828], [127.19056, 35.68283], [127.1906, 35.67382], [127.17955, 35.67379]]]}, "properties": {"grid_id": "다마7142", "region_type_cd": "RURAL", "households": 7, "buildings": 5, "avg_score": 34.8, "risk_level_cd": "ok"}}, {"type": "Feature", "geometry": {"type": "Polygon", "coordinates": [[[127.17951, 35.6828], [127.17948, 35.69182], [127.19053, 35.69185], [127.19056, 35.68283], [127.17951, 35.6828]]]}, "properties": {"grid_id": "다마7143", "region_type_cd": "RURAL", "households": 12, "buildings": 39, "avg_score": 43.6, "risk_level_cd": "warn"}}, {"type": "Feature", "geometry": {"type": "Polygon", "coordinates": [[[127.17944, 35.70084], [127.1794, 35.70985], [127.19046, 35.70988], [127.19049, 35.70087], [127.17944, 35.70084]]]}, "properties": {"grid_id": "다마7145", "region_type_cd": "RURAL", "households": 4, "buildings": 4, "avg_score": 22.6, "risk_level_cd": "ok"}}, {"type": "Feature", "geometry": {"type": "Polygon", "coordinates": [[[127.1794, 35.70985], [127.17937, 35.71887], [127.19042, 35.7189], [127.19046, 35.70988], [127.1794, 35.70985]]]}, "properties": {"grid_id": "다마7146", "region_type_cd": "RURAL", "households": 7, "buildings": 29, "avg_score": 44.6, "risk_level_cd": "warn"}}, {"type": "Feature", "geometry": {"type": "Polygon", "coordinates": [[[127.17937, 35.71887], [127.17933, 35.72789], [127.19039, 35.72791], [127.19042, 35.7189], [127.17937, 35.71887]]]}, "properties": {"grid_id": "다마7147", "region_type_cd": "RURAL", "households": 5, "buildings": 9, "avg_score": 42.9, "risk_level_cd": "warn"}}, {"type": "Feature", "geometry": {"type": "Polygon", "coordinates": [[[127.19133, 35.48447], [127.19129, 35.49349], [127.20232, 35.49352], [127.20235, 35.4845], [127.19133, 35.48447]]]}, "properties": {"grid_id": "다마7221", "region_type_cd": "RURAL", "households": 11, "buildings": 17, "avg_score": 28.9, "risk_level_cd": "ok"}}, {"type": "Feature", "geometry": {"type": "Polygon", "coordinates": [[[127.19129, 35.49349], [127.19126, 35.5025], [127.20228, 35.50253], [127.20232, 35.49352], [127.19129, 35.49349]]]}, "properties": {"grid_id": "다마7222", "region_type_cd": "RURAL", "households": 7, "buildings": 11, "avg_score": 29.5, "risk_level_cd": "ok"}}, {"type": "Feature", "geometry": {"type": "Polygon", "coordinates": [[[127.19126, 35.5025], [127.19122, 35.51152], [127.20225, 35.51155], [127.20228, 35.50253], [127.19126, 35.5025]]]}, "properties": {"grid_id": "다마7223", "region_type_cd": "RURAL", "households": 4, "buildings": 4, "avg_score": 29.5, "risk_level_cd": "ok"}}, {"type": "Feature", "geometry": {"type": "Polygon", "coordinates": [[[127.19122, 35.51152], [127.19119, 35.52054], [127.20222, 35.52057], [127.20225, 35.51155], [127.19122, 35.51152]]]}, "properties": {"grid_id": "다마7224", "region_type_cd": "URBAN", "households": 0, "buildings": 1, "avg_score": 45.9, "risk_level_cd": "warn"}}, {"type": "Feature", "geometry": {"type": "Polygon", "coordinates": [[[127.19119, 35.52054], [127.19115, 35.52955], [127.20218, 35.52958], [127.20222, 35.52057], [127.19119, 35.52054]]]}, "properties": {"grid_id": "다마7225", "region_type_cd": "RURAL", "households": 6, "buildings": 15, "avg_score": 34.9, "risk_level_cd": "ok"}}, {"type": "Feature", "geometry": {"type": "Polygon", "coordinates": [[[127.19115, 35.52955], [127.19112, 35.53857], [127.20215, 35.5386], [127.20218, 35.52958], [127.19115, 35.52955]]]}, "properties": {"grid_id": "다마7226", "region_type_cd": "RURAL", "households": 0, "buildings": 1, "avg_score": 25.7, "risk_level_cd": "ok"}}, {"type": "Feature", "geometry": {"type": "Polygon", "coordinates": [[[127.19112, 35.53857], [127.19108, 35.54759], [127.20212, 35.54761], [127.20215, 35.5386], [127.19112, 35.53857]]]}, "properties": {"grid_id": "다마7227", "region_type_cd": "RURAL", "households": 8, "buildings": 12, "avg_score": 25.0, "risk_level_cd": "ok"}}, {"type": "Feature", "geometry": {"type": "Polygon", "coordinates": [[[127.19108, 35.54759], [127.19105, 35.5566], [127.20208, 35.55663], [127.20212, 35.54761], [127.19108, 35.54759]]]}, "properties": {"grid_id": "다마7228", "region_type_cd": "RURAL", "households": 3, "buildings": 1, "avg_score": 25.4, "risk_level_cd": "ok"}}, {"type": "Feature", "geometry": {"type": "Polygon", "coordinates": [[[127.19105, 35.5566], [127.19102, 35.56562], [127.20205, 35.56565], [127.20208, 35.55663], [127.19105, 35.5566]]]}, "properties": {"grid_id": "다마7229", "region_type_cd": "RURAL", "households": 32, "buildings": 32, "avg_score": 30.5, "risk_level_cd": "ok"}}, {"type": "Feature", "geometry": {"type": "Polygon", "coordinates": [[[127.19102, 35.56562], [127.19098, 35.57464], [127.20202, 35.57466], [127.20205, 35.56565], [127.19102, 35.56562]]]}, "properties": {"grid_id": "다마7230", "region_type_cd": "RURAL", "households": 49, "buildings": 107, "avg_score": 26.8, "risk_level_cd": "ok"}}, {"type": "Feature", "geometry": {"type": "Polygon", "coordinates": [[[127.19098, 35.57464], [127.19095, 35.58365], [127.20198, 35.58368], [127.20202, 35.57466], [127.19098, 35.57464]]]}, "properties": {"grid_id": "다마7231", "region_type_cd": "RURAL", "households": 27, "buildings": 11, "avg_score": 23.1, "risk_level_cd": "ok"}}, {"type": "Feature", "geometry": {"type": "Polygon", "coordinates": [[[127.19095, 35.58365], [127.19091, 35.59267], [127.20195, 35.5927], [127.20198, 35.58368], [127.19095, 35.58365]]]}, "properties": {"grid_id": "다마7232", "region_type_cd": "RURAL", "households": 5, "buildings": 2, "avg_score": 21.9, "risk_level_cd": "ok"}}, {"type": "Feature", "geometry": {"type": "Polygon", "coordinates": [[[127.19088, 35.60169], [127.19084, 35.6107], [127.20188, 35.61073], [127.20192, 35.60171], [127.19088, 35.60169]]]}, "properties": {"grid_id": "다마7234", "region_type_cd": "RURAL", "households": 12, "buildings": 15, "avg_score": 25.9, "risk_level_cd": "ok"}}, {"type": "Feature", "geometry": {"type": "Polygon", "coordinates": [[[127.19084, 35.6107], [127.19081, 35.61972], [127.20185, 35.61975], [127.20188, 35.61073], [127.19084, 35.6107]]]}, "properties": {"grid_id": "다마7235", "region_type_cd": "RURAL", "households": 18, "buildings": 26, "avg_score": 25.8, "risk_level_cd": "ok"}}, {"type": "Feature", "geometry": {"type": "Polygon", "coordinates": [[[127.19081, 35.61972], [127.19077, 35.62873], [127.20182, 35.62876], [127.20185, 35.61975], [127.19081, 35.61972]]]}, "properties": {"grid_id": "다마7236", "region_type_cd": "RURAL", "households": 2, "buildings": 4, "avg_score": 26.8, "risk_level_cd": "ok"}}, {"type": "Feature", "geometry": {"type": "Polygon", "coordinates": [[[127.19074, 35.63775], [127.1907, 35.64677], [127.20175, 35.6468], [127.20178, 35.63778], [127.19074, 35.63775]]]}, "properties": {"grid_id": "다마7238", "region_type_cd": "RURAL", "households": 6, "buildings": 9, "avg_score": 37.3, "risk_level_cd": "warn"}}, {"type": "Feature", "geometry": {"type": "Polygon", "coordinates": [[[127.19067, 35.65578], [127.19063, 35.6648], [127.20168, 35.66483], [127.20172, 35.65581], [127.19067, 35.65578]]]}, "properties": {"grid_id": "다마7240", "region_type_cd": "URBAN", "households": 0, "buildings": 1, "avg_score": 44.2, "risk_level_cd": "warn"}}, {"type": "Feature", "geometry": {"type": "Polygon", "coordinates": [[[127.20235, 35.4845], [127.20232, 35.49352], [127.21334, 35.49354], [127.21337, 35.48453], [127.20235, 35.4845]]]}, "properties": {"grid_id": "다마7321", "region_type_cd": "RURAL", "households": 3, "buildings": 12, "avg_score": 37.3, "risk_level_cd": "warn"}}, {"type": "Feature", "geometry": {"type": "Polygon", "coordinates": [[[127.20222, 35.52057], [127.20218, 35.52958], [127.21321, 35.52961], [127.21325, 35.52059], [127.20222, 35.52057]]]}, "properties": {"grid_id": "다마7325", "region_type_cd": "RURAL", "households": 4, "buildings": 8, "avg_score": 30.5, "risk_level_cd": "ok"}}, {"type": "Feature", "geometry": {"type": "Polygon", "coordinates": [[[127.20218, 35.52958], [127.20215, 35.5386], [127.21318, 35.53863], [127.21321, 35.52961], [127.20218, 35.52958]]]}, "properties": {"grid_id": "다마7326", "region_type_cd": "RURAL", "households": 1, "buildings": 1, "avg_score": 25.5, "risk_level_cd": "ok"}}, {"type": "Feature", "geometry": {"type": "Polygon", "coordinates": [[[127.20215, 35.5386], [127.20212, 35.54761], [127.21315, 35.54764], [127.21318, 35.53863], [127.20215, 35.5386]]]}, "properties": {"grid_id": "다마7327", "region_type_cd": "RURAL", "households": 8, "buildings": 14, "avg_score": 31.2, "risk_level_cd": "ok"}}, {"type": "Feature", "geometry": {"type": "Polygon", "coordinates": [[[127.20212, 35.54761], [127.20208, 35.55663], [127.21312, 35.55666], [127.21315, 35.54764], [127.20212, 35.54761]]]}, "properties": {"grid_id": "다마7328", "region_type_cd": "RURAL", "households": 10, "buildings": 10, "avg_score": 32.8, "risk_level_cd": "ok"}}, {"type": "Feature", "geometry": {"type": "Polygon", "coordinates": [[[127.20208, 35.55663], [127.20205, 35.56565], [127.21309, 35.56567], [127.21312, 35.55666], [127.20208, 35.55663]]]}, "properties": {"grid_id": "다마7329", "region_type_cd": "RURAL", "households": 24, "buildings": 35, "avg_score": 25.8, "risk_level_cd": "ok"}}, {"type": "Feature", "geometry": {"type": "Polygon", "coordinates": [[[127.20205, 35.56565], [127.20202, 35.57466], [127.21305, 35.57469], [127.21309, 35.56567], [127.20205, 35.56565]]]}, "properties": {"grid_id": "다마7330", "region_type_cd": "RURAL", "households": 39, "buildings": 47, "avg_score": 25.8, "risk_level_cd": "ok"}}, {"type": "Feature", "geometry": {"type": "Polygon", "coordinates": [[[127.20202, 35.57466], [127.20198, 35.58368], [127.21302, 35.58371], [127.21305, 35.57469], [127.20202, 35.57466]]]}, "properties": {"grid_id": "다마7331", "region_type_cd": "RURAL", "households": 22, "buildings": 5, "avg_score": 15.9, "risk_level_cd": "ok"}}, {"type": "Feature", "geometry": {"type": "Polygon", "coordinates": [[[127.20198, 35.58368], [127.20195, 35.5927], [127.21299, 35.59272], [127.21302, 35.58371], [127.20198, 35.58368]]]}, "properties": {"grid_id": "다마7332", "region_type_cd": "RURAL", "households": 15, "buildings": 30, "avg_score": 26.9, "risk_level_cd": "ok"}}, {"type": "Feature", "geometry": {"type": "Polygon", "coordinates": [[[127.20188, 35.61073], [127.20185, 35.61975], [127.21289, 35.61977], [127.21292, 35.61076], [127.20188, 35.61073]]]}, "properties": {"grid_id": "다마7335", "region_type_cd": "RURAL", "households": 1, "buildings": 1, "avg_score": 26.9, "risk_level_cd": "ok"}}, {"type": "Feature", "geometry": {"type": "Polygon", "coordinates": [[[127.20185, 35.61975], [127.20182, 35.62876], [127.21286, 35.62879], [127.21289, 35.61977], [127.20185, 35.61975]]]}, "properties": {"grid_id": "다마7336", "region_type_cd": "RURAL", "households": 3, "buildings": 3, "avg_score": 25.7, "risk_level_cd": "ok"}}, {"type": "Feature", "geometry": {"type": "Polygon", "coordinates": [[[127.20182, 35.62876], [127.20178, 35.63778], [127.21283, 35.63781], [127.21286, 35.62879], [127.20182, 35.62876]]]}, "properties": {"grid_id": "다마7337", "region_type_cd": "RURAL", "households": 11, "buildings": 28, "avg_score": 31.8, "risk_level_cd": "ok"}}, {"type": "Feature", "geometry": {"type": "Polygon", "coordinates": [[[127.20178, 35.63778], [127.20175, 35.6468], [127.2128, 35.64682], [127.21283, 35.63781], [127.20178, 35.63778]]]}, "properties": {"grid_id": "다마7338", "region_type_cd": "RURAL", "households": 3, "buildings": 2, "avg_score": 39.3, "risk_level_cd": "warn"}}, {"type": "Feature", "geometry": {"type": "Polygon", "coordinates": [[[127.20172, 35.65581], [127.20168, 35.66483], [127.21273, 35.66486], [127.21276, 35.65584], [127.20172, 35.65581]]]}, "properties": {"grid_id": "다마7340", "region_type_cd": "RURAL", "households": 4, "buildings": 1, "avg_score": 26.7, "risk_level_cd": "ok"}}, {"type": "Feature", "geometry": {"type": "Polygon", "coordinates": [[[127.20168, 35.66483], [127.20165, 35.67384], [127.2127, 35.67387], [127.21273, 35.66486], [127.20168, 35.66483]]]}, "properties": {"grid_id": "다마7341", "region_type_cd": "RURAL", "households": 17, "buildings": 56, "avg_score": 47.3, "risk_level_cd": "warn"}}, {"type": "Feature", "geometry": {"type": "Polygon", "coordinates": [[[127.20162, 35.68286], [127.20158, 35.69188], [127.21263, 35.6919], [127.21267, 35.68289], [127.20162, 35.68286]]]}, "properties": {"grid_id": "다마7343", "region_type_cd": "RURAL", "households": 6, "buildings": 1, "avg_score": 32.0, "risk_level_cd": "ok"}}, {"type": "Feature", "geometry": {"type": "Polygon", "coordinates": [[[127.20158, 35.69188], [127.20155, 35.70089], [127.2126, 35.70092], [127.21263, 35.6919], [127.20158, 35.69188]]]}, "properties": {"grid_id": "다마7344", "region_type_cd": "RURAL", "households": 10, "buildings": 56, "avg_score": 47.8, "risk_level_cd": "warn"}}, {"type": "Feature", "geometry": {"type": "Polygon", "coordinates": [[[127.21337, 35.48453], [127.21334, 35.49354], [127.22437, 35.49357], [127.2244, 35.48455], [127.21337, 35.48453]]]}, "properties": {"grid_id": "다마7421", "region_type_cd": "RURAL", "households": 4, "buildings": 6, "avg_score": 32.5, "risk_level_cd": "ok"}}, {"type": "Feature", "geometry": {"type": "Polygon", "coordinates": [[[127.21334, 35.49354], [127.21331, 35.50256], [127.22434, 35.50258], [127.22437, 35.49357], [127.21334, 35.49354]]]}, "properties": {"grid_id": "다마7422", "region_type_cd": "RURAL", "households": 7, "buildings": 11, "avg_score": 36.4, "risk_level_cd": "warn"}}, {"type": "Feature", "geometry": {"type": "Polygon", "coordinates": [[[127.21331, 35.50256], [127.21328, 35.51158], [127.22431, 35.5116], [127.22434, 35.50258], [127.21331, 35.50256]]]}, "properties": {"grid_id": "다마7423", "region_type_cd": "RURAL", "households": 1, "buildings": 1, "avg_score": 33.8, "risk_level_cd": "ok"}}, {"type": "Feature", "geometry": {"type": "Polygon", "coordinates": [[[127.21325, 35.52059], [127.21321, 35.52961], [127.22424, 35.52963], [127.22427, 35.52062], [127.21325, 35.52059]]]}, "properties": {"grid_id": "다마7425", "region_type_cd": "RURAL", "households": 2, "buildings": 2, "avg_score": 25.4, "risk_level_cd": "ok"}}, {"type": "Feature", "geometry": {"type": "Polygon", "coordinates": [[[127.21321, 35.52961], [127.21318, 35.53863], [127.22421, 35.53865], [127.22424, 35.52963], [127.21321, 35.52961]]]}, "properties": {"grid_id": "다마7426", "region_type_cd": "RURAL", "households": 2, "buildings": 7, "avg_score": 28.9, "risk_level_cd": "ok"}}, {"type": "Feature", "geometry": {"type": "Polygon", "coordinates": [[[127.21312, 35.55666], [127.21309, 35.56567], [127.22412, 35.5657], [127.22415, 35.55668], [127.21312, 35.55666]]]}, "properties": {"grid_id": "다마7429", "region_type_cd": "RURAL", "households": 17, "buildings": 31, "avg_score": 28.1, "risk_level_cd": "ok"}}, {"type": "Feature", "geometry": {"type": "Polygon", "coordinates": [[[127.21309, 35.56567], [127.21305, 35.57469], [127.22409, 35.57472], [127.22412, 35.5657], [127.21309, 35.56567]]]}, "properties": {"grid_id": "다마7430", "region_type_cd": "RURAL", "households": 11, "buildings": 17, "avg_score": 29.2, "risk_level_cd": "ok"}}, {"type": "Feature", "geometry": {"type": "Polygon", "coordinates": [[[127.21305, 35.57469], [127.21302, 35.58371], [127.22406, 35.58373], [127.22409, 35.57472], [127.21305, 35.57469]]]}, "properties": {"grid_id": "다마7431", "region_type_cd": "RURAL", "households": 7, "buildings": 14, "avg_score": 25.8, "risk_level_cd": "ok"}}, {"type": "Feature", "geometry": {"type": "Polygon", "coordinates": [[[127.21302, 35.58371], [127.21299, 35.59272], [127.22403, 35.59275], [127.22406, 35.58373], [127.21302, 35.58371]]]}, "properties": {"grid_id": "다마7432", "region_type_cd": "RURAL", "households": 10, "buildings": 23, "avg_score": 28.2, "risk_level_cd": "ok"}}, {"type": "Feature", "geometry": {"type": "Polygon", "coordinates": [[[127.21299, 35.59272], [127.21296, 35.60174], [127.224, 35.60177], [127.22403, 35.59275], [127.21299, 35.59272]]]}, "properties": {"grid_id": "다마7433", "region_type_cd": "RURAL", "households": 4, "buildings": 1, "avg_score": 22.0, "risk_level_cd": "ok"}}, {"type": "Feature", "geometry": {"type": "Polygon", "coordinates": [[[127.21292, 35.61076], [127.21289, 35.61977], [127.22393, 35.6198], [127.22397, 35.61078], [127.21292, 35.61076]]]}, "properties": {"grid_id": "다마7435", "region_type_cd": "RURAL", "households": 3, "buildings": 5, "avg_score": 27.1, "risk_level_cd": "ok"}}, {"type": "Feature", "geometry": {"type": "Polygon", "coordinates": [[[127.21289, 35.61977], [127.21286, 35.62879], [127.2239, 35.62882], [127.22393, 35.6198], [127.21289, 35.61977]]]}, "properties": {"grid_id": "다마7436", "region_type_cd": "RURAL", "households": 7, "buildings": 2, "avg_score": 32.0, "risk_level_cd": "ok"}}, {"type": "Feature", "geometry": {"type": "Polygon", "coordinates": [[[127.21286, 35.62879], [127.21283, 35.63781], [127.22387, 35.63783], [127.2239, 35.62882], [127.21286, 35.62879]]]}, "properties": {"grid_id": "다마7437", "region_type_cd": "RURAL", "households": 12, "buildings": 31, "avg_score": 37.2, "risk_level_cd": "warn"}}, {"type": "Feature", "geometry": {"type": "Polygon", "coordinates": [[[127.21283, 35.63781], [127.2128, 35.64682], [127.22384, 35.64685], [127.22387, 35.63783], [127.21283, 35.63781]]]}, "properties": {"grid_id": "다마7438", "region_type_cd": "RURAL", "households": 17, "buildings": 1, "avg_score": 53.6, "risk_level_cd": "warn"}}, {"type": "Feature", "geometry": {"type": "Polygon", "coordinates": [[[127.2128, 35.64682], [127.21276, 35.65584], [127.22381, 35.65586], [127.22384, 35.64685], [127.2128, 35.64682]]]}, "properties": {"grid_id": "다마7439", "region_type_cd": "RURAL", "households": 34, "buildings": 98, "avg_score": 34.7, "risk_level_cd": "ok"}}, {"type": "Feature", "geometry": {"type": "Polygon", "coordinates": [[[127.21276, 35.65584], [127.21273, 35.66486], [127.22378, 35.66488], [127.22381, 35.65586], [127.21276, 35.65584]]]}, "properties": {"grid_id": "다마7440", "region_type_cd": "RURAL", "households": 26, "buildings": 41, "avg_score": 31.0, "risk_level_cd": "ok"}}, {"type": "Feature", "geometry": {"type": "Polygon", "coordinates": [[[127.21273, 35.66486], [127.2127, 35.67387], [127.22375, 35.6739], [127.22378, 35.66488], [127.21273, 35.66486]]]}, "properties": {"grid_id": "다마7441", "region_type_cd": "RURAL", "households": 9, "buildings": 5, "avg_score": 32.6, "risk_level_cd": "ok"}}, {"type": "Feature", "geometry": {"type": "Polygon", "coordinates": [[[127.21267, 35.68289], [127.21263, 35.6919], [127.22369, 35.69193], [127.22372, 35.68291], [127.21267, 35.68289]]]}, "properties": {"grid_id": "다마7443", "region_type_cd": "RURAL", "households": 1, "buildings": 6, "avg_score": 53.4, "risk_level_cd": "warn"}}, {"type": "Feature", "geometry": {"type": "Polygon", "coordinates": [[[127.2126, 35.70092], [127.21257, 35.70994], [127.22362, 35.70996], [127.22366, 35.70095], [127.2126, 35.70092]]]}, "properties": {"grid_id": "다마7445", "region_type_cd": "RURAL", "households": 2, "buildings": 19, "avg_score": 39.2, "risk_level_cd": "warn"}}, {"type": "Feature", "geometry": {"type": "Polygon", "coordinates": [[[127.22443, 35.47553], [127.2244, 35.48455], [127.23542, 35.48458], [127.23545, 35.47556], [127.22443, 35.47553]]]}, "properties": {"grid_id": "다마7520", "region_type_cd": "URBAN", "households": 1, "buildings": 1, "avg_score": 31.3, "risk_level_cd": "ok"}}, {"type": "Feature", "geometry": {"type": "Polygon", "coordinates": [[[127.22437, 35.49357], [127.22434, 35.50258], [127.23536, 35.50261], [127.23539, 35.49359], [127.22437, 35.49357]]]}, "properties": {"grid_id": "다마7522", "region_type_cd": "RURAL", "households": 2, "buildings": 1, "avg_score": 24.9, "risk_level_cd": "ok"}}, {"type": "Feature", "geometry": {"type": "Polygon", "coordinates": [[[127.22434, 35.50258], [127.22431, 35.5116], [127.23533, 35.51163], [127.23536, 35.50261], [127.22434, 35.50258]]]}, "properties": {"grid_id": "다마7523", "region_type_cd": "RURAL", "households": 2, "buildings": 4, "avg_score": 40.7, "risk_level_cd": "warn"}}, {"type": "Feature", "geometry": {"type": "Polygon", "coordinates": [[[127.22418, 35.54767], [127.22415, 35.55668], [127.23519, 35.55671], [127.23521, 35.54769], [127.22418, 35.54767]]]}, "properties": {"grid_id": "다마7528", "region_type_cd": "RURAL", "households": 3, "buildings": 2, "avg_score": 30.0, "risk_level_cd": "ok"}}, {"type": "Feature", "geometry": {"type": "Polygon", "coordinates": [[[127.22415, 35.55668], [127.22412, 35.5657], [127.23516, 35.56573], [127.23519, 35.55671], [127.22415, 35.55668]]]}, "properties": {"grid_id": "다마7529", "region_type_cd": "RURAL", "households": 6, "buildings": 13, "avg_score": 22.3, "risk_level_cd": "ok"}}, {"type": "Feature", "geometry": {"type": "Polygon", "coordinates": [[[127.22412, 35.5657], [127.22409, 35.57472], [127.23513, 35.57474], [127.23516, 35.56573], [127.22412, 35.5657]]]}, "properties": {"grid_id": "다마7530", "region_type_cd": "RURAL", "households": 10, "buildings": 25, "avg_score": 29.9, "risk_level_cd": "ok"}}, {"type": "Feature", "geometry": {"type": "Polygon", "coordinates": [[[127.22409, 35.57472], [127.22406, 35.58373], [127.2351, 35.58376], [127.23513, 35.57474], [127.22409, 35.57472]]]}, "properties": {"grid_id": "다마7531", "region_type_cd": "RURAL", "households": 2, "buildings": 2, "avg_score": 20.8, "risk_level_cd": "ok"}}, {"type": "Feature", "geometry": {"type": "Polygon", "coordinates": [[[127.22406, 35.58373], [127.22403, 35.59275], [127.23507, 35.59277], [127.2351, 35.58376], [127.22406, 35.58373]]]}, "properties": {"grid_id": "다마7532", "region_type_cd": "RURAL", "households": 12, "buildings": 21, "avg_score": 28.1, "risk_level_cd": "ok"}}, {"type": "Feature", "geometry": {"type": "Polygon", "coordinates": [[[127.224, 35.60177], [127.22397, 35.61078], [127.23501, 35.61081], [127.23504, 35.60179], [127.224, 35.60177]]]}, "properties": {"grid_id": "다마7534", "region_type_cd": "RURAL", "households": 0, "buildings": 1, "avg_score": 53.5, "risk_level_cd": "warn"}}, {"type": "Feature", "geometry": {"type": "Polygon", "coordinates": [[[127.22397, 35.61078], [127.22393, 35.6198], [127.23498, 35.61982], [127.23501, 35.61081], [127.22397, 35.61078]]]}, "properties": {"grid_id": "다마7535", "region_type_cd": "RURAL", "households": 2, "buildings": 1, "avg_score": 23.6, "risk_level_cd": "ok"}}, {"type": "Feature", "geometry": {"type": "Polygon", "coordinates": [[[127.22393, 35.6198], [127.2239, 35.62882], [127.23495, 35.62884], [127.23498, 35.61982], [127.22393, 35.6198]]]}, "properties": {"grid_id": "다마7536", "region_type_cd": "URBAN", "households": 1, "buildings": 1, "avg_score": 55.5, "risk_level_cd": "warn"}}, {"type": "Feature", "geometry": {"type": "Polygon", "coordinates": [[[127.2239, 35.62882], [127.22387, 35.63783], [127.23492, 35.63786], [127.23495, 35.62884], [127.2239, 35.62882]]]}, "properties": {"grid_id": "다마7537", "region_type_cd": "RURAL", "households": 5, "buildings": 11, "avg_score": 43.0, "risk_level_cd": "warn"}}, {"type": "Feature", "geometry": {"type": "Polygon", "coordinates": [[[127.22387, 35.63783], [127.22384, 35.64685], [127.23489, 35.64687], [127.23492, 35.63786], [127.22387, 35.63783]]]}, "properties": {"grid_id": "다마7538", "region_type_cd": "RURAL", "households": 4, "buildings": 4, "avg_score": 40.8, "risk_level_cd": "warn"}}, {"type": "Feature", "geometry": {"type": "Polygon", "coordinates": [[[127.22384, 35.64685], [127.22381, 35.65586], [127.23486, 35.65589], [127.23489, 35.64687], [127.22384, 35.64685]]]}, "properties": {"grid_id": "다마7539", "region_type_cd": "RURAL", "households": 21, "buildings": 7, "avg_score": 38.2, "risk_level_cd": "warn"}}, {"type": "Feature", "geometry": {"type": "Polygon", "coordinates": [[[127.22381, 35.65586], [127.22378, 35.66488], [127.23483, 35.66491], [127.23486, 35.65589], [127.22381, 35.65586]]]}, "properties": {"grid_id": "다마7540", "region_type_cd": "RURAL", "households": 23, "buildings": 51, "avg_score": 32.2, "risk_level_cd": "ok"}}, {"type": "Feature", "geometry": {"type": "Polygon", "coordinates": [[[127.22378, 35.66488], [127.22375, 35.6739], [127.2348, 35.67392], [127.23483, 35.66491], [127.22378, 35.66488]]]}, "properties": {"grid_id": "다마7541", "region_type_cd": "RURAL", "households": 2, "buildings": 1, "avg_score": 42.9, "risk_level_cd": "warn"}}, {"type": "Feature", "geometry": {"type": "Polygon", "coordinates": [[[127.22372, 35.68291], [127.22369, 35.69193], [127.23474, 35.69195], [127.23477, 35.68294], [127.22372, 35.68291]]]}, "properties": {"grid_id": "다마7543", "region_type_cd": "RURAL", "households": 17, "buildings": 78, "avg_score": 45.1, "risk_level_cd": "warn"}}, {"type": "Feature", "geometry": {"type": "Polygon", "coordinates": [[[127.22366, 35.70095], [127.22362, 35.70996], [127.23468, 35.70999], [127.23471, 35.70097], [127.22366, 35.70095]]]}, "properties": {"grid_id": "다마7545", "region_type_cd": "RURAL", "households": 1, "buildings": 1, "avg_score": 22.5, "risk_level_cd": "ok"}}, {"type": "Feature", "geometry": {"type": "Polygon", "coordinates": [[[127.23542, 35.48458], [127.23539, 35.49359], [127.24642, 35.49362], [127.24645, 35.4846], [127.23542, 35.48458]]]}, "properties": {"grid_id": "다마7621", "region_type_cd": "RURAL", "households": 16, "buildings": 31, "avg_score": 26.9, "risk_level_cd": "ok"}}, {"type": "Feature", "geometry": {"type": "Polygon", "coordinates": [[[127.23539, 35.49359], [127.23536, 35.50261], [127.24639, 35.50263], [127.24642, 35.49362], [127.23539, 35.49359]]]}, "properties": {"grid_id": "다마7622", "region_type_cd": "RURAL", "households": 9, "buildings": 18, "avg_score": 33.8, "risk_level_cd": "ok"}}, {"type": "Feature", "geometry": {"type": "Polygon", "coordinates": [[[127.23536, 35.50261], [127.23533, 35.51163], [127.24636, 35.51165], [127.24639, 35.50263], [127.23536, 35.50261]]]}, "properties": {"grid_id": "다마7623", "region_type_cd": "RURAL", "households": 2, "buildings": 4, "avg_score": 33.6, "risk_level_cd": "ok"}}, {"type": "Feature", "geometry": {"type": "Polygon", "coordinates": [[[127.23533, 35.51163], [127.2353, 35.52064], [127.24633, 35.52067], [127.24636, 35.51165], [127.23533, 35.51163]]]}, "properties": {"grid_id": "다마7624", "region_type_cd": "RURAL", "households": 2, "buildings": 6, "avg_score": 37.5, "risk_level_cd": "warn"}}, {"type": "Feature", "geometry": {"type": "Polygon", "coordinates": [[[127.2353, 35.52064], [127.23527, 35.52966], [127.2463, 35.52968], [127.24633, 35.52067], [127.2353, 35.52064]]]}, "properties": {"grid_id": "다마7625", "region_type_cd": "RURAL", "households": 2, "buildings": 3, "avg_score": 35.4, "risk_level_cd": "warn"}}, {"type": "Feature", "geometry": {"type": "Polygon", "coordinates": [[[127.23527, 35.52966], [127.23524, 35.53868], [127.24628, 35.5387], [127.2463, 35.52968], [127.23527, 35.52966]]]}, "properties": {"grid_id": "다마7626", "region_type_cd": "RURAL", "households": 2, "buildings": 1, "avg_score": 27.4, "risk_level_cd": "ok"}}, {"type": "Feature", "geometry": {"type": "Polygon", "coordinates": [[[127.2351, 35.58376], [127.23507, 35.59277], [127.24611, 35.5928], [127.24613, 35.58378], [127.2351, 35.58376]]]}, "properties": {"grid_id": "다마7632", "region_type_cd": "RURAL", "households": 14, "buildings": 26, "avg_score": 37.7, "risk_level_cd": "warn"}}, {"type": "Feature", "geometry": {"type": "Polygon", "coordinates": [[[127.23507, 35.59277], [127.23504, 35.60179], [127.24608, 35.60181], [127.24611, 35.5928], [127.23507, 35.59277]]]}, "properties": {"grid_id": "다마7633", "region_type_cd": "RURAL", "households": 13, "buildings": 34, "avg_score": 31.8, "risk_level_cd": "ok"}}, {"type": "Feature", "geometry": {"type": "Polygon", "coordinates": [[[127.23504, 35.60179], [127.23501, 35.61081], [127.24605, 35.61083], [127.24608, 35.60181], [127.23504, 35.60179]]]}, "properties": {"grid_id": "다마7634", "region_type_cd": "RURAL", "households": 8, "buildings": 5, "avg_score": 40.0, "risk_level_cd": "warn"}}, {"type": "Feature", "geometry": {"type": "Polygon", "coordinates": [[[127.23501, 35.61081], [127.23498, 35.61982], [127.24602, 35.61985], [127.24605, 35.61083], [127.23501, 35.61081]]]}, "properties": {"grid_id": "다마7635", "region_type_cd": "RURAL", "households": 5, "buildings": 20, "avg_score": 45.0, "risk_level_cd": "warn"}}, {"type": "Feature", "geometry": {"type": "Polygon", "coordinates": [[[127.23492, 35.63786], [127.23489, 35.64687], [127.24593, 35.6469], [127.24596, 35.63788], [127.23492, 35.63786]]]}, "properties": {"grid_id": "다마7638", "region_type_cd": "RURAL", "households": 5, "buildings": 25, "avg_score": 43.5, "risk_level_cd": "warn"}}, {"type": "Feature", "geometry": {"type": "Polygon", "coordinates": [[[127.23489, 35.64687], [127.23486, 35.65589], [127.24591, 35.65591], [127.24593, 35.6469], [127.23489, 35.64687]]]}, "properties": {"grid_id": "다마7639", "region_type_cd": "RURAL", "households": 5, "buildings": 4, "avg_score": 91.8, "risk_level_cd": "danger"}}, {"type": "Feature", "geometry": {"type": "Polygon", "coordinates": [[[127.23486, 35.65589], [127.23483, 35.66491], [127.24588, 35.66493], [127.24591, 35.65591], [127.23486, 35.65589]]]}, "properties": {"grid_id": "다마7640", "region_type_cd": "RURAL", "households": 7, "buildings": 14, "avg_score": 100.0, "risk_level_cd": "danger"}}, {"type": "Feature", "geometry": {"type": "Polygon", "coordinates": [[[127.2348, 35.67392], [127.23477, 35.68294], [127.24582, 35.68296], [127.24585, 35.67395], [127.2348, 35.67392]]]}, "properties": {"grid_id": "다마7642", "region_type_cd": "RURAL", "households": 0, "buildings": 1, "avg_score": 48.1, "risk_level_cd": "warn"}}, {"type": "Feature", "geometry": {"type": "Polygon", "coordinates": [[[127.23477, 35.68294], [127.23474, 35.69195], [127.24579, 35.69198], [127.24582, 35.68296], [127.23477, 35.68294]]]}, "properties": {"grid_id": "다마7643", "region_type_cd": "RURAL", "households": 9, "buildings": 2, "avg_score": 51.1, "risk_level_cd": "warn"}}, {"type": "Feature", "geometry": {"type": "Polygon", "coordinates": [[[127.24647, 35.47558], [127.24645, 35.4846], [127.25747, 35.48462], [127.2575, 35.47561], [127.24647, 35.47558]]]}, "properties": {"grid_id": "다마7720", "region_type_cd": "RURAL", "households": 13, "buildings": 5, "avg_score": 40.3, "risk_level_cd": "warn"}}, {"type": "Feature", "geometry": {"type": "Polygon", "coordinates": [[[127.24645, 35.4846], [127.24642, 35.49362], [127.25744, 35.49364], [127.25747, 35.48462], [127.24645, 35.4846]]]}, "properties": {"grid_id": "다마7721", "region_type_cd": "RURAL", "households": 16, "buildings": 50, "avg_score": 38.8, "risk_level_cd": "warn"}}, {"type": "Feature", "geometry": {"type": "Polygon", "coordinates": [[[127.24642, 35.49362], [127.24639, 35.50263], [127.25742, 35.50266], [127.25744, 35.49364], [127.24642, 35.49362]]]}, "properties": {"grid_id": "다마7722", "region_type_cd": "RURAL", "households": 9, "buildings": 9, "avg_score": 37.8, "risk_level_cd": "warn"}}, {"type": "Feature", "geometry": {"type": "Polygon", "coordinates": [[[127.24639, 35.50263], [127.24636, 35.51165], [127.25739, 35.51167], [127.25742, 35.50266], [127.24639, 35.50263]]]}, "properties": {"grid_id": "다마7723", "region_type_cd": "RURAL", "households": 2, "buildings": 2, "avg_score": 58.8, "risk_level_cd": "warn"}}, {"type": "Feature", "geometry": {"type": "Polygon", "coordinates": [[[127.24636, 35.51165], [127.24633, 35.52067], [127.25736, 35.52069], [127.25739, 35.51167], [127.24636, 35.51165]]]}, "properties": {"grid_id": "다마7724", "region_type_cd": "RURAL", "households": 1, "buildings": 2, "avg_score": 22.5, "risk_level_cd": "ok"}}, {"type": "Feature", "geometry": {"type": "Polygon", "coordinates": [[[127.2463, 35.52968], [127.24628, 35.5387], [127.25731, 35.53872], [127.25733, 35.52971], [127.2463, 35.52968]]]}, "properties": {"grid_id": "다마7726", "region_type_cd": "RURAL", "households": 5, "buildings": 10, "avg_score": 32.9, "risk_level_cd": "ok"}}, {"type": "Feature", "geometry": {"type": "Polygon", "coordinates": [[[127.24628, 35.5387], [127.24625, 35.54772], [127.25728, 35.54774], [127.25731, 35.53872], [127.24628, 35.5387]]]}, "properties": {"grid_id": "다마7727", "region_type_cd": "URBAN", "households": 4, "buildings": 4, "avg_score": 43.6, "risk_level_cd": "warn"}}, {"type": "Feature", "geometry": {"type": "Polygon", "coordinates": [[[127.24625, 35.54772], [127.24622, 35.55673], [127.25725, 35.55675], [127.25728, 35.54774], [127.24625, 35.54772]]]}, "properties": {"grid_id": "다마7728", "region_type_cd": "RURAL", "households": 5, "buildings": 4, "avg_score": 41.8, "risk_level_cd": "warn"}}, {"type": "Feature", "geometry": {"type": "Polygon", "coordinates": [[[127.24622, 35.55673], [127.24619, 35.56575], [127.25723, 35.56577], [127.25725, 35.55675], [127.24622, 35.55673]]]}, "properties": {"grid_id": "다마7729", "region_type_cd": "RURAL", "households": 2, "buildings": 2, "avg_score": 25.5, "risk_level_cd": "ok"}}, {"type": "Feature", "geometry": {"type": "Polygon", "coordinates": [[[127.24616, 35.57477], [127.24613, 35.58378], [127.25717, 35.5838], [127.2572, 35.57479], [127.24616, 35.57477]]]}, "properties": {"grid_id": "다마7731", "region_type_cd": "RURAL", "households": 8, "buildings": 19, "avg_score": 32.9, "risk_level_cd": "ok"}}, {"type": "Feature", "geometry": {"type": "Polygon", "coordinates": [[[127.24613, 35.58378], [127.24611, 35.5928], [127.25714, 35.59282], [127.25717, 35.5838], [127.24613, 35.58378]]]}, "properties": {"grid_id": "다마7732", "region_type_cd": "RURAL", "households": 8, "buildings": 5, "avg_score": 34.7, "risk_level_cd": "ok"}}, {"type": "Feature", "geometry": {"type": "Polygon", "coordinates": [[[127.24611, 35.5928], [127.24608, 35.60181], [127.25712, 35.60184], [127.25714, 35.59282], [127.24611, 35.5928]]]}, "properties": {"grid_id": "다마7733", "region_type_cd": "RURAL", "households": 4, "buildings": 3, "avg_score": 25.2, "risk_level_cd": "ok"}}, {"type": "Feature", "geometry": {"type": "Polygon", "coordinates": [[[127.24608, 35.60181], [127.24605, 35.61083], [127.25709, 35.61085], [127.25712, 35.60184], [127.24608, 35.60181]]]}, "properties": {"grid_id": "다마7734", "region_type_cd": "RURAL", "households": 11, "buildings": 22, "avg_score": 31.4, "risk_level_cd": "ok"}}, {"type": "Feature", "geometry": {"type": "Polygon", "coordinates": [[[127.24605, 35.61083], [127.24602, 35.61985], [127.25706, 35.61987], [127.25709, 35.61085], [127.24605, 35.61083]]]}, "properties": {"grid_id": "다마7735", "region_type_cd": "RURAL", "households": 14, "buildings": 20, "avg_score": 37.5, "risk_level_cd": "warn"}}, {"type": "Feature", "geometry": {"type": "Polygon", "coordinates": [[[127.24602, 35.61985], [127.24599, 35.62886], [127.25704, 35.62889], [127.25706, 35.61987], [127.24602, 35.61985]]]}, "properties": {"grid_id": "다마7736", "region_type_cd": "RURAL", "households": 6, "buildings": 1, "avg_score": 25.8, "risk_level_cd": "ok"}}, {"type": "Feature", "geometry": {"type": "Polygon", "coordinates": [[[127.24593, 35.6469], [127.24591, 35.65591], [127.25695, 35.65594], [127.25698, 35.64692], [127.24593, 35.6469]]]}, "properties": {"grid_id": "다마7739", "region_type_cd": "RURAL", "households": 4, "buildings": 8, "avg_score": 51.1, "risk_level_cd": "warn"}}, {"type": "Feature", "geometry": {"type": "Polygon", "coordinates": [[[127.24582, 35.68296], [127.24579, 35.69198], [127.25684, 35.692], [127.25687, 35.68299], [127.24582, 35.68296]]]}, "properties": {"grid_id": "다마7743", "region_type_cd": "RURAL", "households": 15, "buildings": 32, "avg_score": 29.0, "risk_level_cd": "ok"}}, {"type": "Feature", "geometry": {"type": "Polygon", "coordinates": [[[127.24565, 35.73706], [127.24562, 35.74608], [127.25668, 35.7461], [127.25671, 35.73708], [127.24565, 35.73706]]]}, "properties": {"grid_id": "다마7749", "region_type_cd": "RURAL", "households": 5, "buildings": 4, "avg_score": 37.0, "risk_level_cd": "warn"}}, {"type": "Feature", "geometry": {"type": "Polygon", "coordinates": [[[127.24562, 35.74608], [127.24559, 35.75509], [127.25665, 35.75512], [127.25668, 35.7461], [127.24562, 35.74608]]]}, "properties": {"grid_id": "다마7750", "region_type_cd": "RURAL", "households": 2, "buildings": 1, "avg_score": 21.6, "risk_level_cd": "ok"}}, {"type": "Feature", "geometry": {"type": "Polygon", "coordinates": [[[127.2575, 35.47561], [127.25747, 35.48462], [127.26849, 35.48464], [127.26852, 35.47563], [127.2575, 35.47561]]]}, "properties": {"grid_id": "다마7820", "region_type_cd": "RURAL", "households": 15, "buildings": 42, "avg_score": 35.7, "risk_level_cd": "warn"}}, {"type": "Feature", "geometry": {"type": "Polygon", "coordinates": [[[127.25747, 35.48462], [127.25744, 35.49364], [127.26847, 35.49366], [127.26849, 35.48464], [127.25747, 35.48462]]]}, "properties": {"grid_id": "다마7821", "region_type_cd": "RURAL", "households": 14, "buildings": 38, "avg_score": 37.4, "risk_level_cd": "warn"}}, {"type": "Feature", "geometry": {"type": "Polygon", "coordinates": [[[127.25744, 35.49364], [127.25742, 35.50266], [127.26844, 35.50268], [127.26847, 35.49366], [127.25744, 35.49364]]]}, "properties": {"grid_id": "다마7822", "region_type_cd": "RURAL", "households": 9, "buildings": 14, "avg_score": 32.0, "risk_level_cd": "ok"}}, {"type": "Feature", "geometry": {"type": "Polygon", "coordinates": [[[127.25739, 35.51167], [127.25736, 35.52069], [127.26839, 35.52071], [127.26842, 35.51169], [127.25739, 35.51167]]]}, "properties": {"grid_id": "다마7824", "region_type_cd": "RURAL", "households": 3, "buildings": 2, "avg_score": 44.5, "risk_level_cd": "warn"}}, {"type": "Feature", "geometry": {"type": "Polygon", "coordinates": [[[127.25731, 35.53872], [127.25728, 35.54774], [127.26831, 35.54776], [127.26834, 35.53874], [127.25731, 35.53872]]]}, "properties": {"grid_id": "다마7827", "region_type_cd": "RURAL", "households": 8, "buildings": 13, "avg_score": 30.8, "risk_level_cd": "ok"}}, {"type": "Feature", "geometry": {"type": "Polygon", "coordinates": [[[127.25728, 35.54774], [127.25725, 35.55675], [127.26829, 35.55678], [127.26831, 35.54776], [127.25728, 35.54774]]]}, "properties": {"grid_id": "다마7828", "region_type_cd": "RURAL", "households": 7, "buildings": 17, "avg_score": 37.0, "risk_level_cd": "warn"}}, {"type": "Feature", "geometry": {"type": "Polygon", "coordinates": [[[127.25723, 35.56577], [127.2572, 35.57479], [127.26823, 35.57481], [127.26826, 35.56579], [127.25723, 35.56577]]]}, "properties": {"grid_id": "다마7830", "region_type_cd": "RURAL", "households": 11, "buildings": 9, "avg_score": 34.4, "risk_level_cd": "ok"}}, {"type": "Feature", "geometry": {"type": "Polygon", "coordinates": [[[127.2572, 35.57479], [127.25717, 35.5838], [127.26821, 35.58383], [127.26823, 35.57481], [127.2572, 35.57479]]]}, "properties": {"grid_id": "다마7831", "region_type_cd": "RURAL", "households": 13, "buildings": 27, "avg_score": 25.6, "risk_level_cd": "ok"}}, {"type": "Feature", "geometry": {"type": "Polygon", "coordinates": [[[127.25717, 35.5838], [127.25714, 35.59282], [127.26818, 35.59284], [127.26821, 35.58383], [127.25717, 35.5838]]]}, "properties": {"grid_id": "다마7832", "region_type_cd": "RURAL", "households": 14, "buildings": 20, "avg_score": 29.9, "risk_level_cd": "ok"}}, {"type": "Feature", "geometry": {"type": "Polygon", "coordinates": [[[127.25714, 35.59282], [127.25712, 35.60184], [127.26816, 35.60186], [127.26818, 35.59284], [127.25714, 35.59282]]]}, "properties": {"grid_id": "다마7833", "region_type_cd": "RURAL", "households": 7, "buildings": 4, "avg_score": 33.8, "risk_level_cd": "ok"}}, {"type": "Feature", "geometry": {"type": "Polygon", "coordinates": [[[127.25712, 35.60184], [127.25709, 35.61085], [127.26813, 35.61088], [127.26816, 35.60186], [127.25712, 35.60184]]]}, "properties": {"grid_id": "다마7834", "region_type_cd": "RURAL", "households": 58, "buildings": 11, "avg_score": 92.5, "risk_level_cd": "danger"}}, {"type": "Feature", "geometry": {"type": "Polygon", "coordinates": [[[127.25709, 35.61085], [127.25706, 35.61987], [127.2681, 35.61989], [127.26813, 35.61088], [127.25709, 35.61085]]]}, "properties": {"grid_id": "다마7835", "region_type_cd": "RURAL", "households": 4, "buildings": 1, "avg_score": 52.2, "risk_level_cd": "warn"}}, {"type": "Feature", "geometry": {"type": "Polygon", "coordinates": [[[127.25706, 35.61987], [127.25704, 35.62889], [127.26808, 35.62891], [127.2681, 35.61989], [127.25706, 35.61987]]]}, "properties": {"grid_id": "다마7836", "region_type_cd": "RURAL", "households": 1, "buildings": 3, "avg_score": 27.9, "risk_level_cd": "ok"}}, {"type": "Feature", "geometry": {"type": "Polygon", "coordinates": [[[127.25695, 35.65594], [127.25693, 35.66495], [127.26797, 35.66497], [127.268, 35.65596], [127.25695, 35.65594]]]}, "properties": {"grid_id": "다마7840", "region_type_cd": "RURAL", "households": 52, "buildings": 113, "avg_score": 24.8, "risk_level_cd": "ok"}}, {"type": "Feature", "geometry": {"type": "Polygon", "coordinates": [[[127.25693, 35.66495], [127.2569, 35.67397], [127.26795, 35.67399], [127.26797, 35.66497], [127.25693, 35.66495]]]}, "properties": {"grid_id": "다마7841", "region_type_cd": "RURAL", "households": 46, "buildings": 11, "avg_score": 23.0, "risk_level_cd": "ok"}}, {"type": "Feature", "geometry": {"type": "Polygon", "coordinates": [[[127.2569, 35.67397], [127.25687, 35.68299], [127.26792, 35.68301], [127.26795, 35.67399], [127.2569, 35.67397]]]}, "properties": {"grid_id": "다마7842", "region_type_cd": "RURAL", "households": 55, "buildings": 5, "avg_score": 17.3, "risk_level_cd": "ok"}}, {"type": "Feature", "geometry": {"type": "Polygon", "coordinates": [[[127.25687, 35.68299], [127.25684, 35.692], [127.2679, 35.69202], [127.26792, 35.68301], [127.25687, 35.68299]]]}, "properties": {"grid_id": "다마7843", "region_type_cd": "RURAL", "households": 5, "buildings": 2, "avg_score": 19.9, "risk_level_cd": "ok"}}, {"type": "Feature", "geometry": {"type": "Polygon", "coordinates": [[[127.25684, 35.692], [127.25682, 35.70102], [127.26787, 35.70104], [127.2679, 35.69202], [127.25684, 35.692]]]}, "properties": {"grid_id": "다마7844", "region_type_cd": "RURAL", "households": 4, "buildings": 1, "avg_score": 26.7, "risk_level_cd": "ok"}}, {"type": "Feature", "geometry": {"type": "Polygon", "coordinates": [[[127.25682, 35.70102], [127.25679, 35.71003], [127.26784, 35.71006], [127.26787, 35.70104], [127.25682, 35.70102]]]}, "properties": {"grid_id": "다마7845", "region_type_cd": "RURAL", "households": 5, "buildings": 6, "avg_score": 27.2, "risk_level_cd": "ok"}}, {"type": "Feature", "geometry": {"type": "Polygon", "coordinates": [[[127.25679, 35.71003], [127.25676, 35.71905], [127.26782, 35.71907], [127.26784, 35.71006], [127.25679, 35.71003]]]}, "properties": {"grid_id": "다마7846", "region_type_cd": "RURAL", "households": 6, "buildings": 3, "avg_score": 27.5, "risk_level_cd": "ok"}}, {"type": "Feature", "geometry": {"type": "Polygon", "coordinates": [[[127.25676, 35.71905], [127.25673, 35.72807], [127.26779, 35.72809], [127.26782, 35.71907], [127.25676, 35.71905]]]}, "properties": {"grid_id": "다마7847", "region_type_cd": "RURAL", "households": 16, "buildings": 26, "avg_score": 25.3, "risk_level_cd": "ok"}}, {"type": "Feature", "geometry": {"type": "Polygon", "coordinates": [[[127.25671, 35.73708], [127.25668, 35.7461], [127.26774, 35.74612], [127.26777, 35.7371], [127.25671, 35.73708]]]}, "properties": {"grid_id": "다마7849", "region_type_cd": "RURAL", "households": 9, "buildings": 20, "avg_score": 34.2, "risk_level_cd": "ok"}}, {"type": "Feature", "geometry": {"type": "Polygon", "coordinates": [[[127.25668, 35.7461], [127.25665, 35.75512], [127.26771, 35.75514], [127.26774, 35.74612], [127.25668, 35.7461]]]}, "properties": {"grid_id": "다마7850", "region_type_cd": "RURAL", "households": 3, "buildings": 1, "avg_score": 22.9, "risk_level_cd": "ok"}}, {"type": "Feature", "geometry": {"type": "Polygon", "coordinates": [[[127.25662, 35.76413], [127.2566, 35.77315], [127.26766, 35.77317], [127.26769, 35.76415], [127.25662, 35.76413]]]}, "properties": {"grid_id": "다마7852", "region_type_cd": "RURAL", "households": 1, "buildings": 2, "avg_score": 31.3, "risk_level_cd": "ok"}}, {"type": "Feature", "geometry": {"type": "Polygon", "coordinates": [[[127.26852, 35.47563], [127.26849, 35.48464], [127.27952, 35.48466], [127.27954, 35.47565], [127.26852, 35.47563]]]}, "properties": {"grid_id": "다마7920", "region_type_cd": "RURAL", "households": 8, "buildings": 25, "avg_score": 39.5, "risk_level_cd": "warn"}}, {"type": "Feature", "geometry": {"type": "Polygon", "coordinates": [[[127.26849, 35.48464], [127.26847, 35.49366], [127.27949, 35.49368], [127.27952, 35.48466], [127.26849, 35.48464]]]}, "properties": {"grid_id": "다마7921", "region_type_cd": "RURAL", "households": 8, "buildings": 3, "avg_score": 44.7, "risk_level_cd": "warn"}}, {"type": "Feature", "geometry": {"type": "Polygon", "coordinates": [[[127.26847, 35.49366], [127.26844, 35.50268], [127.27947, 35.5027], [127.27949, 35.49368], [127.26847, 35.49366]]]}, "properties": {"grid_id": "다마7922", "region_type_cd": "RURAL", "households": 16, "buildings": 47, "avg_score": 36.6, "risk_level_cd": "warn"}}, {"type": "Feature", "geometry": {"type": "Polygon", "coordinates": [[[127.26844, 35.50268], [127.26842, 35.51169], [127.27944, 35.51171], [127.27947, 35.5027], [127.26844, 35.50268]]]}, "properties": {"grid_id": "다마7923", "region_type_cd": "RURAL", "households": 23, "buildings": 76, "avg_score": 36.5, "risk_level_cd": "warn"}}, {"type": "Feature", "geometry": {"type": "Polygon", "coordinates": [[[127.26842, 35.51169], [127.26839, 35.52071], [127.27942, 35.52073], [127.27944, 35.51171], [127.26842, 35.51169]]]}, "properties": {"grid_id": "다마7924", "region_type_cd": "RURAL", "households": 7, "buildings": 7, "avg_score": 48.1, "risk_level_cd": "warn"}}, {"type": "Feature", "geometry": {"type": "Polygon", "coordinates": [[[127.26839, 35.52071], [127.26836, 35.52973], [127.27939, 35.52975], [127.27942, 35.52073], [127.26839, 35.52071]]]}, "properties": {"grid_id": "다마7925", "region_type_cd": "RURAL", "households": 8, "buildings": 46, "avg_score": 34.8, "risk_level_cd": "ok"}}, {"type": "Feature", "geometry": {"type": "Polygon", "coordinates": [[[127.26836, 35.52973], [127.26834, 35.53874], [127.27937, 35.53876], [127.27939, 35.52975], [127.26836, 35.52973]]]}, "properties": {"grid_id": "다마7926", "region_type_cd": "RURAL", "households": 8, "buildings": 14, "avg_score": 39.1, "risk_level_cd": "warn"}}, {"type": "Feature", "geometry": {"type": "Polygon", "coordinates": [[[127.26834, 35.53874], [127.26831, 35.54776], [127.27935, 35.54778], [127.27937, 35.53876], [127.26834, 35.53874]]]}, "properties": {"grid_id": "다마7927", "region_type_cd": "RURAL", "households": 4, "buildings": 2, "avg_score": 31.5, "risk_level_cd": "ok"}}, {"type": "Feature", "geometry": {"type": "Polygon", "coordinates": [[[127.26831, 35.54776], [127.26829, 35.55678], [127.27932, 35.5568], [127.27935, 35.54778], [127.26831, 35.54776]]]}, "properties": {"grid_id": "다마7928", "region_type_cd": "RURAL", "households": 4, "buildings": 2, "avg_score": 30.8, "risk_level_cd": "ok"}}, {"type": "Feature", "geometry": {"type": "Polygon", "coordinates": [[[127.26823, 35.57481], [127.26821, 35.58383], [127.27925, 35.58385], [127.27927, 35.57483], [127.26823, 35.57481]]]}, "properties": {"grid_id": "다마7931", "region_type_cd": "RURAL", "households": 8, "buildings": 10, "avg_score": 29.9, "risk_level_cd": "ok"}}, {"type": "Feature", "geometry": {"type": "Polygon", "coordinates": [[[127.26821, 35.58383], [127.26818, 35.59284], [127.27922, 35.59286], [127.27925, 35.58385], [127.26821, 35.58383]]]}, "properties": {"grid_id": "다마7932", "region_type_cd": "RURAL", "households": 8, "buildings": 8, "avg_score": 28.6, "risk_level_cd": "ok"}}, {"type": "Feature", "geometry": {"type": "Polygon", "coordinates": [[[127.26818, 35.59284], [127.26816, 35.60186], [127.2792, 35.60188], [127.27922, 35.59286], [127.26818, 35.59284]]]}, "properties": {"grid_id": "다마7933", "region_type_cd": "RURAL", "households": 24, "buildings": 4, "avg_score": 53.8, "risk_level_cd": "warn"}}, {"type": "Feature", "geometry": {"type": "Polygon", "coordinates": [[[127.26816, 35.60186], [127.26813, 35.61088], [127.27917, 35.6109], [127.2792, 35.60188], [127.26816, 35.60186]]]}, "properties": {"grid_id": "다마7934", "region_type_cd": "BUFFER", "households": 181, "buildings": 97, "avg_score": 51.3, "risk_level_cd": "warn"}}, {"type": "Feature", "geometry": {"type": "Polygon", "coordinates": [[[127.26813, 35.61088], [127.2681, 35.61989], [127.27915, 35.61991], [127.27917, 35.6109], [127.26813, 35.61088]]]}, "properties": {"grid_id": "다마7935", "region_type_cd": "BUFFER", "households": 329, "buildings": 145, "avg_score": 86.0, "risk_level_cd": "danger"}}, {"type": "Feature", "geometry": {"type": "Polygon", "coordinates": [[[127.26808, 35.62891], [127.26805, 35.63792], [127.2791, 35.63795], [127.27912, 35.62893], [127.26808, 35.62891]]]}, "properties": {"grid_id": "다마7937", "region_type_cd": "RURAL", "households": 9, "buildings": 1, "avg_score": 31.8, "risk_level_cd": "ok"}}, {"type": "Feature", "geometry": {"type": "Polygon", "coordinates": [[[127.26805, 35.63792], [127.26803, 35.64694], [127.27907, 35.64696], [127.2791, 35.63795], [127.26805, 35.63792]]]}, "properties": {"grid_id": "다마7938", "region_type_cd": "RURAL", "households": 11, "buildings": 9, "avg_score": 37.5, "risk_level_cd": "warn"}}, {"type": "Feature", "geometry": {"type": "Polygon", "coordinates": [[[127.26803, 35.64694], [127.268, 35.65596], [127.27905, 35.65598], [127.27907, 35.64696], [127.26803, 35.64694]]]}, "properties": {"grid_id": "다마7939", "region_type_cd": "RURAL", "households": 23, "buildings": 49, "avg_score": 29.8, "risk_level_cd": "ok"}}, {"type": "Feature", "geometry": {"type": "Polygon", "coordinates": [[[127.268, 35.65596], [127.26797, 35.66497], [127.27902, 35.66499], [127.27905, 35.65598], [127.268, 35.65596]]]}, "properties": {"grid_id": "다마7940", "region_type_cd": "RURAL", "households": 37, "buildings": 41, "avg_score": 22.8, "risk_level_cd": "ok"}}, {"type": "Feature", "geometry": {"type": "Polygon", "coordinates": [[[127.26797, 35.66497], [127.26795, 35.67399], [127.279, 35.67401], [127.27902, 35.66499], [127.26797, 35.66497]]]}, "properties": {"grid_id": "다마7941", "region_type_cd": "RURAL", "households": 75, "buildings": 54, "avg_score": 18.0, "risk_level_cd": "ok"}}, {"type": "Feature", "geometry": {"type": "Polygon", "coordinates": [[[127.26795, 35.67399], [127.26792, 35.68301], [127.27897, 35.68303], [127.279, 35.67401], [127.26795, 35.67399]]]}, "properties": {"grid_id": "다마7942", "region_type_cd": "BUFFER", "households": 150, "buildings": 170, "avg_score": 38.9, "risk_level_cd": "warn"}}, {"type": "Feature", "geometry": {"type": "Polygon", "coordinates": [[[127.26792, 35.68301], [127.2679, 35.69202], [127.27895, 35.69204], [127.27897, 35.68303], [127.26792, 35.68301]]]}, "properties": {"grid_id": "다마7943", "region_type_cd": "RURAL", "households": 77, "buildings": 31, "avg_score": 24.1, "risk_level_cd": "ok"}}, {"type": "Feature", "geometry": {"type": "Polygon", "coordinates": [[[127.2679, 35.69202], [127.26787, 35.70104], [127.27892, 35.70106], [127.27895, 35.69204], [127.2679, 35.69202]]]}, "properties": {"grid_id": "다마7944", "region_type_cd": "RURAL", "households": 9, "buildings": 20, "avg_score": 21.0, "risk_level_cd": "ok"}}, {"type": "Feature", "geometry": {"type": "Polygon", "coordinates": [[[127.26787, 35.70104], [127.26784, 35.71006], [127.2789, 35.71008], [127.27892, 35.70106], [127.26787, 35.70104]]]}, "properties": {"grid_id": "다마7945", "region_type_cd": "RURAL", "households": 10, "buildings": 23, "avg_score": 27.8, "risk_level_cd": "ok"}}, {"type": "Feature", "geometry": {"type": "Polygon", "coordinates": [[[127.26784, 35.71006], [127.26782, 35.71907], [127.27887, 35.71909], [127.2789, 35.71008], [127.26784, 35.71006]]]}, "properties": {"grid_id": "다마7946", "region_type_cd": "RURAL", "households": 6, "buildings": 6, "avg_score": 25.1, "risk_level_cd": "ok"}}, {"type": "Feature", "geometry": {"type": "Polygon", "coordinates": [[[127.26782, 35.71907], [127.26779, 35.72809], [127.27885, 35.72811], [127.27887, 35.71909], [127.26782, 35.71907]]]}, "properties": {"grid_id": "다마7947", "region_type_cd": "RURAL", "households": 7, "buildings": 3, "avg_score": 27.5, "risk_level_cd": "ok"}}, {"type": "Feature", "geometry": {"type": "Polygon", "coordinates": [[[127.26779, 35.72809], [127.26777, 35.7371], [127.27882, 35.73713], [127.27885, 35.72811], [127.26779, 35.72809]]]}, "properties": {"grid_id": "다마7948", "region_type_cd": "RURAL", "households": 3, "buildings": 1, "avg_score": 35.4, "risk_level_cd": "warn"}}, {"type": "Feature", "geometry": {"type": "Polygon", "coordinates": [[[127.26774, 35.74612], [127.26771, 35.75514], [127.27877, 35.75516], [127.2788, 35.74614], [127.26774, 35.74612]]]}, "properties": {"grid_id": "다마7950", "region_type_cd": "RURAL", "households": 1, "buildings": 2, "avg_score": 21.5, "risk_level_cd": "ok"}}, {"type": "Feature", "geometry": {"type": "Polygon", "coordinates": [[[127.26771, 35.75514], [127.26769, 35.76415], [127.27875, 35.76417], [127.27877, 35.75516], [127.26771, 35.75514]]]}, "properties": {"grid_id": "다마7951", "region_type_cd": "RURAL", "households": 2, "buildings": 2, "avg_score": 22.1, "risk_level_cd": "ok"}}, {"type": "Feature", "geometry": {"type": "Polygon", "coordinates": [[[127.27954, 35.47565], [127.27952, 35.48466], [127.29054, 35.48468], [127.29057, 35.47567], [127.27954, 35.47565]]]}, "properties": {"grid_id": "다마8020", "region_type_cd": "RURAL", "households": 8, "buildings": 26, "avg_score": 44.9, "risk_level_cd": "warn"}}, {"type": "Feature", "geometry": {"type": "Polygon", "coordinates": [[[127.27952, 35.48466], [127.27949, 35.49368], [127.29052, 35.4937], [127.29054, 35.48468], [127.27952, 35.48466]]]}, "properties": {"grid_id": "다마8021", "region_type_cd": "RURAL", "households": 5, "buildings": 14, "avg_score": 41.7, "risk_level_cd": "warn"}}, {"type": "Feature", "geometry": {"type": "Polygon", "coordinates": [[[127.27949, 35.49368], [127.27947, 35.5027], [127.2905, 35.50272], [127.29052, 35.4937], [127.27949, 35.49368]]]}, "properties": {"grid_id": "다마8022", "region_type_cd": "RURAL", "households": 3, "buildings": 9, "avg_score": 91.3, "risk_level_cd": "danger"}}, {"type": "Feature", "geometry": {"type": "Polygon", "coordinates": [[[127.27947, 35.5027], [127.27944, 35.51171], [127.29047, 35.51173], [127.2905, 35.50272], [127.27947, 35.5027]]]}, "properties": {"grid_id": "다마8023", "region_type_cd": "RURAL", "households": 5, "buildings": 7, "avg_score": 48.5, "risk_level_cd": "warn"}}, {"type": "Feature", "geometry": {"type": "Polygon", "coordinates": [[[127.27944, 35.51171], [127.27942, 35.52073], [127.29045, 35.52075], [127.29047, 35.51173], [127.27944, 35.51171]]]}, "properties": {"grid_id": "다마8024", "region_type_cd": "RURAL", "households": 13, "buildings": 52, "avg_score": 43.1, "risk_level_cd": "warn"}}, {"type": "Feature", "geometry": {"type": "Polygon", "coordinates": [[[127.27942, 35.52073], [127.27939, 35.52975], [127.29043, 35.52977], [127.29045, 35.52075], [127.27942, 35.52073]]]}, "properties": {"grid_id": "다마8025", "region_type_cd": "RURAL", "households": 9, "buildings": 22, "avg_score": 42.9, "risk_level_cd": "warn"}}, {"type": "Feature", "geometry": {"type": "Polygon", "coordinates": [[[127.27939, 35.52975], [127.27937, 35.53876], [127.2904, 35.53878], [127.29043, 35.52977], [127.27939, 35.52975]]]}, "properties": {"grid_id": "다마8026", "region_type_cd": "RURAL", "households": 9, "buildings": 34, "avg_score": 38.5, "risk_level_cd": "warn"}}, {"type": "Feature", "geometry": {"type": "Polygon", "coordinates": [[[127.27937, 35.53876], [127.27935, 35.54778], [127.29038, 35.5478], [127.2904, 35.53878], [127.27937, 35.53876]]]}, "properties": {"grid_id": "다마8027", "region_type_cd": "RURAL", "households": 7, "buildings": 15, "avg_score": 34.3, "risk_level_cd": "ok"}}, {"type": "Feature", "geometry": {"type": "Polygon", "coordinates": [[[127.2792, 35.60188], [127.27917, 35.6109], [127.29021, 35.61092], [127.29024, 35.6019], [127.2792, 35.60188]]]}, "properties": {"grid_id": "다마8034", "region_type_cd": "RURAL", "households": 304, "buildings": 14, "avg_score": 69.1, "risk_level_cd": "warn"}}, {"type": "Feature", "geometry": {"type": "Polygon", "coordinates": [[[127.27917, 35.6109], [127.27915, 35.61991], [127.29019, 35.61993], [127.29021, 35.61092], [127.27917, 35.6109]]]}, "properties": {"grid_id": "다마8035", "region_type_cd": "URBAN", "households": 604, "buildings": 311, "avg_score": 57.2, "risk_level_cd": "warn"}}, {"type": "Feature", "geometry": {"type": "Polygon", "coordinates": [[[127.27915, 35.61991], [127.27912, 35.62893], [127.29017, 35.62895], [127.29019, 35.61993], [127.27915, 35.61991]]]}, "properties": {"grid_id": "다마8036", "region_type_cd": "RURAL", "households": 73, "buildings": 17, "avg_score": 26.2, "risk_level_cd": "ok"}}, {"type": "Feature", "geometry": {"type": "Polygon", "coordinates": [[[127.27912, 35.62893], [127.2791, 35.63795], [127.29014, 35.63797], [127.29017, 35.62895], [127.27912, 35.62893]]]}, "properties": {"grid_id": "다마8037", "region_type_cd": "RURAL", "households": 35, "buildings": 71, "avg_score": 33.1, "risk_level_cd": "ok"}}, {"type": "Feature", "geometry": {"type": "Polygon", "coordinates": [[[127.2791, 35.63795], [127.27907, 35.64696], [127.29012, 35.64698], [127.29014, 35.63797], [127.2791, 35.63795]]]}, "properties": {"grid_id": "다마8038", "region_type_cd": "RURAL", "households": 11, "buildings": 9, "avg_score": 36.6, "risk_level_cd": "warn"}}, {"type": "Feature", "geometry": {"type": "Polygon", "coordinates": [[[127.27907, 35.64696], [127.27905, 35.65598], [127.2901, 35.656], [127.29012, 35.64698], [127.27907, 35.64696]]]}, "properties": {"grid_id": "다마8039", "region_type_cd": "RURAL", "households": 14, "buildings": 34, "avg_score": 32.9, "risk_level_cd": "ok"}}, {"type": "Feature", "geometry": {"type": "Polygon", "coordinates": [[[127.27905, 35.65598], [127.27902, 35.66499], [127.29007, 35.66501], [127.2901, 35.656], [127.27905, 35.65598]]]}, "properties": {"grid_id": "다마8040", "region_type_cd": "RURAL", "households": 27, "buildings": 45, "avg_score": 21.9, "risk_level_cd": "ok"}}, {"type": "Feature", "geometry": {"type": "Polygon", "coordinates": [[[127.27902, 35.66499], [127.279, 35.67401], [127.29005, 35.67403], [127.29007, 35.66501], [127.27902, 35.66499]]]}, "properties": {"grid_id": "다마8041", "region_type_cd": "RURAL", "households": 34, "buildings": 41, "avg_score": 25.9, "risk_level_cd": "ok"}}, {"type": "Feature", "geometry": {"type": "Polygon", "coordinates": [[[127.279, 35.67401], [127.27897, 35.68303], [127.29002, 35.68305], [127.29005, 35.67403], [127.279, 35.67401]]]}, "properties": {"grid_id": "다마8042", "region_type_cd": "RURAL", "households": 71, "buildings": 34, "avg_score": 17.1, "risk_level_cd": "ok"}}, {"type": "Feature", "geometry": {"type": "Polygon", "coordinates": [[[127.27897, 35.68303], [127.27895, 35.69204], [127.29, 35.69206], [127.29002, 35.68305], [127.27897, 35.68303]]]}, "properties": {"grid_id": "다마8043", "region_type_cd": "RURAL", "households": 9, "buildings": 3, "avg_score": 23.8, "risk_level_cd": "ok"}}, {"type": "Feature", "geometry": {"type": "Polygon", "coordinates": [[[127.27895, 35.69204], [127.27892, 35.70106], [127.28998, 35.70108], [127.29, 35.69206], [127.27895, 35.69204]]]}, "properties": {"grid_id": "다마8044", "region_type_cd": "RURAL", "households": 9, "buildings": 20, "avg_score": 23.0, "risk_level_cd": "ok"}}, {"type": "Feature", "geometry": {"type": "Polygon", "coordinates": [[[127.27892, 35.70106], [127.2789, 35.71008], [127.28995, 35.7101], [127.28998, 35.70108], [127.27892, 35.70106]]]}, "properties": {"grid_id": "다마8045", "region_type_cd": "RURAL", "households": 12, "buildings": 31, "avg_score": 72.0, "risk_level_cd": "danger"}}, {"type": "Feature", "geometry": {"type": "Polygon", "coordinates": [[[127.27885, 35.72811], [127.27882, 35.73713], [127.28988, 35.73715], [127.28991, 35.72813], [127.27885, 35.72811]]]}, "properties": {"grid_id": "다마8048", "region_type_cd": "RURAL", "households": 4, "buildings": 7, "avg_score": 27.5, "risk_level_cd": "ok"}}, {"type": "Feature", "geometry": {"type": "Polygon", "coordinates": [[[127.29052, 35.4937], [127.2905, 35.50272], [127.30152, 35.50274], [127.30154, 35.49372], [127.29052, 35.4937]]]}, "properties": {"grid_id": "다마8122", "region_type_cd": "RURAL", "households": 3, "buildings": 8, "avg_score": 98.1, "risk_level_cd": "danger"}}, {"type": "Feature", "geometry": {"type": "Polygon", "coordinates": [[[127.2905, 35.50272], [127.29047, 35.51173], [127.3015, 35.51175], [127.30152, 35.50274], [127.2905, 35.50272]]]}, "properties": {"grid_id": "다마8123", "region_type_cd": "RURAL", "households": 8, "buildings": 37, "avg_score": 41.5, "risk_level_cd": "warn"}}, {"type": "Feature", "geometry": {"type": "Polygon", "coordinates": [[[127.29047, 35.51173], [127.29045, 35.52075], [127.30148, 35.52077], [127.3015, 35.51175], [127.29047, 35.51173]]]}, "properties": {"grid_id": "다마8124", "region_type_cd": "RURAL", "households": 8, "buildings": 14, "avg_score": 33.2, "risk_level_cd": "ok"}}, {"type": "Feature", "geometry": {"type": "Polygon", "coordinates": [[[127.29045, 35.52075], [127.29043, 35.52977], [127.30146, 35.52979], [127.30148, 35.52077], [127.29045, 35.52075]]]}, "properties": {"grid_id": "다마8125", "region_type_cd": "RURAL", "households": 3, "buildings": 3, "avg_score": 27.3, "risk_level_cd": "ok"}}, {"type": "Feature", "geometry": {"type": "Polygon", "coordinates": [[[127.29043, 35.52977], [127.2904, 35.53878], [127.30143, 35.5388], [127.30146, 35.52979], [127.29043, 35.52977]]]}, "properties": {"grid_id": "다마8126", "region_type_cd": "RURAL", "households": 9, "buildings": 30, "avg_score": 37.0, "risk_level_cd": "warn"}}, {"type": "Feature", "geometry": {"type": "Polygon", "coordinates": [[[127.2904, 35.53878], [127.29038, 35.5478], [127.30141, 35.54782], [127.30143, 35.5388], [127.2904, 35.53878]]]}, "properties": {"grid_id": "다마8127", "region_type_cd": "RURAL", "households": 10, "buildings": 12, "avg_score": 27.3, "risk_level_cd": "ok"}}, {"type": "Feature", "geometry": {"type": "Polygon", "coordinates": [[[127.29038, 35.5478], [127.29035, 35.55682], [127.30139, 35.55684], [127.30141, 35.54782], [127.29038, 35.5478]]]}, "properties": {"grid_id": "다마8128", "region_type_cd": "RURAL", "households": 11, "buildings": 12, "avg_score": 28.8, "risk_level_cd": "ok"}}, {"type": "Feature", "geometry": {"type": "Polygon", "coordinates": [[[127.29035, 35.55682], [127.29033, 35.56583], [127.30137, 35.56585], [127.30139, 35.55684], [127.29035, 35.55682]]]}, "properties": {"grid_id": "다마8129", "region_type_cd": "RURAL", "households": 14, "buildings": 30, "avg_score": 30.4, "risk_level_cd": "ok"}}, {"type": "Feature", "geometry": {"type": "Polygon", "coordinates": [[[127.29033, 35.56583], [127.29031, 35.57485], [127.30134, 35.57487], [127.30137, 35.56585], [127.29033, 35.56583]]]}, "properties": {"grid_id": "다마8130", "region_type_cd": "RURAL", "households": 7, "buildings": 1, "avg_score": 20.0, "risk_level_cd": "ok"}}, {"type": "Feature", "geometry": {"type": "Polygon", "coordinates": [[[127.29024, 35.6019], [127.29021, 35.61092], [127.30125, 35.61093], [127.30128, 35.60192], [127.29024, 35.6019]]]}, "properties": {"grid_id": "다마8134", "region_type_cd": "BUFFER", "households": 61, "buildings": 26, "avg_score": 32.6, "risk_level_cd": "ok"}}, {"type": "Feature", "geometry": {"type": "Polygon", "coordinates": [[[127.29021, 35.61092], [127.29019, 35.61993], [127.30123, 35.61995], [127.30125, 35.61093], [127.29021, 35.61092]]]}, "properties": {"grid_id": "다마8135", "region_type_cd": "RURAL", "households": 155, "buildings": 3, "avg_score": 35.6, "risk_level_cd": "warn"}}, {"type": "Feature", "geometry": {"type": "Polygon", "coordinates": [[[127.29019, 35.61993], [127.29017, 35.62895], [127.30121, 35.62897], [127.30123, 35.61995], [127.29019, 35.61993]]]}, "properties": {"grid_id": "다마8136", "region_type_cd": "RURAL", "households": 88, "buildings": 54, "avg_score": 30.3, "risk_level_cd": "ok"}}, {"type": "Feature", "geometry": {"type": "Polygon", "coordinates": [[[127.29017, 35.62895], [127.29014, 35.63797], [127.30119, 35.63798], [127.30121, 35.62897], [127.29017, 35.62895]]]}, "properties": {"grid_id": "다마8137", "region_type_cd": "RURAL", "households": 29, "buildings": 45, "avg_score": 31.3, "risk_level_cd": "ok"}}, {"type": "Feature", "geometry": {"type": "Polygon", "coordinates": [[[127.29014, 35.63797], [127.29012, 35.64698], [127.30117, 35.647], [127.30119, 35.63798], [127.29014, 35.63797]]]}, "properties": {"grid_id": "다마8138", "region_type_cd": "RURAL", "households": 15, "buildings": 14, "avg_score": 30.3, "risk_level_cd": "ok"}}, {"type": "Feature", "geometry": {"type": "Polygon", "coordinates": [[[127.29012, 35.64698], [127.2901, 35.656], [127.30114, 35.65602], [127.30117, 35.647], [127.29012, 35.64698]]]}, "properties": {"grid_id": "다마8139", "region_type_cd": "URBAN", "households": 1, "buildings": 1, "avg_score": 22.2, "risk_level_cd": "ok"}}, {"type": "Feature", "geometry": {"type": "Polygon", "coordinates": [[[127.2901, 35.656], [127.29007, 35.66501], [127.30112, 35.66503], [127.30114, 35.65602], [127.2901, 35.656]]]}, "properties": {"grid_id": "다마8140", "region_type_cd": "RURAL", "households": 21, "buildings": 41, "avg_score": 24.0, "risk_level_cd": "ok"}}, {"type": "Feature", "geometry": {"type": "Polygon", "coordinates": [[[127.29007, 35.66501], [127.29005, 35.67403], [127.3011, 35.67405], [127.30112, 35.66503], [127.29007, 35.66501]]]}, "properties": {"grid_id": "다마8141", "region_type_cd": "RURAL", "households": 6, "buildings": 2, "avg_score": 23.7, "risk_level_cd": "ok"}}, {"type": "Feature", "geometry": {"type": "Polygon", "coordinates": [[[127.29005, 35.67403], [127.29002, 35.68305], [127.30108, 35.68307], [127.3011, 35.67405], [127.29005, 35.67403]]]}, "properties": {"grid_id": "다마8142", "region_type_cd": "RURAL", "households": 10, "buildings": 20, "avg_score": 23.8, "risk_level_cd": "ok"}}, {"type": "Feature", "geometry": {"type": "Polygon", "coordinates": [[[127.28995, 35.7101], [127.28993, 35.71911], [127.30099, 35.71913], [127.30101, 35.71012], [127.28995, 35.7101]]]}, "properties": {"grid_id": "다마8146", "region_type_cd": "RURAL", "households": 15, "buildings": 13, "avg_score": 24.8, "risk_level_cd": "ok"}}, {"type": "Feature", "geometry": {"type": "Polygon", "coordinates": [[[127.30152, 35.50274], [127.3015, 35.51175], [127.31253, 35.51177], [127.31255, 35.50275], [127.30152, 35.50274]]]}, "properties": {"grid_id": "다마8223", "region_type_cd": "RURAL", "households": 7, "buildings": 15, "avg_score": 37.4, "risk_level_cd": "warn"}}, {"type": "Feature", "geometry": {"type": "Polygon", "coordinates": [[[127.3015, 35.51175], [127.30148, 35.52077], [127.31251, 35.52079], [127.31253, 35.51177], [127.3015, 35.51175]]]}, "properties": {"grid_id": "다마8224", "region_type_cd": "RURAL", "households": 4, "buildings": 20, "avg_score": 42.3, "risk_level_cd": "warn"}}, {"type": "Feature", "geometry": {"type": "Polygon", "coordinates": [[[127.30146, 35.52979], [127.30143, 35.5388], [127.31246, 35.53882], [127.31249, 35.5298], [127.30146, 35.52979]]]}, "properties": {"grid_id": "다마8226", "region_type_cd": "RURAL", "households": 11, "buildings": 36, "avg_score": 34.9, "risk_level_cd": "ok"}}, {"type": "Feature", "geometry": {"type": "Polygon", "coordinates": [[[127.30143, 35.5388], [127.30141, 35.54782], [127.31244, 35.54784], [127.31246, 35.53882], [127.30143, 35.5388]]]}, "properties": {"grid_id": "다마8227", "region_type_cd": "RURAL", "households": 11, "buildings": 17, "avg_score": 27.3, "risk_level_cd": "ok"}}, {"type": "Feature", "geometry": {"type": "Polygon", "coordinates": [[[127.30141, 35.54782], [127.30139, 35.55684], [127.31242, 35.55685], [127.31244, 35.54784], [127.30141, 35.54782]]]}, "properties": {"grid_id": "다마8228", "region_type_cd": "RURAL", "households": 11, "buildings": 13, "avg_score": 29.3, "risk_level_cd": "ok"}}, {"type": "Feature", "geometry": {"type": "Polygon", "coordinates": [[[127.30139, 35.55684], [127.30137, 35.56585], [127.3124, 35.56587], [127.31242, 35.55685], [127.30139, 35.55684]]]}, "properties": {"grid_id": "다마8229", "region_type_cd": "RURAL", "households": 12, "buildings": 22, "avg_score": 33.7, "risk_level_cd": "ok"}}, {"type": "Feature", "geometry": {"type": "Polygon", "coordinates": [[[127.30137, 35.56585], [127.30134, 35.57487], [127.31238, 35.57489], [127.3124, 35.56587], [127.30137, 35.56585]]]}, "properties": {"grid_id": "다마8230", "region_type_cd": "RURAL", "households": 16, "buildings": 26, "avg_score": 30.5, "risk_level_cd": "ok"}}, {"type": "Feature", "geometry": {"type": "Polygon", "coordinates": [[[127.30134, 35.57487], [127.30132, 35.58389], [127.31236, 35.5839], [127.31238, 35.57489], [127.30134, 35.57487]]]}, "properties": {"grid_id": "다마8231", "region_type_cd": "RURAL", "households": 21, "buildings": 49, "avg_score": 26.8, "risk_level_cd": "ok"}}, {"type": "Feature", "geometry": {"type": "Polygon", "coordinates": [[[127.30132, 35.58389], [127.3013, 35.5929], [127.31234, 35.59292], [127.31236, 35.5839], [127.30132, 35.58389]]]}, "properties": {"grid_id": "다마8232", "region_type_cd": "RURAL", "households": 2, "buildings": 3, "avg_score": 40.0, "risk_level_cd": "warn"}}, {"type": "Feature", "geometry": {"type": "Polygon", "coordinates": [[[127.3013, 35.5929], [127.30128, 35.60192], [127.31232, 35.60194], [127.31234, 35.59292], [127.3013, 35.5929]]]}, "properties": {"grid_id": "다마8233", "region_type_cd": "RURAL", "households": 4, "buildings": 5, "avg_score": 37.9, "risk_level_cd": "warn"}}, {"type": "Feature", "geometry": {"type": "Polygon", "coordinates": [[[127.30128, 35.60192], [127.30125, 35.61093], [127.3123, 35.61095], [127.31232, 35.60194], [127.30128, 35.60192]]]}, "properties": {"grid_id": "다마8234", "region_type_cd": "RURAL", "households": 12, "buildings": 11, "avg_score": 30.9, "risk_level_cd": "ok"}}, {"type": "Feature", "geometry": {"type": "Polygon", "coordinates": [[[127.30125, 35.61093], [127.30123, 35.61995], [127.31228, 35.61997], [127.3123, 35.61095], [127.30125, 35.61093]]]}, "properties": {"grid_id": "다마8235", "region_type_cd": "RURAL", "households": 3, "buildings": 4, "avg_score": 22.0, "risk_level_cd": "ok"}}, {"type": "Feature", "geometry": {"type": "Polygon", "coordinates": [[[127.30123, 35.61995], [127.30121, 35.62897], [127.31225, 35.62899], [127.31228, 35.61997], [127.30123, 35.61995]]]}, "properties": {"grid_id": "다마8236", "region_type_cd": "RURAL", "households": 15, "buildings": 3, "avg_score": 28.2, "risk_level_cd": "ok"}}, {"type": "Feature", "geometry": {"type": "Polygon", "coordinates": [[[127.30121, 35.62897], [127.30119, 35.63798], [127.31223, 35.638], [127.31225, 35.62899], [127.30121, 35.62897]]]}, "properties": {"grid_id": "다마8237", "region_type_cd": "RURAL", "households": 13, "buildings": 20, "avg_score": 29.3, "risk_level_cd": "ok"}}, {"type": "Feature", "geometry": {"type": "Polygon", "coordinates": [[[127.30119, 35.63798], [127.30117, 35.647], [127.31221, 35.64702], [127.31223, 35.638], [127.30119, 35.63798]]]}, "properties": {"grid_id": "다마8238", "region_type_cd": "RURAL", "households": 7, "buildings": 10, "avg_score": 32.0, "risk_level_cd": "ok"}}, {"type": "Feature", "geometry": {"type": "Polygon", "coordinates": [[[127.30114, 35.65602], [127.30112, 35.66503], [127.31217, 35.66505], [127.31219, 35.65603], [127.30114, 35.65602]]]}, "properties": {"grid_id": "다마8240", "region_type_cd": "RURAL", "households": 7, "buildings": 1, "avg_score": 19.1, "risk_level_cd": "ok"}}, {"type": "Feature", "geometry": {"type": "Polygon", "coordinates": [[[127.30112, 35.66503], [127.3011, 35.67405], [127.31215, 35.67407], [127.31217, 35.66505], [127.30112, 35.66503]]]}, "properties": {"grid_id": "다마8241", "region_type_cd": "RURAL", "households": 1, "buildings": 1, "avg_score": 27.1, "risk_level_cd": "ok"}}, {"type": "Feature", "geometry": {"type": "Polygon", "coordinates": [[[127.3011, 35.67405], [127.30108, 35.68307], [127.31213, 35.68308], [127.31215, 35.67407], [127.3011, 35.67405]]]}, "properties": {"grid_id": "다마8242", "region_type_cd": "RURAL", "households": 1, "buildings": 2, "avg_score": 24.9, "risk_level_cd": "ok"}}, {"type": "Feature", "geometry": {"type": "Polygon", "coordinates": [[[127.30108, 35.68307], [127.30105, 35.69208], [127.31211, 35.6921], [127.31213, 35.68308], [127.30108, 35.68307]]]}, "properties": {"grid_id": "다마8243", "region_type_cd": "RURAL", "households": 13, "buildings": 6, "avg_score": 21.2, "risk_level_cd": "ok"}}, {"type": "Feature", "geometry": {"type": "Polygon", "coordinates": [[[127.31257, 35.49374], [127.31255, 35.50275], [127.32357, 35.50277], [127.32359, 35.49375], [127.31257, 35.49374]]]}, "properties": {"grid_id": "다마8322", "region_type_cd": "RURAL", "households": 11, "buildings": 17, "avg_score": 24.5, "risk_level_cd": "ok"}}, {"type": "Feature", "geometry": {"type": "Polygon", "coordinates": [[[127.31255, 35.50275], [127.31253, 35.51177], [127.32356, 35.51179], [127.32357, 35.50277], [127.31255, 35.50275]]]}, "properties": {"grid_id": "다마8323", "region_type_cd": "RURAL", "households": 15, "buildings": 31, "avg_score": 30.5, "risk_level_cd": "ok"}}, {"type": "Feature", "geometry": {"type": "Polygon", "coordinates": [[[127.31253, 35.51177], [127.31251, 35.52079], [127.32354, 35.5208], [127.32356, 35.51179], [127.31253, 35.51177]]]}, "properties": {"grid_id": "다마8324", "region_type_cd": "RURAL", "households": 10, "buildings": 8, "avg_score": 33.6, "risk_level_cd": "ok"}}, {"type": "Feature", "geometry": {"type": "Polygon", "coordinates": [[[127.31251, 35.52079], [127.31249, 35.5298], [127.32352, 35.52982], [127.32354, 35.5208], [127.31251, 35.52079]]]}, "properties": {"grid_id": "다마8325", "region_type_cd": "RURAL", "households": 10, "buildings": 7, "avg_score": 33.1, "risk_level_cd": "ok"}}, {"type": "Feature", "geometry": {"type": "Polygon", "coordinates": [[[127.31249, 35.5298], [127.31246, 35.53882], [127.3235, 35.53884], [127.32352, 35.52982], [127.31249, 35.5298]]]}, "properties": {"grid_id": "다마8326", "region_type_cd": "RURAL", "households": 81, "buildings": 2, "avg_score": 32.5, "risk_level_cd": "ok"}}, {"type": "Feature", "geometry": {"type": "Polygon", "coordinates": [[[127.31246, 35.53882], [127.31244, 35.54784], [127.32348, 35.54785], [127.3235, 35.53884], [127.31246, 35.53882]]]}, "properties": {"grid_id": "다마8327", "region_type_cd": "RURAL", "households": 87, "buildings": 47, "avg_score": 29.9, "risk_level_cd": "ok"}}, {"type": "Feature", "geometry": {"type": "Polygon", "coordinates": [[[127.31244, 35.54784], [127.31242, 35.55685], [127.32346, 35.55687], [127.32348, 35.54785], [127.31244, 35.54784]]]}, "properties": {"grid_id": "다마8328", "region_type_cd": "RURAL", "households": 13, "buildings": 6, "avg_score": 39.8, "risk_level_cd": "warn"}}, {"type": "Feature", "geometry": {"type": "Polygon", "coordinates": [[[127.31242, 35.55685], [127.3124, 35.56587], [127.32344, 35.56589], [127.32346, 35.55687], [127.31242, 35.55685]]]}, "properties": {"grid_id": "다마8329", "region_type_cd": "RURAL", "households": 5, "buildings": 10, "avg_score": 28.5, "risk_level_cd": "ok"}}, {"type": "Feature", "geometry": {"type": "Polygon", "coordinates": [[[127.3124, 35.56587], [127.31238, 35.57489], [127.32342, 35.5749], [127.32344, 35.56589], [127.3124, 35.56587]]]}, "properties": {"grid_id": "다마8330", "region_type_cd": "RURAL", "households": 7, "buildings": 17, "avg_score": 38.0, "risk_level_cd": "warn"}}, {"type": "Feature", "geometry": {"type": "Polygon", "coordinates": [[[127.31238, 35.57489], [127.31236, 35.5839], [127.3234, 35.58392], [127.32342, 35.5749], [127.31238, 35.57489]]]}, "properties": {"grid_id": "다마8331", "region_type_cd": "RURAL", "households": 14, "buildings": 10, "avg_score": 35.3, "risk_level_cd": "warn"}}, {"type": "Feature", "geometry": {"type": "Polygon", "coordinates": [[[127.31236, 35.5839], [127.31234, 35.59292], [127.32338, 35.59294], [127.3234, 35.58392], [127.31236, 35.5839]]]}, "properties": {"grid_id": "다마8332", "region_type_cd": "RURAL", "households": 7, "buildings": 18, "avg_score": 39.4, "risk_level_cd": "warn"}}, {"type": "Feature", "geometry": {"type": "Polygon", "coordinates": [[[127.31234, 35.59292], [127.31232, 35.60194], [127.32336, 35.60195], [127.32338, 35.59294], [127.31234, 35.59292]]]}, "properties": {"grid_id": "다마8333", "region_type_cd": "RURAL", "households": 14, "buildings": 34, "avg_score": 30.6, "risk_level_cd": "ok"}}, {"type": "Feature", "geometry": {"type": "Polygon", "coordinates": [[[127.31232, 35.60194], [127.3123, 35.61095], [127.32334, 35.61097], [127.32336, 35.60195], [127.31232, 35.60194]]]}, "properties": {"grid_id": "다마8334", "region_type_cd": "RURAL", "households": 11, "buildings": 16, "avg_score": 34.9, "risk_level_cd": "ok"}}, {"type": "Feature", "geometry": {"type": "Polygon", "coordinates": [[[127.3123, 35.61095], [127.31228, 35.61997], [127.32332, 35.61999], [127.32334, 35.61097], [127.3123, 35.61095]]]}, "properties": {"grid_id": "다마8335", "region_type_cd": "RURAL", "households": 10, "buildings": 17, "avg_score": 42.1, "risk_level_cd": "warn"}}, {"type": "Feature", "geometry": {"type": "Polygon", "coordinates": [[[127.31228, 35.61997], [127.31225, 35.62899], [127.3233, 35.629], [127.32332, 35.61999], [127.31228, 35.61997]]]}, "properties": {"grid_id": "다마8336", "region_type_cd": "RURAL", "households": 13, "buildings": 24, "avg_score": 32.2, "risk_level_cd": "ok"}}, {"type": "Feature", "geometry": {"type": "Polygon", "coordinates": [[[127.31225, 35.62899], [127.31223, 35.638], [127.32328, 35.63802], [127.3233, 35.629], [127.31225, 35.62899]]]}, "properties": {"grid_id": "다마8337", "region_type_cd": "RURAL", "households": 10, "buildings": 19, "avg_score": 29.9, "risk_level_cd": "ok"}}, {"type": "Feature", "geometry": {"type": "Polygon", "coordinates": [[[127.31223, 35.638], [127.31221, 35.64702], [127.32326, 35.64704], [127.32328, 35.63802], [127.31223, 35.638]]]}, "properties": {"grid_id": "다마8338", "region_type_cd": "RURAL", "households": 3, "buildings": 11, "avg_score": 29.8, "risk_level_cd": "ok"}}, {"type": "Feature", "geometry": {"type": "Polygon", "coordinates": [[[127.31221, 35.64702], [127.31219, 35.65603], [127.32324, 35.65605], [127.32326, 35.64704], [127.31221, 35.64702]]]}, "properties": {"grid_id": "다마8339", "region_type_cd": "RURAL", "households": 1, "buildings": 1, "avg_score": 27.8, "risk_level_cd": "ok"}}, {"type": "Feature", "geometry": {"type": "Polygon", "coordinates": [[[127.31215, 35.67407], [127.31213, 35.68308], [127.32318, 35.6831], [127.3232, 35.67408], [127.31215, 35.67407]]]}, "properties": {"grid_id": "다마8342", "region_type_cd": "RURAL", "households": 16, "buildings": 11, "avg_score": 25.2, "risk_level_cd": "ok"}}, {"type": "Feature", "geometry": {"type": "Polygon", "coordinates": [[[127.32359, 35.49375], [127.32357, 35.50277], [127.3346, 35.50279], [127.33462, 35.49377], [127.32359, 35.49375]]]}, "properties": {"grid_id": "다마8422", "region_type_cd": "RURAL", "households": 7, "buildings": 6, "avg_score": 26.5, "risk_level_cd": "ok"}}, {"type": "Feature", "geometry": {"type": "Polygon", "coordinates": [[[127.32357, 35.50277], [127.32356, 35.51179], [127.33458, 35.5118], [127.3346, 35.50279], [127.32357, 35.50277]]]}, "properties": {"grid_id": "다마8423", "region_type_cd": "RURAL", "households": 11, "buildings": 20, "avg_score": 32.2, "risk_level_cd": "ok"}}, {"type": "Feature", "geometry": {"type": "Polygon", "coordinates": [[[127.32356, 35.51179], [127.32354, 35.5208], [127.33456, 35.52082], [127.33458, 35.5118], [127.32356, 35.51179]]]}, "properties": {"grid_id": "다마8424", "region_type_cd": "RURAL", "households": 4, "buildings": 5, "avg_score": 27.6, "risk_level_cd": "ok"}}, {"type": "Feature", "geometry": {"type": "Polygon", "coordinates": [[[127.32354, 35.5208], [127.32352, 35.52982], [127.33455, 35.52984], [127.33456, 35.52082], [127.32354, 35.5208]]]}, "properties": {"grid_id": "다마8425", "region_type_cd": "RURAL", "households": 71, "buildings": 7, "avg_score": 33.5, "risk_level_cd": "ok"}}, {"type": "Feature", "geometry": {"type": "Polygon", "coordinates": [[[127.32352, 35.52982], [127.3235, 35.53884], [127.33453, 35.53885], [127.33455, 35.52984], [127.32352, 35.52982]]]}, "properties": {"grid_id": "다마8426", "region_type_cd": "BUFFER", "households": 163, "buildings": 200, "avg_score": 47.2, "risk_level_cd": "warn"}}, {"type": "Feature", "geometry": {"type": "Polygon", "coordinates": [[[127.3235, 35.53884], [127.32348, 35.54785], [127.33451, 35.54787], [127.33453, 35.53885], [127.3235, 35.53884]]]}, "properties": {"grid_id": "다마8427", "region_type_cd": "BUFFER", "households": 160, "buildings": 175, "avg_score": 63.9, "risk_level_cd": "warn"}}, {"type": "Feature", "geometry": {"type": "Polygon", "coordinates": [[[127.32348, 35.54785], [127.32346, 35.55687], [127.33449, 35.55689], [127.33451, 35.54787], [127.32348, 35.54785]]]}, "properties": {"grid_id": "다마8428", "region_type_cd": "RURAL", "households": 76, "buildings": 47, "avg_score": 31.1, "risk_level_cd": "ok"}}, {"type": "Feature", "geometry": {"type": "Polygon", "coordinates": [[[127.32346, 35.55687], [127.32344, 35.56589], [127.33447, 35.5659], [127.33449, 35.55689], [127.32346, 35.55687]]]}, "properties": {"grid_id": "다마8429", "region_type_cd": "RURAL", "households": 6, "buildings": 11, "avg_score": 30.5, "risk_level_cd": "ok"}}, {"type": "Feature", "geometry": {"type": "Polygon", "coordinates": [[[127.32342, 35.5749], [127.3234, 35.58392], [127.33443, 35.58394], [127.33445, 35.57492], [127.32342, 35.5749]]]}, "properties": {"grid_id": "다마8431", "region_type_cd": "RURAL", "households": 4, "buildings": 8, "avg_score": 29.9, "risk_level_cd": "ok"}}, {"type": "Feature", "geometry": {"type": "Polygon", "coordinates": [[[127.32338, 35.59294], [127.32336, 35.60195], [127.3344, 35.60197], [127.33442, 35.59295], [127.32338, 35.59294]]]}, "properties": {"grid_id": "다마8433", "region_type_cd": "RURAL", "households": 9, "buildings": 15, "avg_score": 34.6, "risk_level_cd": "ok"}}, {"type": "Feature", "geometry": {"type": "Polygon", "coordinates": [[[127.32336, 35.60195], [127.32334, 35.61097], [127.33438, 35.61098], [127.3344, 35.60197], [127.32336, 35.60195]]]}, "properties": {"grid_id": "다마8434", "region_type_cd": "RURAL", "households": 13, "buildings": 29, "avg_score": 39.4, "risk_level_cd": "warn"}}, {"type": "Feature", "geometry": {"type": "Polygon", "coordinates": [[[127.32334, 35.61097], [127.32332, 35.61999], [127.33436, 35.62], [127.33438, 35.61098], [127.32334, 35.61097]]]}, "properties": {"grid_id": "다마8435", "region_type_cd": "RURAL", "households": 14, "buildings": 31, "avg_score": 35.9, "risk_level_cd": "warn"}}, {"type": "Feature", "geometry": {"type": "Polygon", "coordinates": [[[127.32332, 35.61999], [127.3233, 35.629], [127.33434, 35.62902], [127.33436, 35.62], [127.32332, 35.61999]]]}, "properties": {"grid_id": "다마8436", "region_type_cd": "RURAL", "households": 12, "buildings": 21, "avg_score": 36.3, "risk_level_cd": "warn"}}, {"type": "Feature", "geometry": {"type": "Polygon", "coordinates": [[[127.3233, 35.629], [127.32328, 35.63802], [127.33432, 35.63803], [127.33434, 35.62902], [127.3233, 35.629]]]}, "properties": {"grid_id": "다마8437", "region_type_cd": "RURAL", "households": 17, "buildings": 48, "avg_score": 31.6, "risk_level_cd": "ok"}}, {"type": "Feature", "geometry": {"type": "Polygon", "coordinates": [[[127.32328, 35.63802], [127.32326, 35.64704], [127.3343, 35.64705], [127.33432, 35.63803], [127.32328, 35.63802]]]}, "properties": {"grid_id": "다마8438", "region_type_cd": "RURAL", "households": 3, "buildings": 2, "avg_score": 28.5, "risk_level_cd": "ok"}}, {"type": "Feature", "geometry": {"type": "Polygon", "coordinates": [[[127.32324, 35.65605], [127.32322, 35.66507], [127.33427, 35.66508], [127.33429, 35.65607], [127.32324, 35.65605]]]}, "properties": {"grid_id": "다마8440", "region_type_cd": "RURAL", "households": 6, "buildings": 7, "avg_score": 34.5, "risk_level_cd": "ok"}}, {"type": "Feature", "geometry": {"type": "Polygon", "coordinates": [[[127.33462, 35.49377], [127.3346, 35.50279], [127.34563, 35.5028], [127.34565, 35.49378], [127.33462, 35.49377]]]}, "properties": {"grid_id": "다마8522", "region_type_cd": "RURAL", "households": 11, "buildings": 17, "avg_score": 31.5, "risk_level_cd": "ok"}}, {"type": "Feature", "geometry": {"type": "Polygon", "coordinates": [[[127.3346, 35.50279], [127.33458, 35.5118], [127.34561, 35.51182], [127.34563, 35.5028], [127.3346, 35.50279]]]}, "properties": {"grid_id": "다마8523", "region_type_cd": "RURAL", "households": 11, "buildings": 21, "avg_score": 33.2, "risk_level_cd": "ok"}}, {"type": "Feature", "geometry": {"type": "Polygon", "coordinates": [[[127.33458, 35.5118], [127.33456, 35.52082], [127.34559, 35.52083], [127.34561, 35.51182], [127.33458, 35.5118]]]}, "properties": {"grid_id": "다마8524", "region_type_cd": "RURAL", "households": 11, "buildings": 11, "avg_score": 28.3, "risk_level_cd": "ok"}}, {"type": "Feature", "geometry": {"type": "Polygon", "coordinates": [[[127.33456, 35.52082], [127.33455, 35.52984], [127.34558, 35.52985], [127.34559, 35.52083], [127.33456, 35.52082]]]}, "properties": {"grid_id": "다마8525", "region_type_cd": "RURAL", "households": 17, "buildings": 23, "avg_score": 30.1, "risk_level_cd": "ok"}}, {"type": "Feature", "geometry": {"type": "Polygon", "coordinates": [[[127.33455, 35.52984], [127.33453, 35.53885], [127.34556, 35.53887], [127.34558, 35.52985], [127.33455, 35.52984]]]}, "properties": {"grid_id": "다마8526", "region_type_cd": "RURAL", "households": 87, "buildings": 9, "avg_score": 23.8, "risk_level_cd": "ok"}}, {"type": "Feature", "geometry": {"type": "Polygon", "coordinates": [[[127.33453, 35.53885], [127.33451, 35.54787], [127.34554, 35.54788], [127.34556, 35.53887], [127.33453, 35.53885]]]}, "properties": {"grid_id": "다마8527", "region_type_cd": "RURAL", "households": 75, "buildings": 13, "avg_score": 47.6, "risk_level_cd": "warn"}}, {"type": "Feature", "geometry": {"type": "Polygon", "coordinates": [[[127.33451, 35.54787], [127.33449, 35.55689], [127.34552, 35.5569], [127.34554, 35.54788], [127.33451, 35.54787]]]}, "properties": {"grid_id": "다마8528", "region_type_cd": "RURAL", "households": 15, "buildings": 22, "avg_score": 34.5, "risk_level_cd": "ok"}}, {"type": "Feature", "geometry": {"type": "Polygon", "coordinates": [[[127.33449, 35.55689], [127.33447, 35.5659], [127.34551, 35.56592], [127.34552, 35.5569], [127.33449, 35.55689]]]}, "properties": {"grid_id": "다마8529", "region_type_cd": "RURAL", "households": 14, "buildings": 26, "avg_score": 39.7, "risk_level_cd": "warn"}}, {"type": "Feature", "geometry": {"type": "Polygon", "coordinates": [[[127.33447, 35.5659], [127.33445, 35.57492], [127.34549, 35.57493], [127.34551, 35.56592], [127.33447, 35.5659]]]}, "properties": {"grid_id": "다마8530", "region_type_cd": "RURAL", "households": 10, "buildings": 22, "avg_score": 38.0, "risk_level_cd": "warn"}}, {"type": "Feature", "geometry": {"type": "Polygon", "coordinates": [[[127.33445, 35.57492], [127.33443, 35.58394], [127.34547, 35.58395], [127.34549, 35.57493], [127.33445, 35.57492]]]}, "properties": {"grid_id": "다마8531", "region_type_cd": "RURAL", "households": 9, "buildings": 28, "avg_score": 39.2, "risk_level_cd": "warn"}}, {"type": "Feature", "geometry": {"type": "Polygon", "coordinates": [[[127.33438, 35.61098], [127.33436, 35.62], [127.3454, 35.62002], [127.34542, 35.611], [127.33438, 35.61098]]]}, "properties": {"grid_id": "다마8535", "region_type_cd": "RURAL", "households": 7, "buildings": 7, "avg_score": 39.4, "risk_level_cd": "warn"}}, {"type": "Feature", "geometry": {"type": "Polygon", "coordinates": [[[127.33436, 35.62], [127.33434, 35.62902], [127.34539, 35.62903], [127.3454, 35.62002], [127.33436, 35.62]]]}, "properties": {"grid_id": "다마8536", "region_type_cd": "RURAL", "households": 10, "buildings": 20, "avg_score": 35.6, "risk_level_cd": "warn"}}, {"type": "Feature", "geometry": {"type": "Polygon", "coordinates": [[[127.33434, 35.62902], [127.33432, 35.63803], [127.34537, 35.63805], [127.34539, 35.62903], [127.33434, 35.62902]]]}, "properties": {"grid_id": "다마8537", "region_type_cd": "RURAL", "households": 16, "buildings": 40, "avg_score": 32.0, "risk_level_cd": "ok"}}, {"type": "Feature", "geometry": {"type": "Polygon", "coordinates": [[[127.33432, 35.63803], [127.3343, 35.64705], [127.34535, 35.64707], [127.34537, 35.63805], [127.33432, 35.63803]]]}, "properties": {"grid_id": "다마8538", "region_type_cd": "RURAL", "households": 4, "buildings": 2, "avg_score": 29.8, "risk_level_cd": "ok"}}, {"type": "Feature", "geometry": {"type": "Polygon", "coordinates": [[[127.3343, 35.64705], [127.33429, 35.65607], [127.34533, 35.65608], [127.34535, 35.64707], [127.3343, 35.64705]]]}, "properties": {"grid_id": "다마8539", "region_type_cd": "RURAL", "households": 3, "buildings": 8, "avg_score": 37.5, "risk_level_cd": "warn"}}, {"type": "Feature", "geometry": {"type": "Polygon", "coordinates": [[[127.33429, 35.65607], [127.33427, 35.66508], [127.34532, 35.6651], [127.34533, 35.65608], [127.33429, 35.65607]]]}, "properties": {"grid_id": "다마8540", "region_type_cd": "RURAL", "households": 1, "buildings": 1, "avg_score": 23.2, "risk_level_cd": "ok"}}, {"type": "Feature", "geometry": {"type": "Polygon", "coordinates": [[[127.34565, 35.49378], [127.34563, 35.5028], [127.35665, 35.50281], [127.35667, 35.4938], [127.34565, 35.49378]]]}, "properties": {"grid_id": "다마8622", "region_type_cd": "RURAL", "households": 10, "buildings": 10, "avg_score": 32.9, "risk_level_cd": "ok"}}, {"type": "Feature", "geometry": {"type": "Polygon", "coordinates": [[[127.34563, 35.5028], [127.34561, 35.51182], [127.35664, 35.51183], [127.35665, 35.50281], [127.34563, 35.5028]]]}, "properties": {"grid_id": "다마8623", "region_type_cd": "RURAL", "households": 8, "buildings": 9, "avg_score": 36.4, "risk_level_cd": "warn"}}, {"type": "Feature", "geometry": {"type": "Polygon", "coordinates": [[[127.34561, 35.51182], [127.34559, 35.52083], [127.35662, 35.52085], [127.35664, 35.51183], [127.34561, 35.51182]]]}, "properties": {"grid_id": "다마8624", "region_type_cd": "RURAL", "households": 15, "buildings": 1, "avg_score": 23.0, "risk_level_cd": "ok"}}, {"type": "Feature", "geometry": {"type": "Polygon", "coordinates": [[[127.34554, 35.54788], [127.34552, 35.5569], [127.35656, 35.55691], [127.35657, 35.5479], [127.34554, 35.54788]]]}, "properties": {"grid_id": "다마8628", "region_type_cd": "RURAL", "households": 18, "buildings": 29, "avg_score": 40.2, "risk_level_cd": "warn"}}, {"type": "Feature", "geometry": {"type": "Polygon", "coordinates": [[[127.34552, 35.5569], [127.34551, 35.56592], [127.35654, 35.56593], [127.35656, 35.55691], [127.34552, 35.5569]]]}, "properties": {"grid_id": "다마8629", "region_type_cd": "RURAL", "households": 21, "buildings": 70, "avg_score": 34.0, "risk_level_cd": "ok"}}, {"type": "Feature", "geometry": {"type": "Polygon", "coordinates": [[[127.34551, 35.56592], [127.34549, 35.57493], [127.35653, 35.57495], [127.35654, 35.56593], [127.34551, 35.56592]]]}, "properties": {"grid_id": "다마8630", "region_type_cd": "RURAL", "households": 12, "buildings": 27, "avg_score": 38.3, "risk_level_cd": "warn"}}, {"type": "Feature", "geometry": {"type": "Polygon", "coordinates": [[[127.34549, 35.57493], [127.34547, 35.58395], [127.35651, 35.58396], [127.35653, 35.57495], [127.34549, 35.57493]]]}, "properties": {"grid_id": "다마8631", "region_type_cd": "RURAL", "households": 8, "buildings": 10, "avg_score": 32.3, "risk_level_cd": "ok"}}, {"type": "Feature", "geometry": {"type": "Polygon", "coordinates": [[[127.34547, 35.58395], [127.34546, 35.59297], [127.35649, 35.59298], [127.35651, 35.58396], [127.34547, 35.58395]]]}, "properties": {"grid_id": "다마8632", "region_type_cd": "RURAL", "households": 15, "buildings": 30, "avg_score": 100.0, "risk_level_cd": "danger"}}, {"type": "Feature", "geometry": {"type": "Polygon", "coordinates": [[[127.3454, 35.62002], [127.34539, 35.62903], [127.35643, 35.62905], [127.35645, 35.62003], [127.3454, 35.62002]]]}, "properties": {"grid_id": "다마8636", "region_type_cd": "RURAL", "households": 15, "buildings": 36, "avg_score": 30.3, "risk_level_cd": "ok"}}, {"type": "Feature", "geometry": {"type": "Polygon", "coordinates": [[[127.34539, 35.62903], [127.34537, 35.63805], [127.35641, 35.63806], [127.35643, 35.62905], [127.34539, 35.62903]]]}, "properties": {"grid_id": "다마8637", "region_type_cd": "RURAL", "households": 13, "buildings": 19, "avg_score": 31.3, "risk_level_cd": "ok"}}, {"type": "Feature", "geometry": {"type": "Polygon", "coordinates": [[[127.34537, 35.63805], [127.34535, 35.64707], [127.3564, 35.64708], [127.35641, 35.63806], [127.34537, 35.63805]]]}, "properties": {"grid_id": "다마8638", "region_type_cd": "RURAL", "households": 12, "buildings": 15, "avg_score": 27.8, "risk_level_cd": "ok"}}, {"type": "Feature", "geometry": {"type": "Polygon", "coordinates": [[[127.34535, 35.64707], [127.34533, 35.65608], [127.35638, 35.6561], [127.3564, 35.64708], [127.34535, 35.64707]]]}, "properties": {"grid_id": "다마8639", "region_type_cd": "RURAL", "households": 7, "buildings": 8, "avg_score": 36.7, "risk_level_cd": "warn"}}, {"type": "Feature", "geometry": {"type": "Polygon", "coordinates": [[[127.34533, 35.65608], [127.34532, 35.6651], [127.35636, 35.66511], [127.35638, 35.6561], [127.34533, 35.65608]]]}, "properties": {"grid_id": "다마8640", "region_type_cd": "RURAL", "households": 0, "buildings": 1, "avg_score": 34.3, "risk_level_cd": "ok"}}, {"type": "Feature", "geometry": {"type": "Polygon", "coordinates": [[[127.35656, 35.55691], [127.35654, 35.56593], [127.36758, 35.56594], [127.36759, 35.55693], [127.35656, 35.55691]]]}, "properties": {"grid_id": "다마8729", "region_type_cd": "RURAL", "households": 18, "buildings": 42, "avg_score": 39.9, "risk_level_cd": "warn"}}, {"type": "Feature", "geometry": {"type": "Polygon", "coordinates": [[[127.35654, 35.56593], [127.35653, 35.57495], [127.36756, 35.57496], [127.36758, 35.56594], [127.35654, 35.56593]]]}, "properties": {"grid_id": "다마8730", "region_type_cd": "RURAL", "households": 12, "buildings": 15, "avg_score": 32.4, "risk_level_cd": "ok"}}, {"type": "Feature", "geometry": {"type": "Polygon", "coordinates": [[[127.35653, 35.57495], [127.35651, 35.58396], [127.36755, 35.58398], [127.36756, 35.57496], [127.35653, 35.57495]]]}, "properties": {"grid_id": "다마8731", "region_type_cd": "RURAL", "households": 20, "buildings": 25, "avg_score": 40.9, "risk_level_cd": "warn"}}, {"type": "Feature", "geometry": {"type": "Polygon", "coordinates": [[[127.35651, 35.58396], [127.35649, 35.59298], [127.36753, 35.59299], [127.36755, 35.58398], [127.35651, 35.58396]]]}, "properties": {"grid_id": "다마8732", "region_type_cd": "RURAL", "households": 13, "buildings": 18, "avg_score": 100.0, "risk_level_cd": "danger"}}, {"type": "Feature", "geometry": {"type": "Polygon", "coordinates": [[[127.35649, 35.59298], [127.35648, 35.602], [127.36752, 35.60201], [127.36753, 35.59299], [127.35649, 35.59298]]]}, "properties": {"grid_id": "다마8733", "region_type_cd": "RURAL", "households": 11, "buildings": 22, "avg_score": 32.1, "risk_level_cd": "ok"}}, {"type": "Feature", "geometry": {"type": "Polygon", "coordinates": [[[127.35646, 35.61101], [127.35645, 35.62003], [127.36749, 35.62004], [127.3675, 35.61103], [127.35646, 35.61101]]]}, "properties": {"grid_id": "다마8735", "region_type_cd": "RURAL", "households": 4, "buildings": 8, "avg_score": 31.9, "risk_level_cd": "ok"}}, {"type": "Feature", "geometry": {"type": "Polygon", "coordinates": [[[127.35643, 35.62905], [127.35641, 35.63806], [127.36746, 35.63808], [127.36747, 35.62906], [127.35643, 35.62905]]]}, "properties": {"grid_id": "다마8737", "region_type_cd": "RURAL", "households": 6, "buildings": 3, "avg_score": 31.8, "risk_level_cd": "ok"}}, {"type": "Feature", "geometry": {"type": "Polygon", "coordinates": [[[127.35641, 35.63806], [127.3564, 35.64708], [127.36744, 35.64709], [127.36746, 35.63808], [127.35641, 35.63806]]]}, "properties": {"grid_id": "다마8738", "region_type_cd": "RURAL", "households": 3, "buildings": 5, "avg_score": 46.3, "risk_level_cd": "warn"}}, {"type": "Feature", "geometry": {"type": "Polygon", "coordinates": [[[127.3564, 35.64708], [127.35638, 35.6561], [127.36743, 35.65611], [127.36744, 35.64709], [127.3564, 35.64708]]]}, "properties": {"grid_id": "다마8739", "region_type_cd": "RURAL", "households": 5, "buildings": 9, "avg_score": 40.5, "risk_level_cd": "warn"}}, {"type": "Feature", "geometry": {"type": "Polygon", "coordinates": [[[127.35638, 35.6561], [127.35636, 35.66511], [127.36741, 35.66512], [127.36743, 35.65611], [127.35638, 35.6561]]]}, "properties": {"grid_id": "다마8740", "region_type_cd": "RURAL", "households": 5, "buildings": 4, "avg_score": 26.7, "risk_level_cd": "ok"}}, {"type": "Feature", "geometry": {"type": "Polygon", "coordinates": [[[127.36758, 35.56594], [127.36756, 35.57496], [127.3786, 35.57497], [127.37861, 35.56595], [127.36758, 35.56594]]]}, "properties": {"grid_id": "다마8830", "region_type_cd": "RURAL", "households": 16, "buildings": 15, "avg_score": 38.5, "risk_level_cd": "warn"}}, {"type": "Feature", "geometry": {"type": "Polygon", "coordinates": [[[127.36756, 35.57496], [127.36755, 35.58398], [127.37859, 35.58399], [127.3786, 35.57497], [127.36756, 35.57496]]]}, "properties": {"grid_id": "다마8831", "region_type_cd": "RURAL", "households": 25, "buildings": 56, "avg_score": 27.1, "risk_level_cd": "ok"}}, {"type": "Feature", "geometry": {"type": "Polygon", "coordinates": [[[127.36755, 35.58398], [127.36753, 35.59299], [127.37857, 35.593], [127.37859, 35.58399], [127.36755, 35.58398]]]}, "properties": {"grid_id": "다마8832", "region_type_cd": "RURAL", "households": 12, "buildings": 3, "avg_score": 44.8, "risk_level_cd": "warn"}}, {"type": "Feature", "geometry": {"type": "Polygon", "coordinates": [[[127.36749, 35.62004], [127.36747, 35.62906], [127.37852, 35.62907], [127.37853, 35.62005], [127.36749, 35.62004]]]}, "properties": {"grid_id": "다마8836", "region_type_cd": "RURAL", "households": 6, "buildings": 16, "avg_score": 99.7, "risk_level_cd": "danger"}}, {"type": "Feature", "geometry": {"type": "Polygon", "coordinates": [[[127.36747, 35.62906], [127.36746, 35.63808], [127.3785, 35.63809], [127.37852, 35.62907], [127.36747, 35.62906]]]}, "properties": {"grid_id": "다마8837", "region_type_cd": "RURAL", "households": 0, "buildings": 1, "avg_score": 23.6, "risk_level_cd": "ok"}}, {"type": "Feature", "geometry": {"type": "Polygon", "coordinates": [[[127.36746, 35.63808], [127.36744, 35.64709], [127.37849, 35.6471], [127.3785, 35.63809], [127.36746, 35.63808]]]}, "properties": {"grid_id": "다마8838", "region_type_cd": "RURAL", "households": 2, "buildings": 2, "avg_score": 32.1, "risk_level_cd": "ok"}}, {"type": "Feature", "geometry": {"type": "Polygon", "coordinates": [[[127.36744, 35.64709], [127.36743, 35.65611], [127.37848, 35.65612], [127.37849, 35.6471], [127.36744, 35.64709]]]}, "properties": {"grid_id": "다마8839", "region_type_cd": "RURAL", "households": 2, "buildings": 1, "avg_score": 26.2, "risk_level_cd": "ok"}}, {"type": "Feature", "geometry": {"type": "Polygon", "coordinates": [[[127.37853, 35.62005], [127.37852, 35.62907], [127.38956, 35.62908], [127.38957, 35.62006], [127.37853, 35.62005]]]}, "properties": {"grid_id": "다마8936", "region_type_cd": "RURAL", "households": 5, "buildings": 9, "avg_score": 26.8, "risk_level_cd": "ok"}}, {"type": "Feature", "geometry": {"type": "Polygon", "coordinates": [[[127.3785, 35.63809], [127.37849, 35.6471], [127.38954, 35.64711], [127.38955, 35.6381], [127.3785, 35.63809]]]}, "properties": {"grid_id": "다마8938", "region_type_cd": "RURAL", "households": 6, "buildings": 13, "avg_score": 32.0, "risk_level_cd": "ok"}}, {"type": "Feature", "geometry": {"type": "Polygon", "coordinates": [[[127.37849, 35.6471], [127.37848, 35.65612], [127.38952, 35.65613], [127.38954, 35.64711], [127.37849, 35.6471]]]}, "properties": {"grid_id": "다마8939", "region_type_cd": "RURAL", "households": 4, "buildings": 5, "avg_score": 24.9, "risk_level_cd": "ok"}}, {"type": "Feature", "geometry": {"type": "Polygon", "coordinates": [[[127.38957, 35.62006], [127.38956, 35.62908], [127.4006, 35.62909], [127.40062, 35.62007], [127.38957, 35.62006]]]}, "properties": {"grid_id": "다마9036", "region_type_cd": "RURAL", "households": 1, "buildings": 4, "avg_score": 40.7, "risk_level_cd": "warn"}}, {"type": "Feature", "geometry": {"type": "Polygon", "coordinates": [[[127.38956, 35.62908], [127.38955, 35.6381], [127.40059, 35.63811], [127.4006, 35.62909], [127.38956, 35.62908]]]}, "properties": {"grid_id": "다마9037", "region_type_cd": "RURAL", "households": 1, "buildings": 2, "avg_score": 26.7, "risk_level_cd": "ok"}}, {"type": "Feature", "geometry": {"type": "Polygon", "coordinates": [[[127.38954, 35.64711], [127.38952, 35.65613], [127.40057, 35.65614], [127.40058, 35.64712], [127.38954, 35.64711]]]}, "properties": {"grid_id": "다마9039", "region_type_cd": "RURAL", "households": 2, "buildings": 3, "avg_score": 25.2, "risk_level_cd": "ok"}}, {"type": "Feature", "geometry": {"type": "Polygon", "coordinates": [[[127.40063, 35.61106], [127.40062, 35.62007], [127.41166, 35.62008], [127.41167, 35.61107], [127.40063, 35.61106]]]}, "properties": {"grid_id": "다마9135", "region_type_cd": "RURAL", "households": 1, "buildings": 3, "avg_score": 27.2, "risk_level_cd": "ok"}}, {"type": "Feature", "geometry": {"type": "Polygon", "coordinates": [[[127.40062, 35.62007], [127.4006, 35.62909], [127.41165, 35.6291], [127.41166, 35.62008], [127.40062, 35.62007]]]}, "properties": {"grid_id": "다마9136", "region_type_cd": "RURAL", "households": 1, "buildings": 7, "avg_score": 25.9, "risk_level_cd": "ok"}}, {"type": "Feature", "geometry": {"type": "Polygon", "coordinates": [[[127.41167, 35.61107], [127.41166, 35.62008], [127.4227, 35.62009], [127.42271, 35.61107], [127.41167, 35.61107]]]}, "properties": {"grid_id": "다마9235", "region_type_cd": "RURAL", "households": 1, "buildings": 3, "avg_score": 25.8, "risk_level_cd": "ok"}}, {"type": "Feature", "geometry": {"type": "Polygon", "coordinates": [[[127.41166, 35.62008], [127.41165, 35.6291], [127.42269, 35.62911], [127.4227, 35.62009], [127.41166, 35.62008]]]}, "properties": {"grid_id": "다마9236", "region_type_cd": "RURAL", "households": 1, "buildings": 1, "avg_score": 26.2, "risk_level_cd": "ok"}}, {"type": "Feature", "geometry": {"type": "Polygon", "coordinates": [[[126.88927, 37.47565], [126.8892, 37.48466], [126.90051, 37.48472], [126.90058, 37.47571], [126.88927, 37.47565]]]}, "properties": {"grid_id": "다사4642", "region_type_cd": "URBAN", "households": 6194, "buildings": 14, "avg_score": 64.4, "risk_level_cd": "warn"}}, {"type": "Feature", "geometry": {"type": "Polygon", "coordinates": [[[126.90065, 37.46669], [126.90058, 37.47571], [126.91189, 37.47576], [126.91196, 37.46675], [126.90065, 37.46669]]]}, "properties": {"grid_id": "다사4741", "region_type_cd": "URBAN", "households": 4161, "buildings": 4, "avg_score": 43.1, "risk_level_cd": "warn"}}, {"type": "Feature", "geometry": {"type": "Polygon", "coordinates": [[[126.90058, 37.47571], [126.90051, 37.48472], [126.91182, 37.48478], [126.91189, 37.47576], [126.90058, 37.47571]]]}, "properties": {"grid_id": "다사4742", "region_type_cd": "URBAN", "households": 6304, "buildings": 642, "avg_score": 68.2, "risk_level_cd": "warn"}}, {"type": "Feature", "geometry": {"type": "Polygon", "coordinates": [[[126.90051, 37.48472], [126.90044, 37.49373], [126.91175, 37.49379], [126.91182, 37.48478], [126.90051, 37.48472]]]}, "properties": {"grid_id": "다사4743", "region_type_cd": "URBAN", "households": 5580, "buildings": 48, "avg_score": 84.8, "risk_level_cd": "danger"}}, {"type": "Feature", "geometry": {"type": "Polygon", "coordinates": [[[126.91203, 37.45774], [126.91196, 37.46675], [126.92327, 37.46681], [126.92334, 37.45779], [126.91203, 37.45774]]]}, "properties": {"grid_id": "다사4840", "region_type_cd": "URBAN", "households": 3476, "buildings": 653, "avg_score": 44.6, "risk_level_cd": "warn"}}, {"type": "Feature", "geometry": {"type": "Polygon", "coordinates": [[[126.91196, 37.46675], [126.91189, 37.47576], [126.9232, 37.47582], [126.92327, 37.46681], [126.91196, 37.46675]]]}, "properties": {"grid_id": "다사4841", "region_type_cd": "URBAN", "households": 5495, "buildings": 1603, "avg_score": 64.1, "risk_level_cd": "warn"}}, {"type": "Feature", "geometry": {"type": "Polygon", "coordinates": [[[126.91189, 37.47576], [126.91182, 37.48478], [126.92313, 37.48483], [126.9232, 37.47582], [126.91189, 37.47576]]]}, "properties": {"grid_id": "다사4842", "region_type_cd": "URBAN", "households": 7165, "buildings": 1455, "avg_score": 61.3, "risk_level_cd": "warn"}}, {"type": "Feature", "geometry": {"type": "Polygon", "coordinates": [[[126.91182, 37.48478], [126.91175, 37.49379], [126.92306, 37.49385], [126.92313, 37.48483], [126.91182, 37.48478]]]}, "properties": {"grid_id": "다사4843", "region_type_cd": "URBAN", "households": 7411, "buildings": 1225, "avg_score": 70.5, "risk_level_cd": "danger"}}, {"type": "Feature", "geometry": {"type": "Polygon", "coordinates": [[[126.92334, 37.45779], [126.92327, 37.46681], [126.93458, 37.46686], [126.93465, 37.45785], [126.92334, 37.45779]]]}, "properties": {"grid_id": "다사4940", "region_type_cd": "URBAN", "households": 3732, "buildings": 156, "avg_score": 54.2, "risk_level_cd": "warn"}}, {"type": "Feature", "geometry": {"type": "Polygon", "coordinates": [[[126.92327, 37.46681], [126.9232, 37.47582], [126.93451, 37.47588], [126.93458, 37.46686], [126.92327, 37.46681]]]}, "properties": {"grid_id": "다사4941", "region_type_cd": "URBAN", "households": 6241, "buildings": 1500, "avg_score": 75.4, "risk_level_cd": "danger"}}, {"type": "Feature", "geometry": {"type": "Polygon", "coordinates": [[[126.9232, 37.47582], [126.92313, 37.48483], [126.93444, 37.48489], [126.93451, 37.47588], [126.9232, 37.47582]]]}, "properties": {"grid_id": "다사4942", "region_type_cd": "URBAN", "households": 9072, "buildings": 2355, "avg_score": 70.4, "risk_level_cd": "danger"}}, {"type": "Feature", "geometry": {"type": "Polygon", "coordinates": [[[126.92313, 37.48483], [126.92306, 37.49385], [126.93437, 37.4939], [126.93444, 37.48489], [126.92313, 37.48483]]]}, "properties": {"grid_id": "다사4943", "region_type_cd": "URBAN", "households": 9846, "buildings": 1672, "avg_score": 64.9, "risk_level_cd": "warn"}}, {"type": "Feature", "geometry": {"type": "Polygon", "coordinates": [[[126.92306, 37.49385], [126.92299, 37.50286], [126.93431, 37.50292], [126.93437, 37.4939], [126.92306, 37.49385]]]}, "properties": {"grid_id": "다사4944", "region_type_cd": "URBAN", "households": 8812, "buildings": 3, "avg_score": 53.4, "risk_level_cd": "warn"}}, {"type": "Feature", "geometry": {"type": "Polygon", "coordinates": [[[126.93465, 37.45785], [126.93458, 37.46686], [126.94589, 37.46692], [126.94595, 37.4579], [126.93465, 37.45785]]]}, "properties": {"grid_id": "다사5040", "region_type_cd": "URBAN", "households": 4600, "buildings": 419, "avg_score": 65.6, "risk_level_cd": "warn"}}, {"type": "Feature", "geometry": {"type": "Polygon", "coordinates": [[[126.93458, 37.46686], [126.93451, 37.47588], [126.94582, 37.47593], [126.94589, 37.46692], [126.93458, 37.46686]]]}, "properties": {"grid_id": "다사5041", "region_type_cd": "URBAN", "households": 7220, "buildings": 1318, "avg_score": 55.6, "risk_level_cd": "warn"}}, {"type": "Feature", "geometry": {"type": "Polygon", "coordinates": [[[126.93451, 37.47588], [126.93444, 37.48489], [126.94575, 37.48494], [126.94582, 37.47593], [126.93451, 37.47588]]]}, "properties": {"grid_id": "다사5042", "region_type_cd": "URBAN", "households": 8981, "buildings": 1737, "avg_score": 52.5, "risk_level_cd": "warn"}}, {"type": "Feature", "geometry": {"type": "Polygon", "coordinates": [[[126.93444, 37.48489], [126.93437, 37.4939], [126.94569, 37.49396], [126.94575, 37.48494], [126.93444, 37.48489]]]}, "properties": {"grid_id": "다사5043", "region_type_cd": "URBAN", "households": 7770, "buildings": 1391, "avg_score": 58.2, "risk_level_cd": "warn"}}, {"type": "Feature", "geometry": {"type": "Polygon", "coordinates": [[[126.94602, 37.44889], [126.94595, 37.4579], [126.95726, 37.45795], [126.95732, 37.44894], [126.94602, 37.44889]]]}, "properties": {"grid_id": "다사5139", "region_type_cd": "URBAN", "households": 4, "buildings": 5, "avg_score": 36.8, "risk_level_cd": "warn"}}, {"type": "Feature", "geometry": {"type": "Polygon", "coordinates": [[[126.94595, 37.4579], [126.94589, 37.46692], [126.95719, 37.46697], [126.95726, 37.45795], [126.94595, 37.4579]]]}, "properties": {"grid_id": "다사5140", "region_type_cd": "NO_POP", "households": 410, "buildings": 1, "avg_score": 41.7, "risk_level_cd": "warn"}}, {"type": "Feature", "geometry": {"type": "Polygon", "coordinates": [[[126.94589, 37.46692], [126.94582, 37.47593], [126.95713, 37.47598], [126.95719, 37.46697], [126.94589, 37.46692]]]}, "properties": {"grid_id": "다사5141", "region_type_cd": "URBAN", "households": 5706, "buildings": 52, "avg_score": 43.1, "risk_level_cd": "warn"}}, {"type": "Feature", "geometry": {"type": "Polygon", "coordinates": [[[126.94582, 37.47593], [126.94575, 37.48494], [126.95706, 37.48499], [126.95713, 37.47598], [126.94582, 37.47593]]]}, "properties": {"grid_id": "다사5142", "region_type_cd": "URBAN", "households": 10643, "buildings": 1705, "avg_score": 33.8, "risk_level_cd": "ok"}}, {"type": "Feature", "geometry": {"type": "Polygon", "coordinates": [[[126.94575, 37.48494], [126.94569, 37.49396], [126.957, 37.49401], [126.95706, 37.48499], [126.94575, 37.48494]]]}, "properties": {"grid_id": "다사5143", "region_type_cd": "URBAN", "households": 8796, "buildings": 895, "avg_score": 50.1, "risk_level_cd": "warn"}}, {"type": "Feature", "geometry": {"type": "Polygon", "coordinates": [[[126.95719, 37.46697], [126.95713, 37.47598], [126.96844, 37.47603], [126.9685, 37.46702], [126.95719, 37.46697]]]}, "properties": {"grid_id": "다사5241", "region_type_cd": "URBAN", "households": 5633, "buildings": 1014, "avg_score": 66.0, "risk_level_cd": "warn"}}, {"type": "Feature", "geometry": {"type": "Polygon", "coordinates": [[[126.95713, 37.47598], [126.95706, 37.48499], [126.96837, 37.48505], [126.96844, 37.47603], [126.95713, 37.47598]]]}, "properties": {"grid_id": "다사5242", "region_type_cd": "URBAN", "households": 8666, "buildings": 1150, "avg_score": 53.3, "risk_level_cd": "warn"}}, {"type": "Feature", "geometry": {"type": "Polygon", "coordinates": [[[126.95706, 37.48499], [126.957, 37.49401], [126.96831, 37.49406], [126.96837, 37.48505], [126.95706, 37.48499]]]}, "properties": {"grid_id": "다사5243", "region_type_cd": "URBAN", "households": 7090, "buildings": 502, "avg_score": 68.5, "risk_level_cd": "warn"}}, {"type": "Feature", "geometry": {"type": "Polygon", "coordinates": [[[126.9685, 37.46702], [126.96844, 37.47603], [126.97975, 37.47608], [126.97981, 37.46707], [126.9685, 37.46702]]]}, "properties": {"grid_id": "다사5341", "region_type_cd": "URBAN", "households": 5539, "buildings": 922, "avg_score": 67.4, "risk_level_cd": "warn"}}, {"type": "Feature", "geometry": {"type": "Polygon", "coordinates": [[[126.96844, 37.47603], [126.96837, 37.48505], [126.97968, 37.4851], [126.97975, 37.47608], [126.96844, 37.47603]]]}, "properties": {"grid_id": "다사5342", "region_type_cd": "URBAN", "households": 5637, "buildings": 7, "avg_score": 77.4, "risk_level_cd": "danger"}}, {"type": "Feature", "geometry": {"type": "Polygon", "coordinates": [[[126.97987, 37.45806], [126.97981, 37.46707], [126.99112, 37.46712], [126.99118, 37.45811], [126.97987, 37.45806]]]}, "properties": {"grid_id": "다사5440", "region_type_cd": "BUFFER", "households": 387, "buildings": 3, "avg_score": 59.8, "risk_level_cd": "warn"}}, {"type": "Feature", "geometry": {"type": "Polygon", "coordinates": [[[126.97981, 37.46707], [126.97975, 37.47608], [126.99106, 37.47613], [126.99112, 37.46712], [126.97981, 37.46707]]]}, "properties": {"grid_id": "다사5441", "region_type_cd": "URBAN", "households": 3317, "buildings": 50, "avg_score": 52.0, "risk_level_cd": "warn"}}, {"type": "Feature", "geometry": {"type": "Polygon", "coordinates": [[[129.00388, 35.1419], [129.00405, 35.15092], [129.01503, 35.15078], [129.01486, 35.14177], [129.00388, 35.1419]]]}, "properties": {"grid_id": "마라3784", "region_type_cd": "URBAN", "households": 3147, "buildings": 4, "avg_score": 29.4, "risk_level_cd": "ok"}}, {"type": "Feature", "geometry": {"type": "Polygon", "coordinates": [[[129.01486, 35.14177], [129.01503, 35.15078], [129.026, 35.15064], [129.02583, 35.14163], [129.01486, 35.14177]]]}, "properties": {"grid_id": "마라3884", "region_type_cd": "URBAN", "households": 3839, "buildings": 852, "avg_score": 61.8, "risk_level_cd": "warn"}}, {"type": "Feature", "geometry": {"type": "Polygon", "coordinates": [[[129.01503, 35.15078], [129.01519, 35.1598], [129.02617, 35.15966], [129.026, 35.15064], [129.01503, 35.15078]]]}, "properties": {"grid_id": "마라3885", "region_type_cd": "URBAN", "households": 4123, "buildings": 1169, "avg_score": 76.6, "risk_level_cd": "danger"}}, {"type": "Feature", "geometry": {"type": "Polygon", "coordinates": [[[129.01519, 35.1598], [129.01536, 35.16881], [129.02634, 35.16867], [129.02617, 35.15966], [129.01519, 35.1598]]]}, "properties": {"grid_id": "마라3886", "region_type_cd": "URBAN", "households": 3042, "buildings": 44, "avg_score": 82.3, "risk_level_cd": "danger"}}, {"type": "Feature", "geometry": {"type": "Polygon", "coordinates": [[[129.02566, 35.13262], [129.02583, 35.14163], [129.03681, 35.14149], [129.03664, 35.13248], [129.02566, 35.13262]]]}, "properties": {"grid_id": "마라3983", "region_type_cd": "URBAN", "households": 492, "buildings": 1, "avg_score": 14.7, "risk_level_cd": "ok"}}, {"type": "Feature", "geometry": {"type": "Polygon", "coordinates": [[[129.02583, 35.14163], [129.026, 35.15064], [129.03698, 35.15051], [129.03681, 35.14149], [129.02583, 35.14163]]]}, "properties": {"grid_id": "마라3984", "region_type_cd": "URBAN", "households": 3137, "buildings": 711, "avg_score": 46.9, "risk_level_cd": "warn"}}, {"type": "Feature", "geometry": {"type": "Polygon", "coordinates": [[[129.026, 35.15064], [129.02617, 35.15966], [129.03715, 35.15952], [129.03698, 35.15051], [129.026, 35.15064]]]}, "properties": {"grid_id": "마라3985", "region_type_cd": "URBAN", "households": 3558, "buildings": 789, "avg_score": 63.7, "risk_level_cd": "warn"}}, {"type": "Feature", "geometry": {"type": "Polygon", "coordinates": [[[129.02617, 35.15966], [129.02634, 35.16867], [129.03731, 35.16853], [129.03715, 35.15952], [129.02617, 35.15966]]]}, "properties": {"grid_id": "마라3986", "region_type_cd": "URBAN", "households": 3696, "buildings": 845, "avg_score": 41.3, "risk_level_cd": "warn"}}, {"type": "Feature", "geometry": {"type": "Polygon", "coordinates": [[[129.02634, 35.16867], [129.02651, 35.17769], [129.03748, 35.17755], [129.03731, 35.16853], [129.02634, 35.16867]]]}, "properties": {"grid_id": "마라3987", "region_type_cd": "URBAN", "households": 3327, "buildings": 251, "avg_score": 27.3, "risk_level_cd": "ok"}}, {"type": "Feature", "geometry": {"type": "Polygon", "coordinates": [[[129.02651, 35.17769], [129.02667, 35.1867], [129.03765, 35.18656], [129.03748, 35.17755], [129.02651, 35.17769]]]}, "properties": {"grid_id": "마라3988", "region_type_cd": "RURAL", "households": 671, "buildings": 4, "avg_score": 7.5, "risk_level_cd": "ok"}}, {"type": "Feature", "geometry": {"type": "Polygon", "coordinates": [[[129.03681, 35.14149], [129.03698, 35.15051], [129.04795, 35.15037], [129.04778, 35.14135], [129.03681, 35.14149]]]}, "properties": {"grid_id": "마라4084", "region_type_cd": "URBAN", "households": 2235, "buildings": 106, "avg_score": 60.4, "risk_level_cd": "warn"}}, {"type": "Feature", "geometry": {"type": "Polygon", "coordinates": [[[129.03698, 35.15051], [129.03715, 35.15952], [129.04812, 35.15938], [129.04795, 35.15037], [129.03698, 35.15051]]]}, "properties": {"grid_id": "마라4085", "region_type_cd": "URBAN", "households": 3859, "buildings": 1498, "avg_score": 47.5, "risk_level_cd": "warn"}}, {"type": "Feature", "geometry": {"type": "Polygon", "coordinates": [[[129.03715, 35.15952], [129.03731, 35.16853], [129.04829, 35.16839], [129.04812, 35.15938], [129.03715, 35.15952]]]}, "properties": {"grid_id": "마라4086", "region_type_cd": "URBAN", "households": 3528, "buildings": 1876, "avg_score": 50.1, "risk_level_cd": "warn"}}, {"type": "Feature", "geometry": {"type": "Polygon", "coordinates": [[[129.03731, 35.16853], [129.03748, 35.17755], [129.04846, 35.17741], [129.04829, 35.16839], [129.03731, 35.16853]]]}, "properties": {"grid_id": "마라4087", "region_type_cd": "URBAN", "households": 3040, "buildings": 721, "avg_score": 49.6, "risk_level_cd": "warn"}}, {"type": "Feature", "geometry": {"type": "Polygon", "coordinates": [[[129.03748, 35.17755], [129.03765, 35.18656], [129.04863, 35.18642], [129.04846, 35.17741], [129.03748, 35.17755]]]}, "properties": {"grid_id": "마라4088", "region_type_cd": "URBAN", "households": 1900, "buildings": 463, "avg_score": 56.0, "risk_level_cd": "warn"}}, {"type": "Feature", "geometry": {"type": "Polygon", "coordinates": [[[129.03765, 35.18656], [129.03782, 35.19558], [129.04881, 35.19544], [129.04863, 35.18642], [129.03765, 35.18656]]]}, "properties": {"grid_id": "마라4089", "region_type_cd": "BUFFER", "households": 644, "buildings": 64, "avg_score": 37.5, "risk_level_cd": "warn"}}, {"type": "Feature", "geometry": {"type": "Polygon", "coordinates": [[[129.03782, 35.19558], [129.03799, 35.20459], [129.04898, 35.20445], [129.04881, 35.19544], [129.03782, 35.19558]]]}, "properties": {"grid_id": "마라4090", "region_type_cd": "RURAL", "households": 168, "buildings": 1, "avg_score": 30.9, "risk_level_cd": "ok"}}, {"type": "Feature", "geometry": {"type": "Polygon", "coordinates": [[[129.04778, 35.14135], [129.04795, 35.15037], [129.05893, 35.15023], [129.05875, 35.14121], [129.04778, 35.14135]]]}, "properties": {"grid_id": "마라4184", "region_type_cd": "URBAN", "households": 3981, "buildings": 1652, "avg_score": 50.9, "risk_level_cd": "warn"}}, {"type": "Feature", "geometry": {"type": "Polygon", "coordinates": [[[129.04795, 35.15037], [129.04812, 35.15938], [129.0591, 35.15924], [129.05893, 35.15023], [129.04795, 35.15037]]]}, "properties": {"grid_id": "마라4185", "region_type_cd": "URBAN", "households": 4290, "buildings": 1008, "avg_score": 34.1, "risk_level_cd": "ok"}}, {"type": "Feature", "geometry": {"type": "Polygon", "coordinates": [[[129.04812, 35.15938], [129.04829, 35.16839], [129.05927, 35.16825], [129.0591, 35.15924], [129.04812, 35.15938]]]}, "properties": {"grid_id": "마라4186", "region_type_cd": "URBAN", "households": 4314, "buildings": 991, "avg_score": 43.9, "risk_level_cd": "warn"}}, {"type": "Feature", "geometry": {"type": "Polygon", "coordinates": [[[129.04829, 35.16839], [129.04846, 35.17741], [129.05944, 35.17727], [129.05927, 35.16825], [129.04829, 35.16839]]]}, "properties": {"grid_id": "마라4187", "region_type_cd": "URBAN", "households": 3835, "buildings": 1063, "avg_score": 48.0, "risk_level_cd": "warn"}}, {"type": "Feature", "geometry": {"type": "Polygon", "coordinates": [[[129.04846, 35.17741], [129.04863, 35.18642], [129.05961, 35.18628], [129.05944, 35.17727], [129.04846, 35.17741]]]}, "properties": {"grid_id": "마라4188", "region_type_cd": "URBAN", "households": 2799, "buildings": 972, "avg_score": 42.4, "risk_level_cd": "warn"}}, {"type": "Feature", "geometry": {"type": "Polygon", "coordinates": [[[129.04863, 35.18642], [129.04881, 35.19544], [129.05979, 35.19529], [129.05961, 35.18628], [129.04863, 35.18642]]]}, "properties": {"grid_id": "마라4189", "region_type_cd": "URBAN", "households": 827, "buildings": 12, "avg_score": 31.8, "risk_level_cd": "ok"}}, {"type": "Feature", "geometry": {"type": "Polygon", "coordinates": [[[129.05875, 35.14121], [129.05893, 35.15023], [129.0699, 35.15008], [129.06973, 35.14107], [129.05875, 35.14121]]]}, "properties": {"grid_id": "마라4284", "region_type_cd": "URBAN", "households": 3981, "buildings": 574, "avg_score": 56.2, "risk_level_cd": "warn"}}, {"type": "Feature", "geometry": {"type": "Polygon", "coordinates": [[[129.05893, 35.15023], [129.0591, 35.15924], [129.07007, 35.1591], [129.0699, 35.15008], [129.05893, 35.15023]]]}, "properties": {"grid_id": "마라4285", "region_type_cd": "URBAN", "households": 4666, "buildings": 886, "avg_score": 45.5, "risk_level_cd": "warn"}}, {"type": "Feature", "geometry": {"type": "Polygon", "coordinates": [[[129.0591, 35.15924], [129.05927, 35.16825], [129.07025, 35.16811], [129.07007, 35.1591], [129.0591, 35.15924]]]}, "properties": {"grid_id": "마라4286", "region_type_cd": "URBAN", "households": 4894, "buildings": 1499, "avg_score": 48.2, "risk_level_cd": "warn"}}, {"type": "Feature", "geometry": {"type": "Polygon", "coordinates": [[[129.05927, 35.16825], [129.05944, 35.17727], [129.07042, 35.17712], [129.07025, 35.16811], [129.05927, 35.16825]]]}, "properties": {"grid_id": "마라4287", "region_type_cd": "URBAN", "households": 4416, "buildings": 1187, "avg_score": 50.1, "risk_level_cd": "warn"}}, {"type": "Feature", "geometry": {"type": "Polygon", "coordinates": [[[129.05944, 35.17727], [129.05961, 35.18628], [129.07059, 35.18614], [129.07042, 35.17712], [129.05944, 35.17727]]]}, "properties": {"grid_id": "마라4288", "region_type_cd": "URBAN", "households": 2095, "buildings": 31, "avg_score": 29.7, "risk_level_cd": "ok"}}, {"type": "Feature", "geometry": {"type": "Polygon", "coordinates": [[[129.06973, 35.14107], [129.0699, 35.15008], [129.08087, 35.14994], [129.0807, 35.14093], [129.06973, 35.14107]]]}, "properties": {"grid_id": "마라4384", "region_type_cd": "URBAN", "households": 2767, "buildings": 16, "avg_score": 36.6, "risk_level_cd": "warn"}}, {"type": "Feature", "geometry": {"type": "Polygon", "coordinates": [[[129.0699, 35.15008], [129.07007, 35.1591], [129.08105, 35.15895], [129.08087, 35.14994], [129.0699, 35.15008]]]}, "properties": {"grid_id": "마라4385", "region_type_cd": "URBAN", "households": 2777, "buildings": 831, "avg_score": 46.6, "risk_level_cd": "warn"}}, {"type": "Feature", "geometry": {"type": "Polygon", "coordinates": [[[129.07007, 35.1591], [129.07025, 35.16811], [129.08122, 35.16797], [129.08105, 35.15895], [129.07007, 35.1591]]]}, "properties": {"grid_id": "마라4386", "region_type_cd": "URBAN", "households": 3088, "buildings": 238, "avg_score": 45.4, "risk_level_cd": "warn"}}, {"type": "Feature", "geometry": {"type": "Polygon", "coordinates": [[[129.07025, 35.16811], [129.07042, 35.17712], [129.0814, 35.17698], [129.08122, 35.16797], [129.07025, 35.16811]]]}, "properties": {"grid_id": "마라4387", "region_type_cd": "URBAN", "households": 4847, "buildings": 653, "avg_score": 51.1, "risk_level_cd": "warn"}}, {"type": "Feature", "geometry": {"type": "Polygon", "coordinates": [[[129.07042, 35.17712], [129.07059, 35.18614], [129.08157, 35.186], [129.0814, 35.17698], [129.07042, 35.17712]]]}, "properties": {"grid_id": "마라4388", "region_type_cd": "URBAN", "households": 5789, "buildings": 61, "avg_score": 46.8, "risk_level_cd": "warn"}}, {"type": "Feature", "geometry": {"type": "Polygon", "coordinates": [[[129.11594, 35.25767], [129.11612, 35.26668], [129.12711, 35.26654], [129.12693, 35.25752], [129.11594, 35.25767]]]}, "properties": {"grid_id": "마라4797", "region_type_cd": "RURAL", "households": 1, "buildings": 1, "avg_score": 24.4, "risk_level_cd": "ok"}}, {"type": "Feature", "geometry": {"type": "Polygon", "coordinates": [[[129.1381, 35.26639], [129.13828, 35.2754], [129.14927, 35.27525], [129.14909, 35.26624], [129.1381, 35.26639]]]}, "properties": {"grid_id": "마라4998", "region_type_cd": "RURAL", "households": 23, "buildings": 39, "avg_score": 23.0, "risk_level_cd": "ok"}}, {"type": "Feature", "geometry": {"type": "Polygon", "coordinates": [[[129.13828, 35.2754], [129.13846, 35.28441], [129.14945, 35.28426], [129.14927, 35.27525], [129.13828, 35.2754]]]}, "properties": {"grid_id": "마라4999", "region_type_cd": "RURAL", "households": 26, "buildings": 42, "avg_score": 23.0, "risk_level_cd": "ok"}}, {"type": "Feature", "geometry": {"type": "Polygon", "coordinates": [[[129.14854, 35.2392], [129.14872, 35.24821], [129.15971, 35.24806], [129.15953, 35.23905], [129.14854, 35.2392]]]}, "properties": {"grid_id": "마라5095", "region_type_cd": "RURAL", "households": 122, "buildings": 2, "avg_score": 5.5, "risk_level_cd": "ok"}}, {"type": "Feature", "geometry": {"type": "Polygon", "coordinates": [[[129.14872, 35.24821], [129.14891, 35.25722], [129.15989, 35.25707], [129.15971, 35.24806], [129.14872, 35.24821]]]}, "properties": {"grid_id": "마라5096", "region_type_cd": "RURAL", "households": 93, "buildings": 3, "avg_score": 9.8, "risk_level_cd": "ok"}}, {"type": "Feature", "geometry": {"type": "Polygon", "coordinates": [[[129.14891, 35.25722], [129.14909, 35.26624], [129.16008, 35.26609], [129.15989, 35.25707], [129.14891, 35.25722]]]}, "properties": {"grid_id": "마라5097", "region_type_cd": "RURAL", "households": 12, "buildings": 14, "avg_score": 28.8, "risk_level_cd": "ok"}}, {"type": "Feature", "geometry": {"type": "Polygon", "coordinates": [[[129.14909, 35.26624], [129.14927, 35.27525], [129.16026, 35.2751], [129.16008, 35.26609], [129.14909, 35.26624]]]}, "properties": {"grid_id": "마라5098", "region_type_cd": "RURAL", "households": 26, "buildings": 48, "avg_score": 83.6, "risk_level_cd": "danger"}}, {"type": "Feature", "geometry": {"type": "Polygon", "coordinates": [[[129.14927, 35.27525], [129.14945, 35.28426], [129.16045, 35.28411], [129.16026, 35.2751], [129.14927, 35.27525]]]}, "properties": {"grid_id": "마라5099", "region_type_cd": "RURAL", "households": 32, "buildings": 97, "avg_score": 36.9, "risk_level_cd": "warn"}}, {"type": "Feature", "geometry": {"type": "Polygon", "coordinates": [[[129.15934, 35.23003], [129.15953, 35.23905], [129.17051, 35.2389], [129.17033, 35.22988], [129.15934, 35.23003]]]}, "properties": {"grid_id": "마라5194", "region_type_cd": "URBAN", "households": 1042, "buildings": 2, "avg_score": 29.1, "risk_level_cd": "ok"}}, {"type": "Feature", "geometry": {"type": "Polygon", "coordinates": [[[129.15953, 35.23905], [129.15971, 35.24806], [129.1707, 35.24791], [129.17051, 35.2389], [129.15953, 35.23905]]]}, "properties": {"grid_id": "마라5195", "region_type_cd": "URBAN", "households": 475, "buildings": 54, "avg_score": 28.4, "risk_level_cd": "ok"}}, {"type": "Feature", "geometry": {"type": "Polygon", "coordinates": [[[129.15971, 35.24806], [129.15989, 35.25707], [129.17088, 35.25692], [129.1707, 35.24791], [129.15971, 35.24806]]]}, "properties": {"grid_id": "마라5196", "region_type_cd": "RURAL", "households": 52, "buildings": 1, "avg_score": 9.1, "risk_level_cd": "ok"}}, {"type": "Feature", "geometry": {"type": "Polygon", "coordinates": [[[129.15989, 35.25707], [129.16008, 35.26609], [129.17107, 35.26594], [129.17088, 35.25692], [129.15989, 35.25707]]]}, "properties": {"grid_id": "마라5197", "region_type_cd": "RURAL", "households": 18, "buildings": 47, "avg_score": 23.2, "risk_level_cd": "ok"}}, {"type": "Feature", "geometry": {"type": "Polygon", "coordinates": [[[129.16008, 35.26609], [129.16026, 35.2751], [129.17125, 35.27495], [129.17107, 35.26594], [129.16008, 35.26609]]]}, "properties": {"grid_id": "마라5198", "region_type_cd": "RURAL", "households": 20, "buildings": 48, "avg_score": 29.8, "risk_level_cd": "ok"}}, {"type": "Feature", "geometry": {"type": "Polygon", "coordinates": [[[129.16026, 35.2751], [129.16045, 35.28411], [129.17144, 35.28396], [129.17125, 35.27495], [129.16026, 35.2751]]]}, "properties": {"grid_id": "마라5199", "region_type_cd": "RURAL", "households": 25, "buildings": 41, "avg_score": 21.8, "risk_level_cd": "ok"}}, {"type": "Feature", "geometry": {"type": "Polygon", "coordinates": [[[129.17033, 35.22988], [129.17051, 35.2389], [129.1815, 35.23874], [129.18131, 35.22973], [129.17033, 35.22988]]]}, "properties": {"grid_id": "마라5294", "region_type_cd": "BUFFER", "households": 235, "buildings": 72, "avg_score": 24.3, "risk_level_cd": "ok"}}, {"type": "Feature", "geometry": {"type": "Polygon", "coordinates": [[[129.17051, 35.2389], [129.1707, 35.24791], [129.18169, 35.24776], [129.1815, 35.23874], [129.17051, 35.2389]]]}, "properties": {"grid_id": "마라5295", "region_type_cd": "BUFFER", "households": 318, "buildings": 61, "avg_score": 25.9, "risk_level_cd": "ok"}}, {"type": "Feature", "geometry": {"type": "Polygon", "coordinates": [[[129.1707, 35.24791], [129.17088, 35.25692], [129.18187, 35.25677], [129.18169, 35.24776], [129.1707, 35.24791]]]}, "properties": {"grid_id": "마라5296", "region_type_cd": "RURAL", "households": 7, "buildings": 6, "avg_score": 23.0, "risk_level_cd": "ok"}}, {"type": "Feature", "geometry": {"type": "Polygon", "coordinates": [[[129.17088, 35.25692], [129.17107, 35.26594], [129.18206, 35.26578], [129.18187, 35.25677], [129.17088, 35.25692]]]}, "properties": {"grid_id": "마라5297", "region_type_cd": "RURAL", "households": 13, "buildings": 19, "avg_score": 24.6, "risk_level_cd": "ok"}}, {"type": "Feature", "geometry": {"type": "Polygon", "coordinates": [[[129.17107, 35.26594], [129.17125, 35.27495], [129.18224, 35.2748], [129.18206, 35.26578], [129.17107, 35.26594]]]}, "properties": {"grid_id": "마라5298", "region_type_cd": "RURAL", "households": 4, "buildings": 9, "avg_score": 25.9, "risk_level_cd": "ok"}}, {"type": "Feature", "geometry": {"type": "Polygon", "coordinates": [[[129.17125, 35.27495], [129.17144, 35.28396], [129.18243, 35.28381], [129.18224, 35.2748], [129.17125, 35.27495]]]}, "properties": {"grid_id": "마라5299", "region_type_cd": "RURAL", "households": 17, "buildings": 52, "avg_score": 21.6, "risk_level_cd": "ok"}}, {"type": "Feature", "geometry": {"type": "Polygon", "coordinates": [[[129.18076, 35.20269], [129.18094, 35.2117], [129.19192, 35.21155], [129.19174, 35.20254], [129.18076, 35.20269]]]}, "properties": {"grid_id": "마라5391", "region_type_cd": "URBAN", "households": 0, "buildings": 5, "avg_score": 18.5, "risk_level_cd": "ok"}}, {"type": "Feature", "geometry": {"type": "Polygon", "coordinates": [[[129.18131, 35.22973], [129.1815, 35.23874], [129.19249, 35.23859], [129.1923, 35.22958], [129.18131, 35.22973]]]}, "properties": {"grid_id": "마라5394", "region_type_cd": "RURAL", "households": 46, "buildings": 4, "avg_score": 20.1, "risk_level_cd": "ok"}}, {"type": "Feature", "geometry": {"type": "Polygon", "coordinates": [[[129.18169, 35.24776], [129.18187, 35.25677], [129.19286, 35.25662], [129.19267, 35.2476], [129.18169, 35.24776]]]}, "properties": {"grid_id": "마라5396", "region_type_cd": "RURAL", "households": 8, "buildings": 13, "avg_score": 24.4, "risk_level_cd": "ok"}}, {"type": "Feature", "geometry": {"type": "Polygon", "coordinates": [[[129.18187, 35.25677], [129.18206, 35.26578], [129.19305, 35.26563], [129.19286, 35.25662], [129.18187, 35.25677]]]}, "properties": {"grid_id": "마라5397", "region_type_cd": "RURAL", "households": 8, "buildings": 2, "avg_score": 37.8, "risk_level_cd": "warn"}}, {"type": "Feature", "geometry": {"type": "Polygon", "coordinates": [[[129.18206, 35.26578], [129.18224, 35.2748], [129.19324, 35.27464], [129.19305, 35.26563], [129.18206, 35.26578]]]}, "properties": {"grid_id": "마라5398", "region_type_cd": "RURAL", "households": 2, "buildings": 9, "avg_score": 25.2, "risk_level_cd": "ok"}}, {"type": "Feature", "geometry": {"type": "Polygon", "coordinates": [[[129.18224, 35.2748], [129.18243, 35.28381], [129.19342, 35.28366], [129.19324, 35.27464], [129.18224, 35.2748]]]}, "properties": {"grid_id": "마라5399", "region_type_cd": "NO_POP", "households": 0, "buildings": 1, "avg_score": 18.5, "risk_level_cd": "ok"}}, {"type": "Feature", "geometry": {"type": "Polygon", "coordinates": [[[129.19155, 35.19353], [129.19174, 35.20254], [129.20272, 35.20238], [129.20253, 35.19337], [129.19155, 35.19353]]]}, "properties": {"grid_id": "마라5490", "region_type_cd": "RURAL", "households": 56, "buildings": 20, "avg_score": 17.7, "risk_level_cd": "ok"}}, {"type": "Feature", "geometry": {"type": "Polygon", "coordinates": [[[129.19174, 35.20254], [129.19192, 35.21155], [129.20291, 35.2114], [129.20272, 35.20238], [129.19174, 35.20254]]]}, "properties": {"grid_id": "마라5491", "region_type_cd": "RURAL", "households": 167, "buildings": 3, "avg_score": 1.4, "risk_level_cd": "ok"}}, {"type": "Feature", "geometry": {"type": "Polygon", "coordinates": [[[129.19192, 35.21155], [129.19211, 35.22056], [129.20309, 35.22041], [129.20291, 35.2114], [129.19192, 35.21155]]]}, "properties": {"grid_id": "마라5492", "region_type_cd": "RURAL", "households": 126, "buildings": 40, "avg_score": 20.8, "risk_level_cd": "ok"}}, {"type": "Feature", "geometry": {"type": "Polygon", "coordinates": [[[129.1923, 35.22958], [129.19249, 35.23859], [129.20347, 35.23844], [129.20328, 35.22942], [129.1923, 35.22958]]]}, "properties": {"grid_id": "마라5494", "region_type_cd": "RURAL", "households": 13, "buildings": 2, "avg_score": 28.2, "risk_level_cd": "ok"}}, {"type": "Feature", "geometry": {"type": "Polygon", "coordinates": [[[129.19249, 35.23859], [129.19267, 35.2476], [129.20366, 35.24745], [129.20347, 35.23844], [129.19249, 35.23859]]]}, "properties": {"grid_id": "마라5495", "region_type_cd": "URBAN", "households": 1, "buildings": 2, "avg_score": 18.5, "risk_level_cd": "ok"}}, {"type": "Feature", "geometry": {"type": "Polygon", "coordinates": [[[129.19267, 35.2476], [129.19286, 35.25662], [129.20385, 35.25646], [129.20366, 35.24745], [129.19267, 35.2476]]]}, "properties": {"grid_id": "마라5496", "region_type_cd": "RURAL", "households": 413, "buildings": 5, "avg_score": 14.6, "risk_level_cd": "ok"}}, {"type": "Feature", "geometry": {"type": "Polygon", "coordinates": [[[129.19286, 35.25662], [129.19305, 35.26563], [129.20404, 35.26548], [129.20385, 35.25646], [129.19286, 35.25662]]]}, "properties": {"grid_id": "마라5497", "region_type_cd": "RURAL", "households": 45, "buildings": 70, "avg_score": 19.1, "risk_level_cd": "ok"}}, {"type": "Feature", "geometry": {"type": "Polygon", "coordinates": [[[129.19324, 35.27464], [129.19342, 35.28366], [129.20441, 35.2835], [129.20423, 35.27449], [129.19324, 35.27464]]]}, "properties": {"grid_id": "마라5499", "region_type_cd": "RURAL", "households": 7, "buildings": 39, "avg_score": 23.6, "risk_level_cd": "ok"}}, {"type": "Feature", "geometry": {"type": "Polygon", "coordinates": [[[129.20215, 35.17534], [129.20234, 35.18436], [129.21332, 35.1842], [129.21313, 35.17519], [129.20215, 35.17534]]]}, "properties": {"grid_id": "마라5588", "region_type_cd": "BUFFER", "households": 499, "buildings": 26, "avg_score": 37.6, "risk_level_cd": "warn"}}, {"type": "Feature", "geometry": {"type": "Polygon", "coordinates": [[[129.20234, 35.18436], [129.20253, 35.19337], [129.21351, 35.19322], [129.21332, 35.1842], [129.20234, 35.18436]]]}, "properties": {"grid_id": "마라5589", "region_type_cd": "URBAN", "households": 685, "buildings": 177, "avg_score": 34.2, "risk_level_cd": "ok"}}, {"type": "Feature", "geometry": {"type": "Polygon", "coordinates": [[[129.20253, 35.19337], [129.20272, 35.20238], [129.2137, 35.20223], [129.21351, 35.19322], [129.20253, 35.19337]]]}, "properties": {"grid_id": "마라5590", "region_type_cd": "BUFFER", "households": 373, "buildings": 69, "avg_score": 32.1, "risk_level_cd": "ok"}}, {"type": "Feature", "geometry": {"type": "Polygon", "coordinates": [[[129.20272, 35.20238], [129.20291, 35.2114], [129.21389, 35.21124], [129.2137, 35.20223], [129.20272, 35.20238]]]}, "properties": {"grid_id": "마라5591", "region_type_cd": "URBAN", "households": 588, "buildings": 88, "avg_score": 27.2, "risk_level_cd": "ok"}}, {"type": "Feature", "geometry": {"type": "Polygon", "coordinates": [[[129.20291, 35.2114], [129.20309, 35.22041], [129.21408, 35.22026], [129.21389, 35.21124], [129.20291, 35.2114]]]}, "properties": {"grid_id": "마라5592", "region_type_cd": "RURAL", "households": 183, "buildings": 10, "avg_score": 14.2, "risk_level_cd": "ok"}}, {"type": "Feature", "geometry": {"type": "Polygon", "coordinates": [[[129.20309, 35.22041], [129.20328, 35.22942], [129.21427, 35.22927], [129.21408, 35.22026], [129.20309, 35.22041]]]}, "properties": {"grid_id": "마라5593", "region_type_cd": "RURAL", "households": 249, "buildings": 44, "avg_score": 6.5, "risk_level_cd": "ok"}}, {"type": "Feature", "geometry": {"type": "Polygon", "coordinates": [[[129.20328, 35.22942], [129.20347, 35.23844], [129.21446, 35.23828], [129.21427, 35.22927], [129.20328, 35.22942]]]}, "properties": {"grid_id": "마라5594", "region_type_cd": "URBAN", "households": 1158, "buildings": 97, "avg_score": 32.0, "risk_level_cd": "ok"}}, {"type": "Feature", "geometry": {"type": "Polygon", "coordinates": [[[129.20347, 35.23844], [129.20366, 35.24745], [129.21465, 35.24729], [129.21446, 35.23828], [129.20347, 35.23844]]]}, "properties": {"grid_id": "마라5595", "region_type_cd": "URBAN", "households": 1585, "buildings": 545, "avg_score": 46.1, "risk_level_cd": "warn"}}, {"type": "Feature", "geometry": {"type": "Polygon", "coordinates": [[[129.20366, 35.24745], [129.20385, 35.25646], [129.21484, 35.25631], [129.21465, 35.24729], [129.20366, 35.24745]]]}, "properties": {"grid_id": "마라5596", "region_type_cd": "URBAN", "households": 1345, "buildings": 94, "avg_score": 40.1, "risk_level_cd": "warn"}}, {"type": "Feature", "geometry": {"type": "Polygon", "coordinates": [[[129.20385, 35.25646], [129.20404, 35.26548], [129.21503, 35.26532], [129.21484, 35.25631], [129.20385, 35.25646]]]}, "properties": {"grid_id": "마라5597", "region_type_cd": "RURAL", "households": 1040, "buildings": 17, "avg_score": 29.2, "risk_level_cd": "ok"}}, {"type": "Feature", "geometry": {"type": "Polygon", "coordinates": [[[129.20404, 35.26548], [129.20423, 35.27449], [129.21522, 35.27433], [129.21503, 35.26532], [129.20404, 35.26548]]]}, "properties": {"grid_id": "마라5598", "region_type_cd": "RURAL", "households": 0, "buildings": 1, "avg_score": 32.0, "risk_level_cd": "ok"}}, {"type": "Feature", "geometry": {"type": "Polygon", "coordinates": [[[129.21332, 35.1842], [129.21351, 35.19322], [129.22449, 35.19306], [129.2243, 35.18405], [129.21332, 35.1842]]]}, "properties": {"grid_id": "마라5689", "region_type_cd": "RURAL", "households": 345, "buildings": 16, "avg_score": 9.4, "risk_level_cd": "ok"}}, {"type": "Feature", "geometry": {"type": "Polygon", "coordinates": [[[129.21351, 35.19322], [129.2137, 35.20223], [129.22468, 35.20207], [129.22449, 35.19306], [129.21351, 35.19322]]]}, "properties": {"grid_id": "마라5690", "region_type_cd": "RURAL", "households": 27, "buildings": 69, "avg_score": 19.6, "risk_level_cd": "ok"}}, {"type": "Feature", "geometry": {"type": "Polygon", "coordinates": [[[129.2137, 35.20223], [129.21389, 35.21124], [129.22487, 35.21109], [129.22468, 35.20207], [129.2137, 35.20223]]]}, "properties": {"grid_id": "마라5691", "region_type_cd": "RURAL", "households": 10, "buildings": 1, "avg_score": 30.2, "risk_level_cd": "ok"}}, {"type": "Feature", "geometry": {"type": "Polygon", "coordinates": [[[129.21389, 35.21124], [129.21408, 35.22026], [129.22506, 35.2201], [129.22487, 35.21109], [129.21389, 35.21124]]]}, "properties": {"grid_id": "마라5692", "region_type_cd": "RURAL", "households": 41, "buildings": 54, "avg_score": 15.0, "risk_level_cd": "ok"}}, {"type": "Feature", "geometry": {"type": "Polygon", "coordinates": [[[129.21408, 35.22026], [129.21427, 35.22927], [129.22525, 35.22911], [129.22506, 35.2201], [129.21408, 35.22026]]]}, "properties": {"grid_id": "마라5693", "region_type_cd": "RURAL", "households": 331, "buildings": 7, "avg_score": 23.8, "risk_level_cd": "ok"}}, {"type": "Feature", "geometry": {"type": "Polygon", "coordinates": [[[129.21427, 35.22927], [129.21446, 35.23828], [129.22544, 35.23813], [129.22525, 35.22911], [129.21427, 35.22927]]]}, "properties": {"grid_id": "마라5694", "region_type_cd": "URBAN", "households": 1257, "buildings": 112, "avg_score": 28.3, "risk_level_cd": "ok"}}, {"type": "Feature", "geometry": {"type": "Polygon", "coordinates": [[[129.21446, 35.23828], [129.21465, 35.24729], [129.22563, 35.24714], [129.22544, 35.23813], [129.21446, 35.23828]]]}, "properties": {"grid_id": "마라5695", "region_type_cd": "URBAN", "households": 1661, "buildings": 369, "avg_score": 59.2, "risk_level_cd": "warn"}}, {"type": "Feature", "geometry": {"type": "Polygon", "coordinates": [[[129.21465, 35.24729], [129.21484, 35.25631], [129.22582, 35.25615], [129.22563, 35.24714], [129.21465, 35.24729]]]}, "properties": {"grid_id": "마라5696", "region_type_cd": "URBAN", "households": 1776, "buildings": 165, "avg_score": 55.4, "risk_level_cd": "warn"}}, {"type": "Feature", "geometry": {"type": "Polygon", "coordinates": [[[129.21484, 35.25631], [129.21503, 35.26532], [129.22602, 35.26516], [129.22582, 35.25615], [129.21484, 35.25631]]]}, "properties": {"grid_id": "마라5697", "region_type_cd": "URBAN", "households": 1954, "buildings": 136, "avg_score": 22.9, "risk_level_cd": "ok"}}, {"type": "Feature", "geometry": {"type": "Polygon", "coordinates": [[[129.21503, 35.26532], [129.21522, 35.27433], [129.22621, 35.27418], [129.22602, 35.26516], [129.21503, 35.26532]]]}, "properties": {"grid_id": "마라5698", "region_type_cd": "URBAN", "households": 1323, "buildings": 105, "avg_score": 15.5, "risk_level_cd": "ok"}}, {"type": "Feature", "geometry": {"type": "Polygon", "coordinates": [[[129.21522, 35.27433], [129.21541, 35.28335], [129.2264, 35.28319], [129.22621, 35.27418], [129.21522, 35.27433]]]}, "properties": {"grid_id": "마라5699", "region_type_cd": "RURAL", "households": 269, "buildings": 23, "avg_score": 18.5, "risk_level_cd": "ok"}}, {"type": "Feature", "geometry": {"type": "Polygon", "coordinates": [[[129.22449, 35.19306], [129.22468, 35.20207], [129.23566, 35.20192], [129.23547, 35.1929], [129.22449, 35.19306]]]}, "properties": {"grid_id": "마라5790", "region_type_cd": "RURAL", "households": 19, "buildings": 33, "avg_score": 21.0, "risk_level_cd": "ok"}}, {"type": "Feature", "geometry": {"type": "Polygon", "coordinates": [[[129.22487, 35.21109], [129.22506, 35.2201], [129.23604, 35.21994], [129.23585, 35.21093], [129.22487, 35.21109]]]}, "properties": {"grid_id": "마라5792", "region_type_cd": "BUFFER", "households": 92, "buildings": 85, "avg_score": 15.9, "risk_level_cd": "ok"}}, {"type": "Feature", "geometry": {"type": "Polygon", "coordinates": [[[129.22506, 35.2201], [129.22525, 35.22911], [129.23624, 35.22896], [129.23604, 35.21994], [129.22506, 35.2201]]]}, "properties": {"grid_id": "마라5793", "region_type_cd": "BUFFER", "households": 256, "buildings": 260, "avg_score": 79.6, "risk_level_cd": "danger"}}, {"type": "Feature", "geometry": {"type": "Polygon", "coordinates": [[[129.22544, 35.23813], [129.22563, 35.24714], [129.23662, 35.24698], [129.23643, 35.23797], [129.22544, 35.23813]]]}, "properties": {"grid_id": "마라5795", "region_type_cd": "RURAL", "households": 816, "buildings": 44, "avg_score": 0.0, "risk_level_cd": "ok"}}, {"type": "Feature", "geometry": {"type": "Polygon", "coordinates": [[[129.22563, 35.24714], [129.22582, 35.25615], [129.23681, 35.25599], [129.23662, 35.24698], [129.22563, 35.24714]]]}, "properties": {"grid_id": "마라5796", "region_type_cd": "BUFFER", "households": 138, "buildings": 1, "avg_score": 0.0, "risk_level_cd": "ok"}}, {"type": "Feature", "geometry": {"type": "Polygon", "coordinates": [[[129.22582, 35.25615], [129.22602, 35.26516], [129.23701, 35.26501], [129.23681, 35.25599], [129.22582, 35.25615]]]}, "properties": {"grid_id": "마라5797", "region_type_cd": "BUFFER", "households": 1085, "buildings": 118, "avg_score": 46.6, "risk_level_cd": "warn"}}, {"type": "Feature", "geometry": {"type": "Polygon", "coordinates": [[[129.22602, 35.26516], [129.22621, 35.27418], [129.2372, 35.27402], [129.23701, 35.26501], [129.22602, 35.26516]]]}, "properties": {"grid_id": "마라5798", "region_type_cd": "URBAN", "households": 996, "buildings": 162, "avg_score": 40.3, "risk_level_cd": "warn"}}, {"type": "Feature", "geometry": {"type": "Polygon", "coordinates": [[[129.22621, 35.27418], [129.2264, 35.28319], [129.23739, 35.28303], [129.2372, 35.27402], [129.22621, 35.27418]]]}, "properties": {"grid_id": "마라5799", "region_type_cd": "RURAL", "households": 486, "buildings": 69, "avg_score": 26.6, "risk_level_cd": "ok"}}, {"type": "Feature", "geometry": {"type": "Polygon", "coordinates": [[[129.23604, 35.21994], [129.23624, 35.22896], [129.24722, 35.2288], [129.24703, 35.21978], [129.23604, 35.21994]]]}, "properties": {"grid_id": "마라5893", "region_type_cd": "RURAL", "households": 80, "buildings": 1, "avg_score": 33.5, "risk_level_cd": "ok"}}, {"type": "Feature", "geometry": {"type": "Polygon", "coordinates": [[[129.23624, 35.22896], [129.23643, 35.23797], [129.24741, 35.23781], [129.24722, 35.2288], [129.23624, 35.22896]]]}, "properties": {"grid_id": "마라5894", "region_type_cd": "RURAL", "households": 45, "buildings": 23, "avg_score": 19.2, "risk_level_cd": "ok"}}, {"type": "Feature", "geometry": {"type": "Polygon", "coordinates": [[[129.23643, 35.23797], [129.23662, 35.24698], [129.24761, 35.24682], [129.24741, 35.23781], [129.23643, 35.23797]]]}, "properties": {"grid_id": "마라5895", "region_type_cd": "BUFFER", "households": 78, "buildings": 247, "avg_score": 12.5, "risk_level_cd": "ok"}}, {"type": "Feature", "geometry": {"type": "Polygon", "coordinates": [[[129.23662, 35.24698], [129.23681, 35.25599], [129.2478, 35.25584], [129.24761, 35.24682], [129.23662, 35.24698]]]}, "properties": {"grid_id": "마라5896", "region_type_cd": "URBAN", "households": 19, "buildings": 11, "avg_score": 18.4, "risk_level_cd": "ok"}}, {"type": "Feature", "geometry": {"type": "Polygon", "coordinates": [[[129.23681, 35.25599], [129.23701, 35.26501], [129.24799, 35.26485], [129.2478, 35.25584], [129.23681, 35.25599]]]}, "properties": {"grid_id": "마라5897", "region_type_cd": "BUFFER", "households": 316, "buildings": 197, "avg_score": 26.4, "risk_level_cd": "ok"}}, {"type": "Feature", "geometry": {"type": "Polygon", "coordinates": [[[129.23701, 35.26501], [129.2372, 35.27402], [129.24819, 35.27386], [129.24799, 35.26485], [129.23701, 35.26501]]]}, "properties": {"grid_id": "마라5898", "region_type_cd": "BUFFER", "households": 553, "buildings": 294, "avg_score": 37.8, "risk_level_cd": "warn"}}, {"type": "Feature", "geometry": {"type": "Polygon", "coordinates": [[[129.24741, 35.23781], [129.24761, 35.24682], [129.25859, 35.24666], [129.2584, 35.23765], [129.24741, 35.23781]]]}, "properties": {"grid_id": "마라5995", "region_type_cd": "RURAL", "households": 45, "buildings": 28, "avg_score": 16.9, "risk_level_cd": "ok"}}, {"type": "Feature", "geometry": {"type": "Polygon", "coordinates": [[[129.24761, 35.24682], [129.2478, 35.25584], [129.25879, 35.25568], [129.25859, 35.24666], [129.24761, 35.24682]]]}, "properties": {"grid_id": "마라5996", "region_type_cd": "URBAN", "households": 4, "buildings": 1, "avg_score": 18.5, "risk_level_cd": "ok"}}, {"type": "Feature", "geometry": {"type": "Polygon", "coordinates": [[[129.2478, 35.25584], [129.24799, 35.26485], [129.25898, 35.26469], [129.25879, 35.25568], [129.2478, 35.25584]]]}, "properties": {"grid_id": "마라5997", "region_type_cd": "RURAL", "households": 23, "buildings": 1, "avg_score": 40.1, "risk_level_cd": "warn"}}, {"type": "Feature", "geometry": {"type": "Polygon", "coordinates": [[[129.24799, 35.26485], [129.24819, 35.27386], [129.25918, 35.2737], [129.25898, 35.26469], [129.24799, 35.26485]]]}, "properties": {"grid_id": "마라5998", "region_type_cd": "RURAL", "households": 30, "buildings": 3, "avg_score": 20.8, "risk_level_cd": "ok"}}, {"type": "Feature", "geometry": {"type": "Polygon", "coordinates": [[[129.24819, 35.27386], [129.24838, 35.28287], [129.25937, 35.28272], [129.25918, 35.2737], [129.24819, 35.27386]]]}, "properties": {"grid_id": "마라5999", "region_type_cd": "RURAL", "households": 27, "buildings": 2, "avg_score": 15.3, "risk_level_cd": "ok"}}, {"type": "Feature", "geometry": {"type": "Polygon", "coordinates": [[[129.10584, 35.30288], [129.10602, 35.3119], [129.11701, 35.31175], [129.11684, 35.30274], [129.10584, 35.30288]]]}, "properties": {"grid_id": "마마4602", "region_type_cd": "BUFFER", "households": 118, "buildings": 101, "avg_score": 65.6, "risk_level_cd": "warn"}}, {"type": "Feature", "geometry": {"type": "Polygon", "coordinates": [[[129.10602, 35.3119], [129.1062, 35.32091], [129.11719, 35.32076], [129.11701, 35.31175], [129.10602, 35.3119]]]}, "properties": {"grid_id": "마마4603", "region_type_cd": "RURAL", "households": 56, "buildings": 35, "avg_score": 66.9, "risk_level_cd": "warn"}}, {"type": "Feature", "geometry": {"type": "Polygon", "coordinates": [[[129.11684, 35.30274], [129.11701, 35.31175], [129.12801, 35.3116], [129.12783, 35.30259], [129.11684, 35.30274]]]}, "properties": {"grid_id": "마마4702", "region_type_cd": "RURAL", "households": 56, "buildings": 54, "avg_score": 100.0, "risk_level_cd": "danger"}}, {"type": "Feature", "geometry": {"type": "Polygon", "coordinates": [[[129.11701, 35.31175], [129.11719, 35.32076], [129.12819, 35.32062], [129.12801, 35.3116], [129.11701, 35.31175]]]}, "properties": {"grid_id": "마마4703", "region_type_cd": "RURAL", "households": 51, "buildings": 130, "avg_score": 28.7, "risk_level_cd": "ok"}}, {"type": "Feature", "geometry": {"type": "Polygon", "coordinates": [[[129.11719, 35.32076], [129.11737, 35.32978], [129.12837, 35.32963], [129.12819, 35.32062], [129.11719, 35.32076]]]}, "properties": {"grid_id": "마마4704", "region_type_cd": "RURAL", "households": 29, "buildings": 4, "avg_score": 22.4, "risk_level_cd": "ok"}}, {"type": "Feature", "geometry": {"type": "Polygon", "coordinates": [[[129.11737, 35.32978], [129.11755, 35.33879], [129.12855, 35.33864], [129.12837, 35.32963], [129.11737, 35.32978]]]}, "properties": {"grid_id": "마마4705", "region_type_cd": "RURAL", "households": 17, "buildings": 5, "avg_score": 18.7, "risk_level_cd": "ok"}}, {"type": "Feature", "geometry": {"type": "Polygon", "coordinates": [[[129.11755, 35.33879], [129.11773, 35.3478], [129.12873, 35.34766], [129.12855, 35.33864], [129.11755, 35.33879]]]}, "properties": {"grid_id": "마마4706", "region_type_cd": "RURAL", "households": 13, "buildings": 3, "avg_score": 24.0, "risk_level_cd": "ok"}}, {"type": "Feature", "geometry": {"type": "Polygon", "coordinates": [[[129.12765, 35.29358], [129.12783, 35.30259], [129.13883, 35.30244], [129.13864, 35.29343], [129.12765, 35.29358]]]}, "properties": {"grid_id": "마마4801", "region_type_cd": "URBAN", "households": 0, "buildings": 2, "avg_score": 23.4, "risk_level_cd": "ok"}}, {"type": "Feature", "geometry": {"type": "Polygon", "coordinates": [[[129.12801, 35.3116], [129.12819, 35.32062], [129.13919, 35.32047], [129.13901, 35.31145], [129.12801, 35.3116]]]}, "properties": {"grid_id": "마마4803", "region_type_cd": "URBAN", "households": 0, "buildings": 1, "avg_score": 44.4, "risk_level_cd": "warn"}}, {"type": "Feature", "geometry": {"type": "Polygon", "coordinates": [[[129.12819, 35.32062], [129.12837, 35.32963], [129.13937, 35.32948], [129.13919, 35.32047], [129.12819, 35.32062]]]}, "properties": {"grid_id": "마마4804", "region_type_cd": "RURAL", "households": 1, "buildings": 1, "avg_score": 37.8, "risk_level_cd": "warn"}}, {"type": "Feature", "geometry": {"type": "Polygon", "coordinates": [[[129.12837, 35.32963], [129.12855, 35.33864], [129.13955, 35.33849], [129.13937, 35.32948], [129.12837, 35.32963]]]}, "properties": {"grid_id": "마마4805", "region_type_cd": "RURAL", "households": 9, "buildings": 2, "avg_score": 32.6, "risk_level_cd": "ok"}}, {"type": "Feature", "geometry": {"type": "Polygon", "coordinates": [[[129.12873, 35.34766], [129.12892, 35.35667], [129.13992, 35.35652], [129.13974, 35.34751], [129.12873, 35.34766]]]}, "properties": {"grid_id": "마마4807", "region_type_cd": "RURAL", "households": 33, "buildings": 78, "avg_score": 97.1, "risk_level_cd": "danger"}}, {"type": "Feature", "geometry": {"type": "Polygon", "coordinates": [[[129.12892, 35.35667], [129.1291, 35.36568], [129.1401, 35.36553], [129.13992, 35.35652], [129.12892, 35.35667]]]}, "properties": {"grid_id": "마마4808", "region_type_cd": "RURAL", "households": 132, "buildings": 107, "avg_score": 14.3, "risk_level_cd": "ok"}}, {"type": "Feature", "geometry": {"type": "Polygon", "coordinates": [[[129.13919, 35.32047], [129.13937, 35.32948], [129.15037, 35.32933], [129.15019, 35.32032], [129.13919, 35.32047]]]}, "properties": {"grid_id": "마마4904", "region_type_cd": "RURAL", "households": 2, "buildings": 12, "avg_score": 25.2, "risk_level_cd": "ok"}}, {"type": "Feature", "geometry": {"type": "Polygon", "coordinates": [[[129.13937, 35.32948], [129.13955, 35.33849], [129.15055, 35.33834], [129.15037, 35.32933], [129.13937, 35.32948]]]}, "properties": {"grid_id": "마마4905", "region_type_cd": "RURAL", "households": 1, "buildings": 2, "avg_score": 28.7, "risk_level_cd": "ok"}}, {"type": "Feature", "geometry": {"type": "Polygon", "coordinates": [[[129.13974, 35.34751], [129.13992, 35.35652], [129.15092, 35.35637], [129.15074, 35.34736], [129.13974, 35.34751]]]}, "properties": {"grid_id": "마마4907", "region_type_cd": "RURAL", "households": 20, "buildings": 56, "avg_score": 36.5, "risk_level_cd": "warn"}}, {"type": "Feature", "geometry": {"type": "Polygon", "coordinates": [[[129.13992, 35.35652], [129.1401, 35.36553], [129.1511, 35.36538], [129.15092, 35.35637], [129.13992, 35.35652]]]}, "properties": {"grid_id": "마마4908", "region_type_cd": "BUFFER", "households": 238, "buildings": 64, "avg_score": 14.3, "risk_level_cd": "ok"}}, {"type": "Feature", "geometry": {"type": "Polygon", "coordinates": [[[129.14945, 35.28426], [129.14964, 35.29328], [129.16063, 35.29313], [129.16045, 35.28411], [129.14945, 35.28426]]]}, "properties": {"grid_id": "마마5000", "region_type_cd": "RURAL", "households": 23, "buildings": 20, "avg_score": 20.5, "risk_level_cd": "ok"}}, {"type": "Feature", "geometry": {"type": "Polygon", "coordinates": [[[129.14982, 35.30229], [129.15, 35.3113], [129.161, 35.31115], [129.16081, 35.30214], [129.14982, 35.30229]]]}, "properties": {"grid_id": "마마5002", "region_type_cd": "RURAL", "households": 2, "buildings": 5, "avg_score": 21.5, "risk_level_cd": "ok"}}, {"type": "Feature", "geometry": {"type": "Polygon", "coordinates": [[[129.15019, 35.32032], [129.15037, 35.32933], [129.16137, 35.32918], [129.16118, 35.32017], [129.15019, 35.32032]]]}, "properties": {"grid_id": "마마5004", "region_type_cd": "RURAL", "households": 626, "buildings": 6, "avg_score": 0.0, "risk_level_cd": "ok"}}, {"type": "Feature", "geometry": {"type": "Polygon", "coordinates": [[[129.15037, 35.32933], [129.15055, 35.33834], [129.16155, 35.33819], [129.16137, 35.32918], [129.15037, 35.32933]]]}, "properties": {"grid_id": "마마5005", "region_type_cd": "RURAL", "households": 1008, "buildings": 16, "avg_score": 59.1, "risk_level_cd": "warn"}}, {"type": "Feature", "geometry": {"type": "Polygon", "coordinates": [[[129.15055, 35.33834], [129.15074, 35.34736], [129.16174, 35.34721], [129.16155, 35.33819], [129.15055, 35.33834]]]}, "properties": {"grid_id": "마마5006", "region_type_cd": "BUFFER", "households": 242, "buildings": 4, "avg_score": 43.4, "risk_level_cd": "warn"}}, {"type": "Feature", "geometry": {"type": "Polygon", "coordinates": [[[129.15074, 35.34736], [129.15092, 35.35637], [129.16192, 35.35622], [129.16174, 35.34721], [129.15074, 35.34736]]]}, "properties": {"grid_id": "마마5007", "region_type_cd": "RURAL", "households": 5, "buildings": 2, "avg_score": 20.1, "risk_level_cd": "ok"}}, {"type": "Feature", "geometry": {"type": "Polygon", "coordinates": [[[129.16045, 35.28411], [129.16063, 35.29313], [129.17162, 35.29298], [129.17144, 35.28396], [129.16045, 35.28411]]]}, "properties": {"grid_id": "마마5100", "region_type_cd": "BUFFER", "households": 51, "buildings": 146, "avg_score": 16.9, "risk_level_cd": "ok"}}, {"type": "Feature", "geometry": {"type": "Polygon", "coordinates": [[[129.16063, 35.29313], [129.16081, 35.30214], [129.17181, 35.30199], [129.17162, 35.29298], [129.16063, 35.29313]]]}, "properties": {"grid_id": "마마5101", "region_type_cd": "RURAL", "households": 23, "buildings": 3, "avg_score": 27.1, "risk_level_cd": "ok"}}, {"type": "Feature", "geometry": {"type": "Polygon", "coordinates": [[[129.161, 35.31115], [129.16118, 35.32017], [129.17218, 35.32001], [129.17199, 35.311], [129.161, 35.31115]]]}, "properties": {"grid_id": "마마5103", "region_type_cd": "RURAL", "households": 986, "buildings": 28, "avg_score": 16.8, "risk_level_cd": "ok"}}, {"type": "Feature", "geometry": {"type": "Polygon", "coordinates": [[[129.16118, 35.32017], [129.16137, 35.32918], [129.17237, 35.32903], [129.17218, 35.32001], [129.16118, 35.32017]]]}, "properties": {"grid_id": "마마5104", "region_type_cd": "URBAN", "households": 1758, "buildings": 33, "avg_score": 18.4, "risk_level_cd": "ok"}}, {"type": "Feature", "geometry": {"type": "Polygon", "coordinates": [[[129.16137, 35.32918], [129.16155, 35.33819], [129.17255, 35.33804], [129.17237, 35.32903], [129.16137, 35.32918]]]}, "properties": {"grid_id": "마마5105", "region_type_cd": "URBAN", "households": 2967, "buildings": 249, "avg_score": 23.1, "risk_level_cd": "ok"}}, {"type": "Feature", "geometry": {"type": "Polygon", "coordinates": [[[129.16155, 35.33819], [129.16174, 35.34721], [129.17274, 35.34705], [129.17255, 35.33804], [129.16155, 35.33819]]]}, "properties": {"grid_id": "마마5106", "region_type_cd": "URBAN", "households": 520, "buildings": 14, "avg_score": 12.0, "risk_level_cd": "ok"}}, {"type": "Feature", "geometry": {"type": "Polygon", "coordinates": [[[129.17144, 35.28396], [129.17162, 35.29298], [129.18262, 35.29282], [129.18243, 35.28381], [129.17144, 35.28396]]]}, "properties": {"grid_id": "마마5200", "region_type_cd": "RURAL", "households": 27, "buildings": 3, "avg_score": 19.8, "risk_level_cd": "ok"}}, {"type": "Feature", "geometry": {"type": "Polygon", "coordinates": [[[129.17199, 35.311], [129.17218, 35.32001], [129.18318, 35.31986], [129.18299, 35.31085], [129.17199, 35.311]]]}, "properties": {"grid_id": "마마5203", "region_type_cd": "URBAN", "households": 1273, "buildings": 247, "avg_score": 35.6, "risk_level_cd": "warn"}}, {"type": "Feature", "geometry": {"type": "Polygon", "coordinates": [[[129.17218, 35.32001], [129.17237, 35.32903], [129.18336, 35.32888], [129.18318, 35.31986], [129.17218, 35.32001]]]}, "properties": {"grid_id": "마마5204", "region_type_cd": "URBAN", "households": 1594, "buildings": 241, "avg_score": 19.7, "risk_level_cd": "ok"}}, {"type": "Feature", "geometry": {"type": "Polygon", "coordinates": [[[129.17237, 35.32903], [129.17255, 35.33804], [129.18355, 35.33789], [129.18336, 35.32888], [129.17237, 35.32903]]]}, "properties": {"grid_id": "마마5205", "region_type_cd": "URBAN", "households": 1750, "buildings": 56, "avg_score": 15.5, "risk_level_cd": "ok"}}, {"type": "Feature", "geometry": {"type": "Polygon", "coordinates": [[[129.17255, 35.33804], [129.17274, 35.34705], [129.18374, 35.3469], [129.18355, 35.33789], [129.17255, 35.33804]]]}, "properties": {"grid_id": "마마5206", "region_type_cd": "RURAL", "households": 601, "buildings": 5, "avg_score": 27.7, "risk_level_cd": "ok"}}, {"type": "Feature", "geometry": {"type": "Polygon", "coordinates": [[[129.18299, 35.31085], [129.18318, 35.31986], [129.19417, 35.31971], [129.19399, 35.3107], [129.18299, 35.31085]]]}, "properties": {"grid_id": "마마5303", "region_type_cd": "URBAN", "households": 1236, "buildings": 70, "avg_score": 32.5, "risk_level_cd": "ok"}}, {"type": "Feature", "geometry": {"type": "Polygon", "coordinates": [[[129.18318, 35.31986], [129.18336, 35.32888], [129.19436, 35.32872], [129.19417, 35.31971], [129.18318, 35.31986]]]}, "properties": {"grid_id": "마마5304", "region_type_cd": "URBAN", "households": 1522, "buildings": 250, "avg_score": 18.6, "risk_level_cd": "ok"}}, {"type": "Feature", "geometry": {"type": "Polygon", "coordinates": [[[129.18336, 35.32888], [129.18355, 35.33789], [129.19455, 35.33773], [129.19436, 35.32872], [129.18336, 35.32888]]]}, "properties": {"grid_id": "마마5305", "region_type_cd": "RURAL", "households": 578, "buildings": 1, "avg_score": 0.0, "risk_level_cd": "ok"}}, {"type": "Feature", "geometry": {"type": "Polygon", "coordinates": [[[129.18355, 35.33789], [129.18374, 35.3469], [129.19474, 35.34675], [129.19455, 35.33773], [129.18355, 35.33789]]]}, "properties": {"grid_id": "마마5306", "region_type_cd": "RURAL", "households": 9, "buildings": 11, "avg_score": 23.3, "risk_level_cd": "ok"}}, {"type": "Feature", "geometry": {"type": "Polygon", "coordinates": [[[129.18374, 35.3469], [129.18393, 35.35591], [129.19493, 35.35576], [129.19474, 35.34675], [129.18374, 35.3469]]]}, "properties": {"grid_id": "마마5307", "region_type_cd": "RURAL", "households": 16, "buildings": 55, "avg_score": 23.4, "risk_level_cd": "ok"}}, {"type": "Feature", "geometry": {"type": "Polygon", "coordinates": [[[129.19342, 35.28366], [129.19361, 35.29267], [129.2046, 35.29252], [129.20441, 35.2835], [129.19342, 35.28366]]]}, "properties": {"grid_id": "마마5400", "region_type_cd": "RURAL", "households": 10, "buildings": 5, "avg_score": 32.3, "risk_level_cd": "ok"}}, {"type": "Feature", "geometry": {"type": "Polygon", "coordinates": [[[129.19361, 35.29267], [129.1938, 35.30168], [129.20479, 35.30153], [129.2046, 35.29252], [129.19361, 35.29267]]]}, "properties": {"grid_id": "마마5401", "region_type_cd": "RURAL", "households": 9, "buildings": 28, "avg_score": 27.7, "risk_level_cd": "ok"}}, {"type": "Feature", "geometry": {"type": "Polygon", "coordinates": [[[129.19399, 35.3107], [129.19417, 35.31971], [129.20517, 35.31955], [129.20498, 35.31054], [129.19399, 35.3107]]]}, "properties": {"grid_id": "마마5403", "region_type_cd": "RURAL", "households": 351, "buildings": 5, "avg_score": 7.9, "risk_level_cd": "ok"}}, {"type": "Feature", "geometry": {"type": "Polygon", "coordinates": [[[129.19417, 35.31971], [129.19436, 35.32872], [129.20536, 35.32857], [129.20517, 35.31955], [129.19417, 35.31971]]]}, "properties": {"grid_id": "마마5404", "region_type_cd": "BUFFER", "households": 778, "buildings": 49, "avg_score": 21.4, "risk_level_cd": "ok"}}, {"type": "Feature", "geometry": {"type": "Polygon", "coordinates": [[[129.19455, 35.33773], [129.19474, 35.34675], [129.20574, 35.34659], [129.20555, 35.33758], [129.19455, 35.33773]]]}, "properties": {"grid_id": "마마5406", "region_type_cd": "RURAL", "households": 1, "buildings": 2, "avg_score": 29.4, "risk_level_cd": "ok"}}, {"type": "Feature", "geometry": {"type": "Polygon", "coordinates": [[[129.19474, 35.34675], [129.19493, 35.35576], [129.20593, 35.35561], [129.20574, 35.34659], [129.19474, 35.34675]]]}, "properties": {"grid_id": "마마5407", "region_type_cd": "RURAL", "households": 10, "buildings": 4, "avg_score": 22.7, "risk_level_cd": "ok"}}, {"type": "Feature", "geometry": {"type": "Polygon", "coordinates": [[[129.19493, 35.35576], [129.19512, 35.36477], [129.20612, 35.36462], [129.20593, 35.35561], [129.19493, 35.35576]]]}, "properties": {"grid_id": "마마5408", "region_type_cd": "URBAN", "households": 1, "buildings": 10, "avg_score": 18.5, "risk_level_cd": "ok"}}, {"type": "Feature", "geometry": {"type": "Polygon", "coordinates": [[[129.20441, 35.2835], [129.2046, 35.29252], [129.2156, 35.29236], [129.21541, 35.28335], [129.20441, 35.2835]]]}, "properties": {"grid_id": "마마5500", "region_type_cd": "RURAL", "households": 20, "buildings": 59, "avg_score": 29.1, "risk_level_cd": "ok"}}, {"type": "Feature", "geometry": {"type": "Polygon", "coordinates": [[[129.2046, 35.29252], [129.20479, 35.30153], [129.21579, 35.30137], [129.2156, 35.29236], [129.2046, 35.29252]]]}, "properties": {"grid_id": "마마5501", "region_type_cd": "RURAL", "households": 12, "buildings": 20, "avg_score": 31.1, "risk_level_cd": "ok"}}, {"type": "Feature", "geometry": {"type": "Polygon", "coordinates": [[[129.20479, 35.30153], [129.20498, 35.31054], [129.21598, 35.31039], [129.21579, 35.30137], [129.20479, 35.30153]]]}, "properties": {"grid_id": "마마5502", "region_type_cd": "RURAL", "households": 3, "buildings": 1, "avg_score": 20.1, "risk_level_cd": "ok"}}, {"type": "Feature", "geometry": {"type": "Polygon", "coordinates": [[[129.20517, 35.31955], [129.20536, 35.32857], [129.21636, 35.32841], [129.21617, 35.3194], [129.20517, 35.31955]]]}, "properties": {"grid_id": "마마5504", "region_type_cd": "BUFFER", "households": 128, "buildings": 62, "avg_score": 36.9, "risk_level_cd": "warn"}}, {"type": "Feature", "geometry": {"type": "Polygon", "coordinates": [[[129.20536, 35.32857], [129.20555, 35.33758], [129.21655, 35.33742], [129.21636, 35.32841], [129.20536, 35.32857]]]}, "properties": {"grid_id": "마마5505", "region_type_cd": "RURAL", "households": 61, "buildings": 14, "avg_score": 10.9, "risk_level_cd": "ok"}}, {"type": "Feature", "geometry": {"type": "Polygon", "coordinates": [[[129.20555, 35.33758], [129.20574, 35.34659], [129.21674, 35.34644], [129.21655, 35.33742], [129.20555, 35.33758]]]}, "properties": {"grid_id": "마마5506", "region_type_cd": "RURAL", "households": 2, "buildings": 1, "avg_score": 25.7, "risk_level_cd": "ok"}}, {"type": "Feature", "geometry": {"type": "Polygon", "coordinates": [[[129.21541, 35.28335], [129.2156, 35.29236], [129.22659, 35.2922], [129.2264, 35.28319], [129.21541, 35.28335]]]}, "properties": {"grid_id": "마마5600", "region_type_cd": "RURAL", "households": 16, "buildings": 40, "avg_score": 32.7, "risk_level_cd": "ok"}}, {"type": "Feature", "geometry": {"type": "Polygon", "coordinates": [[[129.21579, 35.30137], [129.21598, 35.31039], [129.22697, 35.31023], [129.22678, 35.30122], [129.21579, 35.30137]]]}, "properties": {"grid_id": "마마5602", "region_type_cd": "RURAL", "households": 10, "buildings": 4, "avg_score": 29.1, "risk_level_cd": "ok"}}, {"type": "Feature", "geometry": {"type": "Polygon", "coordinates": [[[129.21598, 35.31039], [129.21617, 35.3194], [129.22716, 35.31924], [129.22697, 35.31023], [129.21598, 35.31039]]]}, "properties": {"grid_id": "마마5603", "region_type_cd": "RURAL", "households": 4, "buildings": 2, "avg_score": 23.8, "risk_level_cd": "ok"}}, {"type": "Feature", "geometry": {"type": "Polygon", "coordinates": [[[129.21617, 35.3194], [129.21636, 35.32841], [129.22736, 35.32825], [129.22716, 35.31924], [129.21617, 35.3194]]]}, "properties": {"grid_id": "마마5604", "region_type_cd": "RURAL", "households": 4, "buildings": 1, "avg_score": 23.7, "risk_level_cd": "ok"}}, {"type": "Feature", "geometry": {"type": "Polygon", "coordinates": [[[129.21636, 35.32841], [129.21655, 35.33742], [129.22755, 35.33727], [129.22736, 35.32825], [129.21636, 35.32841]]]}, "properties": {"grid_id": "마마5605", "region_type_cd": "RURAL", "households": 20, "buildings": 58, "avg_score": 19.8, "risk_level_cd": "ok"}}, {"type": "Feature", "geometry": {"type": "Polygon", "coordinates": [[[129.21655, 35.33742], [129.21674, 35.34644], [129.22774, 35.34628], [129.22755, 35.33727], [129.21655, 35.33742]]]}, "properties": {"grid_id": "마마5606", "region_type_cd": "RURAL", "households": 9, "buildings": 9, "avg_score": 25.5, "risk_level_cd": "ok"}}, {"type": "Feature", "geometry": {"type": "Polygon", "coordinates": [[[129.21674, 35.34644], [129.21693, 35.35545], [129.22793, 35.35529], [129.22774, 35.34628], [129.21674, 35.34644]]]}, "properties": {"grid_id": "마마5607", "region_type_cd": "RURAL", "households": 4, "buildings": 16, "avg_score": 26.5, "risk_level_cd": "ok"}}, {"type": "Feature", "geometry": {"type": "Polygon", "coordinates": [[[129.2264, 35.28319], [129.22659, 35.2922], [129.23758, 35.29205], [129.23739, 35.28303], [129.2264, 35.28319]]]}, "properties": {"grid_id": "마마5700", "region_type_cd": "RURAL", "households": 13, "buildings": 5, "avg_score": 19.1, "risk_level_cd": "ok"}}, {"type": "Feature", "geometry": {"type": "Polygon", "coordinates": [[[129.22659, 35.2922], [129.22678, 35.30122], [129.23778, 35.30106], [129.23758, 35.29205], [129.22659, 35.2922]]]}, "properties": {"grid_id": "마마5701", "region_type_cd": "RURAL", "households": 24, "buildings": 39, "avg_score": 32.0, "risk_level_cd": "ok"}}, {"type": "Feature", "geometry": {"type": "Polygon", "coordinates": [[[129.22678, 35.30122], [129.22697, 35.31023], [129.23797, 35.31007], [129.23778, 35.30106], [129.22678, 35.30122]]]}, "properties": {"grid_id": "마마5702", "region_type_cd": "RURAL", "households": 43, "buildings": 75, "avg_score": 29.7, "risk_level_cd": "ok"}}, {"type": "Feature", "geometry": {"type": "Polygon", "coordinates": [[[129.22697, 35.31023], [129.22716, 35.31924], [129.23816, 35.31908], [129.23797, 35.31007], [129.22697, 35.31023]]]}, "properties": {"grid_id": "마마5703", "region_type_cd": "RURAL", "households": 174, "buildings": 35, "avg_score": 37.1, "risk_level_cd": "warn"}}, {"type": "Feature", "geometry": {"type": "Polygon", "coordinates": [[[129.22736, 35.32825], [129.22755, 35.33727], [129.23855, 35.33711], [129.23835, 35.3281], [129.22736, 35.32825]]]}, "properties": {"grid_id": "마마5705", "region_type_cd": "RURAL", "households": 15, "buildings": 32, "avg_score": 22.2, "risk_level_cd": "ok"}}, {"type": "Feature", "geometry": {"type": "Polygon", "coordinates": [[[129.22755, 35.33727], [129.22774, 35.34628], [129.23874, 35.34612], [129.23855, 35.33711], [129.22755, 35.33727]]]}, "properties": {"grid_id": "마마5706", "region_type_cd": "RURAL", "households": 2, "buildings": 1, "avg_score": 25.9, "risk_level_cd": "ok"}}, {"type": "Feature", "geometry": {"type": "Polygon", "coordinates": [[[129.22774, 35.34628], [129.22793, 35.35529], [129.23893, 35.35514], [129.23874, 35.34612], [129.22774, 35.34628]]]}, "properties": {"grid_id": "마마5707", "region_type_cd": "RURAL", "households": 3, "buildings": 5, "avg_score": 27.1, "risk_level_cd": "ok"}}, {"type": "Feature", "geometry": {"type": "Polygon", "coordinates": [[[129.22812, 35.36431], [129.22832, 35.37332], [129.23932, 35.37316], [129.23913, 35.36415], [129.22812, 35.36431]]]}, "properties": {"grid_id": "마마5709", "region_type_cd": "RURAL", "households": 7, "buildings": 1, "avg_score": 19.2, "risk_level_cd": "ok"}}, {"type": "Feature", "geometry": {"type": "Polygon", "coordinates": [[[129.23758, 35.29205], [129.23778, 35.30106], [129.24877, 35.3009], [129.24858, 35.29189], [129.23758, 35.29205]]]}, "properties": {"grid_id": "마마5801", "region_type_cd": "RURAL", "households": 59, "buildings": 3, "avg_score": 17.3, "risk_level_cd": "ok"}}, {"type": "Feature", "geometry": {"type": "Polygon", "coordinates": [[[129.23778, 35.30106], [129.23797, 35.31007], [129.24896, 35.30991], [129.24877, 35.3009], [129.23778, 35.30106]]]}, "properties": {"grid_id": "마마5802", "region_type_cd": "BUFFER", "households": 178, "buildings": 140, "avg_score": 42.5, "risk_level_cd": "warn"}}, {"type": "Feature", "geometry": {"type": "Polygon", "coordinates": [[[129.23797, 35.31007], [129.23816, 35.31908], [129.24916, 35.31893], [129.24896, 35.30991], [129.23797, 35.31007]]]}, "properties": {"grid_id": "마마5803", "region_type_cd": "URBAN", "households": 332, "buildings": 337, "avg_score": 61.2, "risk_level_cd": "warn"}}, {"type": "Feature", "geometry": {"type": "Polygon", "coordinates": [[[129.23816, 35.31908], [129.23835, 35.3281], [129.24935, 35.32794], [129.24916, 35.31893], [129.23816, 35.31908]]]}, "properties": {"grid_id": "마마5804", "region_type_cd": "RURAL", "households": 175, "buildings": 34, "avg_score": 21.8, "risk_level_cd": "ok"}}, {"type": "Feature", "geometry": {"type": "Polygon", "coordinates": [[[129.23835, 35.3281], [129.23855, 35.33711], [129.24955, 35.33695], [129.24935, 35.32794], [129.23835, 35.3281]]]}, "properties": {"grid_id": "마마5805", "region_type_cd": "RURAL", "households": 11, "buildings": 2, "avg_score": 28.2, "risk_level_cd": "ok"}}, {"type": "Feature", "geometry": {"type": "Polygon", "coordinates": [[[129.23855, 35.33711], [129.23874, 35.34612], [129.24974, 35.34596], [129.24955, 35.33695], [129.23855, 35.33711]]]}, "properties": {"grid_id": "마마5806", "region_type_cd": "RURAL", "households": 23, "buildings": 64, "avg_score": 20.4, "risk_level_cd": "ok"}}, {"type": "Feature", "geometry": {"type": "Polygon", "coordinates": [[[129.23874, 35.34612], [129.23893, 35.35514], [129.24993, 35.35498], [129.24974, 35.34596], [129.23874, 35.34612]]]}, "properties": {"grid_id": "마마5807", "region_type_cd": "RURAL", "households": 12, "buildings": 2, "avg_score": 25.0, "risk_level_cd": "ok"}}, {"type": "Feature", "geometry": {"type": "Polygon", "coordinates": [[[129.23893, 35.35514], [129.23913, 35.36415], [129.25013, 35.36399], [129.24993, 35.35498], [129.23893, 35.35514]]]}, "properties": {"grid_id": "마마5808", "region_type_cd": "RURAL", "households": 24, "buildings": 47, "avg_score": 93.7, "risk_level_cd": "danger"}}, {"type": "Feature", "geometry": {"type": "Polygon", "coordinates": [[[129.23913, 35.36415], [129.23932, 35.37316], [129.25032, 35.373], [129.25013, 35.36399], [129.23913, 35.36415]]]}, "properties": {"grid_id": "마마5809", "region_type_cd": "RURAL", "households": 31, "buildings": 35, "avg_score": 40.6, "risk_level_cd": "warn"}}, {"type": "Feature", "geometry": {"type": "Polygon", "coordinates": [[[129.23932, 35.37316], [129.23951, 35.38217], [129.25052, 35.38201], [129.25032, 35.373], [129.23932, 35.37316]]]}, "properties": {"grid_id": "마마5810", "region_type_cd": "RURAL", "households": 13, "buildings": 13, "avg_score": 24.2, "risk_level_cd": "ok"}}, {"type": "Feature", "geometry": {"type": "Polygon", "coordinates": [[[129.23951, 35.38217], [129.23971, 35.39119], [129.25071, 35.39103], [129.25052, 35.38201], [129.23951, 35.38217]]]}, "properties": {"grid_id": "마마5811", "region_type_cd": "RURAL", "households": 4, "buildings": 1, "avg_score": 23.4, "risk_level_cd": "ok"}}, {"type": "Feature", "geometry": {"type": "Polygon", "coordinates": [[[129.24838, 35.28287], [129.24858, 35.29189], [129.25957, 35.29173], [129.25937, 35.28272], [129.24838, 35.28287]]]}, "properties": {"grid_id": "마마5900", "region_type_cd": "BUFFER", "households": 77, "buildings": 172, "avg_score": 23.8, "risk_level_cd": "ok"}}, {"type": "Feature", "geometry": {"type": "Polygon", "coordinates": [[[129.24858, 35.29189], [129.24877, 35.3009], [129.25976, 35.30074], [129.25957, 35.29173], [129.24858, 35.29189]]]}, "properties": {"grid_id": "마마5901", "region_type_cd": "BUFFER", "households": 97, "buildings": 225, "avg_score": 21.5, "risk_level_cd": "ok"}}, {"type": "Feature", "geometry": {"type": "Polygon", "coordinates": [[[129.24877, 35.3009], [129.24896, 35.30991], [129.25996, 35.30975], [129.25976, 35.30074], [129.24877, 35.3009]]]}, "properties": {"grid_id": "마마5902", "region_type_cd": "BUFFER", "households": 100, "buildings": 234, "avg_score": 15.1, "risk_level_cd": "ok"}}, {"type": "Feature", "geometry": {"type": "Polygon", "coordinates": [[[129.24896, 35.30991], [129.24916, 35.31893], [129.26015, 35.31877], [129.25996, 35.30975], [129.24896, 35.30991]]]}, "properties": {"grid_id": "마마5903", "region_type_cd": "RURAL", "households": 100, "buildings": 75, "avg_score": 22.2, "risk_level_cd": "ok"}}, {"type": "Feature", "geometry": {"type": "Polygon", "coordinates": [[[129.24916, 35.31893], [129.24935, 35.32794], [129.26035, 35.32778], [129.26015, 35.31877], [129.24916, 35.31893]]]}, "properties": {"grid_id": "마마5904", "region_type_cd": "RURAL", "households": 9, "buildings": 3, "avg_score": 24.6, "risk_level_cd": "ok"}}, {"type": "Feature", "geometry": {"type": "Polygon", "coordinates": [[[129.24955, 35.33695], [129.24974, 35.34596], [129.26074, 35.3458], [129.26054, 35.33679], [129.24955, 35.33695]]]}, "properties": {"grid_id": "마마5906", "region_type_cd": "RURAL", "households": 23, "buildings": 25, "avg_score": 17.8, "risk_level_cd": "ok"}}, {"type": "Feature", "geometry": {"type": "Polygon", "coordinates": [[[129.24974, 35.34596], [129.24993, 35.35498], [129.26094, 35.35482], [129.26074, 35.3458], [129.24974, 35.34596]]]}, "properties": {"grid_id": "마마5907", "region_type_cd": "RURAL", "households": 25, "buildings": 55, "avg_score": 56.8, "risk_level_cd": "warn"}}, {"type": "Feature", "geometry": {"type": "Polygon", "coordinates": [[[129.24993, 35.35498], [129.25013, 35.36399], [129.26113, 35.36383], [129.26094, 35.35482], [129.24993, 35.35498]]]}, "properties": {"grid_id": "마마5908", "region_type_cd": "RURAL", "households": 24, "buildings": 59, "avg_score": 99.8, "risk_level_cd": "danger"}}, {"type": "Feature", "geometry": {"type": "Polygon", "coordinates": [[[129.25013, 35.36399], [129.25032, 35.373], [129.26133, 35.37284], [129.26113, 35.36383], [129.25013, 35.36399]]]}, "properties": {"grid_id": "마마5909", "region_type_cd": "RURAL", "households": 29, "buildings": 16, "avg_score": 57.5, "risk_level_cd": "warn"}}, {"type": "Feature", "geometry": {"type": "Polygon", "coordinates": [[[129.25032, 35.373], [129.25052, 35.38201], [129.26152, 35.38185], [129.26133, 35.37284], [129.25032, 35.373]]]}, "properties": {"grid_id": "마마5910", "region_type_cd": "RURAL", "households": 17, "buildings": 46, "avg_score": 22.4, "risk_level_cd": "ok"}}, {"type": "Feature", "geometry": {"type": "Polygon", "coordinates": [[[129.25052, 35.38201], [129.25071, 35.39103], [129.26172, 35.39087], [129.26152, 35.38185], [129.25052, 35.38201]]]}, "properties": {"grid_id": "마마5911", "region_type_cd": "RURAL", "households": 13, "buildings": 19, "avg_score": 21.9, "risk_level_cd": "ok"}}, {"type": "Feature", "geometry": {"type": "Polygon", "coordinates": [[[129.25937, 35.28272], [129.25957, 35.29173], [129.27056, 35.29157], [129.27036, 35.28255], [129.25937, 35.28272]]]}, "properties": {"grid_id": "마마6000", "region_type_cd": "RURAL", "households": 44, "buildings": 6, "avg_score": 24.0, "risk_level_cd": "ok"}}, {"type": "Feature", "geometry": {"type": "Polygon", "coordinates": [[[129.25957, 35.29173], [129.25976, 35.30074], [129.27076, 35.30058], [129.27056, 35.29157], [129.25957, 35.29173]]]}, "properties": {"grid_id": "마마6001", "region_type_cd": "RURAL", "households": 58, "buildings": 38, "avg_score": 21.9, "risk_level_cd": "ok"}}, {"type": "Feature", "geometry": {"type": "Polygon", "coordinates": [[[129.25976, 35.30074], [129.25996, 35.30975], [129.27095, 35.30959], [129.27076, 35.30058], [129.25976, 35.30074]]]}, "properties": {"grid_id": "마마6002", "region_type_cd": "RURAL", "households": 45, "buildings": 1, "avg_score": 10.4, "risk_level_cd": "ok"}}, {"type": "Feature", "geometry": {"type": "Polygon", "coordinates": [[[129.25996, 35.30975], [129.26015, 35.31877], [129.27115, 35.31861], [129.27095, 35.30959], [129.25996, 35.30975]]]}, "properties": {"grid_id": "마마6003", "region_type_cd": "RURAL", "households": 40, "buildings": 105, "avg_score": 18.2, "risk_level_cd": "ok"}}, {"type": "Feature", "geometry": {"type": "Polygon", "coordinates": [[[129.26015, 35.31877], [129.26035, 35.32778], [129.27135, 35.32762], [129.27115, 35.31861], [129.26015, 35.31877]]]}, "properties": {"grid_id": "마마6004", "region_type_cd": "RURAL", "households": 60, "buildings": 34, "avg_score": 18.7, "risk_level_cd": "ok"}}, {"type": "Feature", "geometry": {"type": "Polygon", "coordinates": [[[129.26035, 35.32778], [129.26054, 35.33679], [129.27154, 35.33663], [129.27135, 35.32762], [129.26035, 35.32778]]]}, "properties": {"grid_id": "마마6005", "region_type_cd": "RURAL", "households": 56, "buildings": 27, "avg_score": 17.6, "risk_level_cd": "ok"}}, {"type": "Feature", "geometry": {"type": "Polygon", "coordinates": [[[129.26054, 35.33679], [129.26074, 35.3458], [129.27174, 35.34564], [129.27154, 35.33663], [129.26054, 35.33679]]]}, "properties": {"grid_id": "마마6006", "region_type_cd": "RURAL", "households": 17, "buildings": 23, "avg_score": 19.1, "risk_level_cd": "ok"}}, {"type": "Feature", "geometry": {"type": "Polygon", "coordinates": [[[129.26074, 35.3458], [129.26094, 35.35482], [129.27194, 35.35466], [129.27174, 35.34564], [129.26074, 35.3458]]]}, "properties": {"grid_id": "마마6007", "region_type_cd": "RURAL", "households": 21, "buildings": 50, "avg_score": 21.4, "risk_level_cd": "ok"}}, {"type": "Feature", "geometry": {"type": "Polygon", "coordinates": [[[129.26094, 35.35482], [129.26113, 35.36383], [129.27213, 35.36367], [129.27194, 35.35466], [129.26094, 35.35482]]]}, "properties": {"grid_id": "마마6008", "region_type_cd": "RURAL", "households": 24, "buildings": 72, "avg_score": 84.9, "risk_level_cd": "danger"}}, {"type": "Feature", "geometry": {"type": "Polygon", "coordinates": [[[129.26113, 35.36383], [129.26133, 35.37284], [129.27233, 35.37268], [129.27213, 35.36367], [129.26113, 35.36383]]]}, "properties": {"grid_id": "마마6009", "region_type_cd": "RURAL", "households": 29, "buildings": 84, "avg_score": 92.2, "risk_level_cd": "danger"}}, {"type": "Feature", "geometry": {"type": "Polygon", "coordinates": [[[129.26133, 35.37284], [129.26152, 35.38185], [129.27253, 35.38169], [129.27233, 35.37268], [129.26133, 35.37284]]]}, "properties": {"grid_id": "마마6010", "region_type_cd": "RURAL", "households": 18, "buildings": 12, "avg_score": 33.2, "risk_level_cd": "ok"}}, {"type": "Feature", "geometry": {"type": "Polygon", "coordinates": [[[129.26152, 35.38185], [129.26172, 35.39087], [129.27273, 35.39071], [129.27253, 35.38169], [129.26152, 35.38185]]]}, "properties": {"grid_id": "마마6011", "region_type_cd": "RURAL", "households": 17, "buildings": 29, "avg_score": 21.1, "risk_level_cd": "ok"}}, {"type": "Feature", "geometry": {"type": "Polygon", "coordinates": [[[129.27115, 35.31861], [129.27135, 35.32762], [129.28234, 35.32746], [129.28215, 35.31844], [129.27115, 35.31861]]]}, "properties": {"grid_id": "마마6104", "region_type_cd": "BUFFER", "households": 144, "buildings": 210, "avg_score": 4.6, "risk_level_cd": "ok"}}, {"type": "Feature", "geometry": {"type": "Polygon", "coordinates": [[[129.27135, 35.32762], [129.27154, 35.33663], [129.28254, 35.33647], [129.28234, 35.32746], [129.27135, 35.32762]]]}, "properties": {"grid_id": "마마6105", "region_type_cd": "BUFFER", "households": 192, "buildings": 133, "avg_score": 1.6, "risk_level_cd": "ok"}}, {"type": "Feature", "geometry": {"type": "Polygon", "coordinates": [[[129.27154, 35.33663], [129.27174, 35.34564], [129.28274, 35.34548], [129.28254, 35.33647], [129.27154, 35.33663]]]}, "properties": {"grid_id": "마마6106", "region_type_cd": "RURAL", "households": 19, "buildings": 4, "avg_score": 20.0, "risk_level_cd": "ok"}}, {"type": "Feature", "geometry": {"type": "Polygon", "coordinates": [[[129.27174, 35.34564], [129.27194, 35.35466], [129.28294, 35.35449], [129.28274, 35.34548], [129.27174, 35.34564]]]}, "properties": {"grid_id": "마마6107", "region_type_cd": "RURAL", "households": 19, "buildings": 39, "avg_score": 23.5, "risk_level_cd": "ok"}}, {"type": "Feature", "geometry": {"type": "Polygon", "coordinates": [[[129.27194, 35.35466], [129.27213, 35.36367], [129.28314, 35.36351], [129.28294, 35.35449], [129.27194, 35.35466]]]}, "properties": {"grid_id": "마마6108", "region_type_cd": "RURAL", "households": 9, "buildings": 5, "avg_score": 25.9, "risk_level_cd": "ok"}}, {"type": "Feature", "geometry": {"type": "Polygon", "coordinates": [[[129.27213, 35.36367], [129.27233, 35.37268], [129.28333, 35.37252], [129.28314, 35.36351], [129.27213, 35.36367]]]}, "properties": {"grid_id": "마마6109", "region_type_cd": "RURAL", "households": 16, "buildings": 5, "avg_score": 44.1, "risk_level_cd": "warn"}}, {"type": "Feature", "geometry": {"type": "Polygon", "coordinates": [[[129.27233, 35.37268], [129.27253, 35.38169], [129.28353, 35.38153], [129.28333, 35.37252], [129.27233, 35.37268]]]}, "properties": {"grid_id": "마마6110", "region_type_cd": "RURAL", "households": 17, "buildings": 2, "avg_score": 21.9, "risk_level_cd": "ok"}}, {"type": "Feature", "geometry": {"type": "Polygon", "coordinates": [[[129.28215, 35.31844], [129.28234, 35.32746], [129.29334, 35.32729], [129.29314, 35.31828], [129.28215, 35.31844]]]}, "properties": {"grid_id": "마마6204", "region_type_cd": "BUFFER", "households": 167, "buildings": 100, "avg_score": 1.3, "risk_level_cd": "ok"}}, {"type": "Feature", "geometry": {"type": "Polygon", "coordinates": [[[129.28234, 35.32746], [129.28254, 35.33647], [129.29354, 35.33631], [129.29334, 35.32729], [129.28234, 35.32746]]]}, "properties": {"grid_id": "마마6205", "region_type_cd": "BUFFER", "households": 236, "buildings": 164, "avg_score": 0.5, "risk_level_cd": "ok"}}, {"type": "Feature", "geometry": {"type": "Polygon", "coordinates": [[[129.29334, 35.32729], [129.29354, 35.33631], [129.30454, 35.33614], [129.30434, 35.32713], [129.29334, 35.32729]]]}, "properties": {"grid_id": "마마6305", "region_type_cd": "URBAN", "households": 0, "buildings": 4, "avg_score": 18.5, "risk_level_cd": "ok"}}]}