{"type": "FeatureCollection", "features": [{"type": "Feature", "properties": {"dong_cd": "1130559500", "dong_nm": "번1동", "sigungu_cd": "11305", "source": "admdongkor-ver20250701"}, "geometry": {"type": "MultiPolygon", "coordinates": [[[[127.03643985843652, 37.636886881830335], [127.03847930842137, 37.633913668911646], [127.03789854422119, 37.634015067693035], [127.03742766142186, 37.63409773200237], [127.03728642101937, 37.634125137694966], [127.03597393029698, 37.63446833239314], [127.03586023908957, 37.63450151413815], [127.03578729860996, 37.6345228052189], [127.0357496246254, 37.63454293709994], [127.0357010900729, 37.63456898407766], [127.03562667335626, 37.634608926955416], [127.0355989441398, 37.63462459123647], [127.03482759496961, 37.63507109512616], [127.03448989423241, 37.6352669309639], [127.03428637492227, 37.635357253099244], [127.0342533585428, 37.63537190471846], [127.0340463162295, 37.63540376074141], [127.03385560299611, 37.63540977194744], [127.0338217975862, 37.635410649681816], [127.03359369568093, 37.63539859232063], [127.03174983003939, 37.63528312917559], [127.03152395719313, 37.635268712450795], [127.03128038420381, 37.63525197163148], [127.02749173764312, 37.63496307804533], [127.02325485838266, 37.63465084213415], [127.02358287786183, 37.63608980385038], [127.02530197894097, 37.63744782671254], [127.0308330478805, 37.64285637818275], [127.0312503509729, 37.6426247934739], [127.03169771322884, 37.64234602892804], [127.0317887511463, 37.64228893001972], [127.03228686725079, 37.64193600430562], [127.03267061562667, 37.64163107035845], [127.03291105059824, 37.64132034277609], [127.03293542896331, 37.641288739256], [127.03301287630512, 37.641164856872], [127.0331499290436, 37.64094231827674], [127.03329746241774, 37.64062968722545], [127.03354731054584, 37.64009888618238], [127.0335774646304, 37.640034785097114], [127.03359610968907, 37.639988788740304], [127.03384219455694, 37.6393891216457], [127.03388611151821, 37.639282211737125], [127.03396808241817, 37.6390831641636], [127.0340241597788, 37.63895156501669], [127.0342375520935, 37.638452426552924], [127.0342665116849, 37.638385192912374], [127.0343045224853, 37.638296948752256], [127.03435697375176, 37.638177728509305], [127.03450139032807, 37.637851563407644], [127.03462542990917, 37.637682979771675], [127.03468572900285, 37.63760104262158], [127.03496339832212, 37.63737680291024], [127.0354961834211, 37.63713666712863], [127.03553018313742, 37.63712254181469], [127.03569841295204, 37.637081129517206], [127.03588213331749, 37.63703656013972], [127.03609145053453, 37.636985781758504], [127.03643985843652, 37.636886881830335]]]]}}, {"type": "Feature", "properties": {"dong_cd": "1130560300", "dong_nm": "번2동", "sigungu_cd": "11305", "source": "admdongkor-ver20250701"}, "geometry": {"type": "MultiPolygon", "coordinates": [[[[127.03847930842137, 37.633913668911646], [127.04148121127378, 37.63127886172987], [127.04196678533623, 37.6309889022168], [127.04152083095941, 37.630591726513266], [127.04061981233083, 37.62979053663821], [127.03980033302345, 37.62909556526675], [127.03938177514553, 37.62874241143771], [127.03882302282192, 37.62827774613202], [127.03847063644163, 37.62800019334096], [127.0368993427054, 37.626677072275065], [127.03687497991297, 37.62664840418442], [127.0368162724619, 37.62657704001179], [127.03673927910104, 37.62642914336747], [127.03673445907417, 37.62629279680537], [127.03676813014657, 37.62619018437747], [127.03678283437868, 37.62614539233754], [127.03701096014098, 37.62556942027513], [127.0374808866263, 37.62436685759914], [127.03759710721596, 37.62378369536854], [127.03763080282343, 37.62360355937184], [127.03767366583494, 37.623315297548864], [127.03760251070914, 37.6216542990967], [127.03758847502206, 37.62151637505045], [127.0375764685943, 37.62139844167164], [127.0373246408568, 37.620778909550246], [127.03682548932798, 37.619955604640666], [127.03471175104836, 37.62092975012068], [127.034579158864, 37.621017008768085], [127.03447351038677, 37.62108654505014], [127.03383089808214, 37.62248784569099], [127.0325924404923, 37.62550795159084], [127.03260427531103, 37.625531775813634], [127.0327838770809, 37.6259200631897], [127.03279257274079, 37.62611501232636], [127.03274959060045, 37.626318364618676], [127.03240697984204, 37.627629988671984], [127.03210642090201, 37.628008486413556], [127.03185037296286, 37.62817759858231], [127.03142138439566, 37.628590511789945], [127.03131965923806, 37.62870426237791], [127.03129797506443, 37.628728602535496], [127.03002076515544, 37.63054658033943], [127.02982405999073, 37.63085440606507], [127.02976034483521, 37.63096231280775], [127.02900981486702, 37.633047044835614], [127.02757085592383, 37.63350118086531], [127.02749173764312, 37.63496307804533], [127.03128038420381, 37.63525197163148], [127.03152395719313, 37.635268712450795], [127.03174983003939, 37.63528312917559], [127.03359369568093, 37.63539859232063], [127.0338217975862, 37.635410649681816], [127.03385560299611, 37.63540977194744], [127.0340463162295, 37.63540376074141], [127.0342533585428, 37.63537190471846], [127.03428637492227, 37.635357253099244], [127.03448989423241, 37.6352669309639], [127.03482759496961, 37.63507109512616], [127.0355989441398, 37.63462459123647], [127.03562667335626, 37.634608926955416], [127.0357010900729, 37.63456898407766], [127.0357496246254, 37.63454293709994], [127.03578729860996, 37.6345228052189], [127.03586023908957, 37.63450151413815], [127.03597393029698, 37.63446833239314], [127.03728642101937, 37.634125137694966], [127.03742766142186, 37.63409773200237], [127.03789854422119, 37.634015067693035], [127.03847930842137, 37.633913668911646]]]]}}, {"type": "Feature", "properties": {"dong_cd": "1130560800", "dong_nm": "번3동", "sigungu_cd": "11305", "source": "admdongkor-ver20250701"}, "geometry": {"type": "MultiPolygon", "coordinates": [[[[127.04998624978273, 37.62443094627259], [127.04792391078658, 37.62322125511057], [127.04472900163731, 37.619549152876175], [127.04468002751214, 37.6194933196243], [127.04454811985217, 37.619343449342615], [127.04396084498565, 37.61867645110973], [127.04391360374947, 37.61864134155828], [127.04303722211357, 37.61800137881255], [127.04231376006469, 37.617473478828906], [127.04019440807416, 37.61594541776228], [127.03911856064649, 37.6163085183367], [127.03890285260076, 37.61637640294172], [127.03873676728867, 37.616435468617865], [127.03871106319556, 37.61646916753952], [127.03865184909672, 37.61654773581604], [127.0384906587148, 37.61741133312926], [127.03848952648869, 37.61752668234335], [127.03848873752887, 37.61760849399385], [127.03851362546446, 37.61782040649334], [127.03853539606546, 37.61796470620824], [127.03858306827682, 37.618272475266686], [127.03866485240091, 37.61856122416199], [127.03870765796138, 37.61871046429191], [127.03871823142444, 37.61874730106801], [127.0388483039372, 37.618901070778435], [127.03889983362085, 37.61904323334527], [127.03879452014468, 37.61946870535388], [127.03790611768383, 37.61974577202956], [127.03682548932798, 37.619955604640666], [127.0373246408568, 37.620778909550246], [127.0375764685943, 37.62139844167164], [127.03758847502206, 37.62151637505045], [127.03760251070914, 37.6216542990967], [127.03767366583494, 37.623315297548864], [127.03763080282343, 37.62360355937184], [127.03759710721596, 37.62378369536854], [127.0374808866263, 37.62436685759914], [127.03701096014098, 37.62556942027513], [127.03678283437868, 37.62614539233754], [127.03676813014657, 37.62619018437747], [127.03673445907417, 37.62629279680537], [127.03673927910104, 37.62642914336747], [127.0368162724619, 37.62657704001179], [127.03687497991297, 37.62664840418442], [127.0368993427054, 37.626677072275065], [127.03847063644163, 37.62800019334096], [127.03882302282192, 37.62827774613202], [127.03938177514553, 37.62874241143771], [127.03980033302345, 37.62909556526675], [127.04061981233083, 37.62979053663821], [127.04152083095941, 37.630591726513266], [127.04196678533623, 37.6309889022168], [127.04215639726725, 37.6308757908823], [127.04289314324956, 37.63043590057197], [127.0461649238287, 37.62809043681941], [127.04824313840281, 37.62646750941026], [127.04998624978273, 37.62443094627259]]]]}}, {"type": "Feature", "properties": {"dong_cd": "1130561500", "dong_nm": "수유1동", "sigungu_cd": "11305", "source": "admdongkor-ver20250701"}, "geometry": {"type": "MultiPolygon", "coordinates": [[[[127.02258829460055, 37.63033637310363], [127.02123467878783, 37.63011907371076], [127.01776353840671, 37.629301619772555], [127.01587933542118, 37.62745967946732], [127.01008591017643, 37.62523987917], [127.00920683324304, 37.625042438072796], [127.00821797440359, 37.624951566940055], [127.0078117042653, 37.625030047079065], [127.00765844361908, 37.625059647609774], [127.00713613808725, 37.62510591406314], [127.00647306708768, 37.62512567602303], [127.0054378759179, 37.62486671342593], [127.00450145926443, 37.62443804688375], [127.0028982093342, 37.62537318900672], [127.00235772345248, 37.625595114238784], [127.00173864110356, 37.62570967564925], [126.99893594081585, 37.62687856060226], [126.99454937304873, 37.62982863325569], [126.99433331102733, 37.6298333408384], [126.994156661622, 37.629898777885835], [126.99410181928864, 37.62991910226745], [126.9940447945922, 37.62998634090821], [126.99333591642657, 37.63151569010014], [126.99324770843108, 37.63183462810404], [126.9931943091371, 37.6320277175924], [126.99761064103525, 37.63204885835184], [127.00036571536413, 37.632101117496916], [127.00259788076875, 37.63228292966746], [127.00307357846232, 37.63234577892906], [127.00812518158185, 37.63301365206595], [127.01091980209883, 37.63341622480782], [127.01171075767805, 37.633564843391355], [127.01203196983133, 37.63362363079019], [127.01251539390891, 37.633680836101455], [127.01314957510205, 37.63375421869908], [127.01326906031221, 37.63376718619345], [127.01458799802684, 37.633903449092145], [127.01468357021253, 37.633912855632786], [127.0150375251102, 37.63394698454555], [127.01921563634649, 37.63434940612073], [127.02072636038947, 37.63449075329867], [127.02195463344475, 37.634568952043125], [127.0225284003193, 37.634605093616166], [127.02325485838266, 37.63465084213415], [127.02343249402092, 37.63323871491934], [127.02258829460055, 37.63033637310363]]]]}}, {"type": "Feature", "properties": {"dong_cd": "1130562500", "dong_nm": "수유2동", "sigungu_cd": "11305", "source": "admdongkor-ver20250701"}, "geometry": {"type": "MultiPolygon", "coordinates": [[[[127.0156184129697, 37.64910310736471], [127.01634029802962, 37.64889987607642], [127.0169989028958, 37.64872681398044], [127.01745497492657, 37.64864531584939], [127.01762654648628, 37.64862910846611], [127.01779011596733, 37.64861535581083], [127.01796246535265, 37.648614708172865], [127.01820406807268, 37.64861456847271], [127.01857565513747, 37.648671292289904], [127.01878795775472, 37.648709338589136], [127.01886680600079, 37.648724063539845], [127.01892666108714, 37.64873525436372], [127.01918270596623, 37.64880108173133], [127.01971035866244, 37.64893843151188], [127.01995502782617, 37.64901153424306], [127.02023169341471, 37.649067866552386], [127.02048736896813, 37.649081299448135], [127.02055749233834, 37.64908496446897], [127.02077137721211, 37.64906058711734], [127.0208381050603, 37.649052845293426], [127.02113960380301, 37.64901634861971], [127.02131352658239, 37.648964101000374], [127.02461727576701, 37.64740237571814], [127.02478058917583, 37.6472351598407], [127.02515169559643, 37.64660111748124], [127.02411672803238, 37.64534981755621], [127.02397345283337, 37.64437579608359], [127.02395026584611, 37.64368054663573], [127.02082352591337, 37.64142130636719], [127.02054406139418, 37.64125455120248], [127.02044580474053, 37.64122035081334], [127.02020760095803, 37.64113826199822], [127.0198601171776, 37.64108276811926], [127.01980561093576, 37.641076912923786], [127.01777970296988, 37.64088477782271], [127.0169148071002, 37.64081395830065], [127.01592445760711, 37.644306990299604], [127.01389641274534, 37.649052071527045], [127.0151826722879, 37.64910919147368], [127.0156184129697, 37.64910310736471]]]]}}, {"type": "Feature", "properties": {"dong_cd": "1130563500", "dong_nm": "수유3동", "sigungu_cd": "11305", "source": "admdongkor-ver20250701"}, "geometry": {"type": "MultiPolygon", "coordinates": [[[[127.0308330478805, 37.64285637818275], [127.02530197894097, 37.63744782671254], [127.02358287786183, 37.63608980385038], [127.02289482162753, 37.63623574420111], [127.02256380094265, 37.63626933197726], [127.02240231374856, 37.636274311744316], [127.0220997200206, 37.636283226498385], [127.02178321254954, 37.63626279060388], [127.02152142372242, 37.63621440897977], [127.02148496667421, 37.636204878196935], [127.02135947170866, 37.63617206520273], [127.02110772339583, 37.636104569966875], [127.02059805136996, 37.63594590349257], [127.02056054182114, 37.63593334686351], [127.0198579384549, 37.63569726851012], [127.01980214383201, 37.635672254647915], [127.01964086368834, 37.63559982459333], [127.019516211863, 37.63554372701133], [127.01718160708185, 37.63725915814409], [127.0169148071002, 37.64081395830065], [127.01777970296988, 37.64088477782271], [127.01980561093576, 37.641076912923786], [127.0198601171776, 37.64108276811926], [127.02020760095803, 37.64113826199822], [127.02044580474053, 37.64122035081334], [127.02054406139418, 37.64125455120248], [127.02082352591337, 37.64142130636719], [127.02395026584611, 37.64368054663573], [127.02397345283337, 37.64437579608359], [127.02411672803238, 37.64534981755621], [127.02515169559643, 37.64660111748124], [127.02549570525595, 37.64607982121414], [127.02563859204818, 37.645892241867905], [127.02566106582222, 37.64586282247725], [127.02592093338572, 37.64572324955666], [127.02609043971306, 37.645636464913544], [127.02616330284395, 37.64559916284561], [127.02659543274554, 37.645381196924475], [127.02664231163367, 37.64536223163031], [127.02708126604696, 37.645184851441506], [127.02726558904683, 37.64511890931107], [127.02791439101715, 37.644748191749805], [127.02972223248752, 37.64363947608874], [127.0297656227361, 37.64361260893811], [127.02993422449002, 37.64350061372962], [127.0301263088171, 37.643372938409115], [127.03060580833959, 37.64305374588955], [127.0308330478805, 37.64285637818275]]]]}}, {"type": "Feature", "properties": {"dong_cd": "1130553400", "dong_nm": "삼양동", "sigungu_cd": "11305", "source": "admdongkor-ver20250701"}, "geometry": {"type": "MultiPolygon", "coordinates": [[[[127.02200507608345, 37.62518060489079], [127.01840430172396, 37.62486285455344], [127.0184370006586, 37.62460275960964], [127.01847206316604, 37.62432686750027], [127.01856202811415, 37.624039801950595], [127.01858119345309, 37.623989310493045], [127.01867481207903, 37.623749710766205], [127.0188270294078, 37.6235206576451], [127.02059280199066, 37.62098702658193], [127.02108752844927, 37.61946810691285], [127.02028511358999, 37.61971375985848], [127.02003838033703, 37.61975500956664], [127.01932979748575, 37.6198681710546], [127.01921319640648, 37.61988290524047], [127.01893966355499, 37.619907703955846], [127.01882982916266, 37.619917396211505], [127.01776476617567, 37.620011068227875], [127.01499794499463, 37.62019915090119], [127.01488528359339, 37.62020657451241], [127.01483498478176, 37.62020974774088], [127.01468408030749, 37.62021701391461], [127.01439645402847, 37.620230477374456], [127.0133872756061, 37.62022519332454], [127.00855682934258, 37.6185636263597], [127.00849368915605, 37.618574612104936], [127.00804582873634, 37.619369304949544], [127.00750592046539, 37.621016504456904], [127.0073747156479, 37.62244109615154], [127.0074066285229, 37.622471672116504], [127.0074422694983, 37.622505702244666], [127.00747692742655, 37.62255648415718], [127.00754328035329, 37.62265371816971], [127.00764719194864, 37.6228997667589], [127.00782360504725, 37.62331962548838], [127.00787567662418, 37.62390909317403], [127.00756885227354, 37.62402952543562], [127.00643574945495, 37.62434248169435], [127.00450145926443, 37.62443804688375], [127.0054378759179, 37.62486671342593], [127.00647306708768, 37.62512567602303], [127.00713613808725, 37.62510591406314], [127.00765844361908, 37.625059647609774], [127.0078117042653, 37.625030047079065], [127.00821797440359, 37.624951566940055], [127.00920683324304, 37.625042438072796], [127.01008591017643, 37.62523987917], [127.01587933542118, 37.62745967946732], [127.01776353840671, 37.629301619772555], [127.02123467878783, 37.63011907371076], [127.02258829460055, 37.63033637310363], [127.02085663397652, 37.629126354938826], [127.02200507608345, 37.62518060489079]]]]}}, {"type": "Feature", "properties": {"dong_cd": "1130553500", "dong_nm": "미아동", "sigungu_cd": "11305", "source": "admdongkor-ver20250701"}, "geometry": {"type": "MultiPolygon", "coordinates": [[[[127.0325924404923, 37.62550795159084], [127.03235049375891, 37.62569159541512], [127.0268946133866, 37.624456705809706], [127.0258556253237, 37.623670623164124], [127.02287105181097, 37.62295329415381], [127.02250949374148, 37.62383176453076], [127.02234974859986, 37.62422432740213], [127.02206998017823, 37.62499947323219], [127.02200507608345, 37.62518060489079], [127.02085663397652, 37.629126354938826], [127.02258829460055, 37.63033637310363], [127.02343249402092, 37.63323871491934], [127.02325485838266, 37.63465084213415], [127.02749173764312, 37.63496307804533], [127.02757085592383, 37.63350118086531], [127.02900981486702, 37.633047044835614], [127.02976034483521, 37.63096231280775], [127.02982405999073, 37.63085440606507], [127.03002076515544, 37.63054658033943], [127.03129797506443, 37.628728602535496], [127.03131965923806, 37.62870426237791], [127.03142138439566, 37.628590511789945], [127.03185037296286, 37.62817759858231], [127.03210642090201, 37.628008486413556], [127.03240697984204, 37.627629988671984], [127.03274959060045, 37.626318364618676], [127.03279257274079, 37.62611501232636], [127.0327838770809, 37.6259200631897], [127.03260427531103, 37.625531775813634], [127.0325924404923, 37.62550795159084]]]]}}, {"type": "Feature", "properties": {"dong_cd": "1130554500", "dong_nm": "송중동", "sigungu_cd": "11305", "source": "admdongkor-ver20250701"}, "geometry": {"type": "MultiPolygon", "coordinates": [[[[127.0325924404923, 37.62550795159084], [127.03383089808214, 37.62248784569099], [127.03447351038677, 37.62108654505014], [127.034579158864, 37.621017008768085], [127.03471175104836, 37.62092975012068], [127.03682548932798, 37.619955604640666], [127.03790611768383, 37.61974577202956], [127.03879452014468, 37.61946870535388], [127.03889983362085, 37.61904323334527], [127.0388483039372, 37.618901070778435], [127.03871823142444, 37.61874730106801], [127.03870765796138, 37.61871046429191], [127.03866485240091, 37.61856122416199], [127.03858306827682, 37.618272475266686], [127.03853539606546, 37.61796470620824], [127.03851362546446, 37.61782040649334], [127.03848873752887, 37.61760849399385], [127.03848952648869, 37.61752668234335], [127.0384906587148, 37.61741133312926], [127.03865184909672, 37.61654773581604], [127.03871106319556, 37.61646916753952], [127.03873676728867, 37.616435468617865], [127.03890285260076, 37.61637640294172], [127.03911856064649, 37.6163085183367], [127.03710340205886, 37.612711037864585], [127.03041114876135, 37.60913890026055], [127.02998261593791, 37.612341807273275], [127.02994597721664, 37.61486849824232], [127.02988182475215, 37.61617293403983], [127.02983936999075, 37.61683748497519], [127.02980713191077, 37.617124676980545], [127.02893003960183, 37.619336746515806], [127.0268946133866, 37.624456705809706], [127.03235049375891, 37.62569159541512], [127.0325924404923, 37.62550795159084]]]]}}, {"type": "Feature", "properties": {"dong_cd": "1130555500", "dong_nm": "송천동", "sigungu_cd": "11305", "source": "admdongkor-ver20250701"}, "geometry": {"type": "MultiPolygon", "coordinates": [[[[127.0268946133866, 37.624456705809706], [127.02893003960183, 37.619336746515806], [127.02980713191077, 37.617124676980545], [127.02983936999075, 37.61683748497519], [127.02988182475215, 37.61617293403983], [127.02994597721664, 37.61486849824232], [127.02998261593791, 37.612341807273275], [127.02722280616715, 37.6125637004021], [127.02223498056777, 37.61126924609166], [127.02202954651389, 37.6122870292313], [127.02221364432133, 37.61450394752227], [127.02221619894982, 37.61532305151081], [127.02220072372377, 37.61552804391573], [127.02210130610187, 37.61590169780264], [127.02188104548142, 37.61672436967105], [127.02181236962106, 37.616962973722465], [127.02108752844927, 37.61946810691285], [127.02059280199066, 37.62098702658193], [127.0188270294078, 37.6235206576451], [127.01867481207903, 37.623749710766205], [127.01858119345309, 37.623989310493045], [127.01856202811415, 37.624039801950595], [127.01847206316604, 37.62432686750027], [127.0184370006586, 37.62460275960964], [127.01840430172396, 37.62486285455344], [127.02200507608345, 37.62518060489079], [127.02206998017823, 37.62499947323219], [127.02234974859986, 37.62422432740213], [127.02250949374148, 37.62383176453076], [127.02287105181097, 37.62295329415381], [127.0258556253237, 37.623670623164124], [127.0268946133866, 37.624456705809706]]]]}}, {"type": "Feature", "properties": {"dong_cd": "1130557500", "dong_nm": "삼각산동", "sigungu_cd": "11305", "source": "admdongkor-ver20250701"}, "geometry": {"type": "MultiPolygon", "coordinates": [[[[127.02108752844927, 37.61946810691285], [127.02181236962106, 37.616962973722465], [127.02188104548142, 37.61672436967105], [127.02210130610187, 37.61590169780264], [127.02220072372377, 37.61552804391573], [127.02221619894982, 37.61532305151081], [127.02221364432133, 37.61450394752227], [127.02202954651389, 37.6122870292313], [127.02066709616206, 37.612503458332654], [127.02060540032623, 37.61251785451325], [127.02047915749033, 37.612547761868484], [127.0203809793716, 37.612618343513255], [127.01979236725089, 37.613255667681784], [127.01925833172508, 37.61375284532067], [127.01764268619957, 37.61457097936299], [127.01631096469228, 37.6149609826272], [127.01525314051852, 37.61480787300652], [127.01494118413659, 37.61541843384157], [127.0147523815127, 37.61559229237353], [127.01147023020268, 37.61641925019859], [127.00943902959517, 37.61816727344713], [127.00855682934258, 37.6185636263597], [127.0133872756061, 37.62022519332454], [127.01439645402847, 37.620230477374456], [127.01468408030749, 37.62021701391461], [127.01483498478176, 37.62020974774088], [127.01488528359339, 37.62020657451241], [127.01499794499463, 37.62019915090119], [127.01776476617567, 37.620011068227875], [127.01882982916266, 37.619917396211505], [127.01893966355499, 37.619907703955846], [127.01921319640648, 37.61988290524047], [127.01932979748575, 37.6198681710546], [127.02003838033703, 37.61975500956664], [127.02028511358999, 37.61971375985848], [127.02108752844927, 37.61946810691285]]]]}}, {"type": "Feature", "properties": {"dong_cd": "1130564500", "dong_nm": "우이동", "sigungu_cd": "11305", "source": "admdongkor-ver20250701"}, "geometry": {"type": "MultiPolygon", "coordinates": [[[[127.00829247114032, 37.68467769374363], [127.00840617907357, 37.6812992927244], [127.01036484102883, 37.679538579467824], [127.01044849295272, 37.67953973793205], [127.01049429796379, 37.67953881942163], [127.01056476529926, 37.67953152267595], [127.01073574278487, 37.67950631884587], [127.01195190599834, 37.67930743176571], [127.01198105961834, 37.679294032442996], [127.01202106780516, 37.679245751454104], [127.01277441038602, 37.67806812249259], [127.01321525706216, 37.677238293639874], [127.01341552808057, 37.67644960793935], [127.01386720511984, 37.675372017984174], [127.01411900643333, 37.67501590296277], [127.01458299676618, 37.67440040135528], [127.01482113544574, 37.674243080336694], [127.01573582651336, 37.673450738214406], [127.01663185792371, 37.672666992193705], [127.01731818084028, 37.67182543500856], [127.01738561000413, 37.67174272528323], [127.0184402954662, 37.67007845276057], [127.01851613235515, 37.669958309192594], [127.01847324853476, 37.66964405578782], [127.01843967568018, 37.66939804420544], [127.01816091617121, 37.668777239558835], [127.01763051211083, 37.668278211918185], [127.01692572189502, 37.66789676770846], [127.01655446805353, 37.667553866816135], [127.01582760146722, 37.666863619036434], [127.01565789198271, 37.666698429020755], [127.01551609005206, 37.6663425502205], [127.01544521376042, 37.666164642397874], [127.01540694380135, 37.665838878624], [127.01543885845058, 37.66376369005558], [127.01544989400237, 37.663481113296754], [127.01633530053708, 37.66157600210437], [127.0158469627987, 37.6614440633515], [127.01516244691507, 37.661591467122584], [127.01462794718195, 37.660892844434535], [127.0142757023798, 37.65989105724171], [127.01379029726753, 37.65848072398298], [127.0126613440047, 37.65330936643181], [127.0125629408458, 37.65274993033521], [127.01254712978013, 37.65245805781144], [127.01255521304202, 37.65222300501987], [127.0126425314188, 37.65184667084097], [127.01269281873698, 37.65163168483169], [127.01289558949107, 37.651177348034565], [127.01290852642731, 37.65114923472813], [127.01324470512169, 37.65043985731184], [127.01520119145027, 37.64931206808114], [127.01528831439217, 37.6492640784462], [127.0153839242094, 37.64921141863894], [127.0156184129697, 37.64910310736471], [127.0151826722879, 37.64910919147368], [127.01389641274534, 37.649052071527045], [127.01592445760711, 37.644306990299604], [127.01066093833778, 37.64503156368945], [127.00734344694668, 37.644986903762124], [127.00627008591475, 37.644780742614635], [127.00457328702353, 37.644360141312326], [127.00428695119672, 37.644165151283744], [127.00407328360234, 37.64401665952286], [127.00362220296891, 37.64368914582664], [127.0034598975005, 37.64357129814879], [127.00320116794217, 37.6433798016737], [127.00187639446138, 37.642104458341], [127.00056239836292, 37.64070746520788], [126.99822946161706, 37.639566388960525], [126.99695621222095, 37.63897284487342], [126.99673222749527, 37.638886262665], [126.99650863800848, 37.638847001883896], [126.99486322665649, 37.63871265466783], [126.99151316090395, 37.63872079703807], [126.98926462593134, 37.639455813570095], [126.9884207941416, 37.63978339858301], [126.98636747030174, 37.6406509135974], [126.98589486369177, 37.64056897420316], [126.98426146642312, 37.64176850919146], [126.98411387379824, 37.64190644423866], [126.98404329561045, 37.64198601195151], [126.98397749471992, 37.64206020151647], [126.98391974326539, 37.642127413865076], [126.98388394279533, 37.6421690792209], [126.98326621232157, 37.64359780845904], [126.98324887066583, 37.64364674260644], [126.98324352964194, 37.64370187191699], [126.98332430350703, 37.643802553326665], [126.98344945914053, 37.643939428343714], [126.98361595701911, 37.64403666320216], [126.98375851011396, 37.644119921498856], [126.98420239694751, 37.644472257129266], [126.98477970344095, 37.6455090618443], [126.9849433081877, 37.64582411683296], [126.98496191285004, 37.64590081153319], [126.98496414761412, 37.64598757478249], [126.98464225717636, 37.64745872488037], [126.98461684039117, 37.647547620649284], [126.98370229707739, 37.64978456467067], [126.98363130924037, 37.64990593410161], [126.98351498172183, 37.650028231657465], [126.98224356203147, 37.65130480615087], [126.98209532635214, 37.651429215549534], [126.98099414364795, 37.65289963417085], [126.97970400190631, 37.65479081648343], [126.97964383183502, 37.65488405540832], [126.97944798504241, 37.65573720469107], [126.97944805866928, 37.655827338345496], [126.97954583069333, 37.656031696416875], [126.97957032859915, 37.656075744497365], [126.97965432354383, 37.65622370836165], [126.97978472899182, 37.6564225768393], [126.97995366380994, 37.65658330837626], [126.98128631720417, 37.65742065589698], [126.9814219129288, 37.657485472069084], [126.98169366900143, 37.65753398644715], [126.9830699978361, 37.65810786577303], [126.98463790180664, 37.65905774606458], [126.98484807478339, 37.65920062407392], [126.98499617433961, 37.6593026707282], [126.9861772270844, 37.660664327308766], [126.98641033522539, 37.660976302317124], [126.98664045625964, 37.6614144504334], [126.98801896272771, 37.66333802695061], [126.98936855467139, 37.66380243007044], [126.98984195339818, 37.663902498417734], [126.99243136647765, 37.66483077523538], [126.9928446150757, 37.66502408592706], [126.9941556158441, 37.666276934134856], [126.99425696395392, 37.66648354847951], [126.99355149939775, 37.67324099570699], [126.99298565982205, 37.67741574623184], [126.99295739337022, 37.67761166318997], [126.99275703948965, 37.67841073328442], [126.99257165636698, 37.67878173817097], [126.99173632766428, 37.67946543249626], [126.9930716143809, 37.67988688743197], [126.9937992044603, 37.680249417999036], [126.99384505835835, 37.68028228801913], [126.99580930841648, 37.6819299949112], [126.99713686684844, 37.68305733288691], [126.9973532127882, 37.68327844103518], [126.99753632023352, 37.683456323608944], [126.9976630679403, 37.68357945342078], [126.99774123820167, 37.68365414606644], [126.99791066113399, 37.68379430320339], [126.99798606038159, 37.68382418780206], [127.00363825548686, 37.68509983444255], [127.00386407815417, 37.685143597859465], [127.00419066246066, 37.68517313790673], [127.00565051890221, 37.685226586283605], [127.00575471742341, 37.68522589636222], [127.00586182983884, 37.68521507859843], [127.00614863430303, 37.68514980691217], [127.00635849921153, 37.685099580165925], [127.00656963840353, 37.6850490429112], [127.00665564489303, 37.685027824901326], [127.00829247114032, 37.68467769374363]]]]}}, {"type": "Feature", "properties": {"dong_cd": "1130566000", "dong_nm": "인수동", "sigungu_cd": "11305", "source": "admdongkor-ver20250701"}, "geometry": {"type": "MultiPolygon", "coordinates": [[[[127.01592445760711, 37.644306990299604], [127.0169148071002, 37.64081395830065], [127.01718160708185, 37.63725915814409], [127.019516211863, 37.63554372701133], [127.01964086368834, 37.63559982459333], [127.01980214383201, 37.635672254647915], [127.0198579384549, 37.63569726851012], [127.02056054182114, 37.63593334686351], [127.02059805136996, 37.63594590349257], [127.02110772339583, 37.636104569966875], [127.02135947170866, 37.63617206520273], [127.02148496667421, 37.636204878196935], [127.02152142372242, 37.63621440897977], [127.02178321254954, 37.63626279060388], [127.0220997200206, 37.636283226498385], [127.02240231374856, 37.636274311744316], [127.02256380094265, 37.63626933197726], [127.02289482162753, 37.63623574420111], [127.02358287786183, 37.63608980385038], [127.02325485838266, 37.63465084213415], [127.0225284003193, 37.634605093616166], [127.02195463344475, 37.634568952043125], [127.02072636038947, 37.63449075329867], [127.01921563634649, 37.63434940612073], [127.0150375251102, 37.63394698454555], [127.01468357021253, 37.633912855632786], [127.01458799802684, 37.633903449092145], [127.01326906031221, 37.63376718619345], [127.01314957510205, 37.63375421869908], [127.01251539390891, 37.633680836101455], [127.01203196983133, 37.63362363079019], [127.01171075767805, 37.633564843391355], [127.01091980209883, 37.63341622480782], [127.00812518158185, 37.63301365206595], [127.00307357846232, 37.63234577892906], [127.00259788076875, 37.63228292966746], [127.00036571536413, 37.632101117496916], [126.99761064103525, 37.63204885835184], [126.9931943091371, 37.6320277175924], [126.99182495642678, 37.63230811044217], [126.98605595915467, 37.63519545055517], [126.98560361977488, 37.63544473496523], [126.985216797121, 37.63586329599211], [126.98494619602492, 37.6361708227445], [126.98462538828213, 37.63656487056026], [126.98636747030174, 37.6406509135974], [126.9884207941416, 37.63978339858301], [126.98926462593134, 37.639455813570095], [126.99151316090395, 37.63872079703807], [126.99486322665649, 37.63871265466783], [126.99650863800848, 37.638847001883896], [126.99673222749527, 37.638886262665], [126.99695621222095, 37.63897284487342], [126.99822946161706, 37.639566388960525], [127.00056239836292, 37.64070746520788], [127.00187639446138, 37.642104458341], [127.00320116794217, 37.6433798016737], [127.0034598975005, 37.64357129814879], [127.00362220296891, 37.64368914582664], [127.00407328360234, 37.64401665952286], [127.00428695119672, 37.644165151283744], [127.00457328702353, 37.644360141312326], [127.00627008591475, 37.644780742614635], [127.00734344694668, 37.644986903762124], [127.01066093833778, 37.64503156368945], [127.01592445760711, 37.644306990299604]]]]}}, {"type": "Feature", "properties": {"dong_cd": "1162052500", "dong_nm": "보라매동", "sigungu_cd": "11620", "source": "admdongkor-ver20250701"}, "geometry": {"type": "MultiPolygon", "coordinates": [[[[126.92986951577002, 37.494000734997506], [126.9311154700311, 37.4934186048984], [126.93345164672078, 37.493020841296634], [126.9361217357496, 37.49240492002553], [126.93914682252951, 37.49158331202649], [126.93950920870056, 37.49087629868787], [126.93898950300657, 37.4894541146039], [126.93872916574972, 37.488516728646346], [126.93868934840287, 37.48828217310242], [126.93868356622443, 37.488246154439594], [126.93867922193691, 37.48821902998955], [126.93891614015855, 37.48782919172869], [126.93910181101228, 37.487865000967], [126.93919590989691, 37.4879499499171], [126.93924068265736, 37.4879845221753], [126.93937655357009, 37.48808939093918], [126.93963783773188, 37.48803429570553], [126.94014219753318, 37.487707564377644], [126.93932913476131, 37.486208692044656], [126.93490992727014, 37.486397220056524], [126.92733497252132, 37.489536902332766], [126.92430092875286, 37.48996491069668], [126.92488120184615, 37.49089729754878], [126.92582743180412, 37.492606165323195], [126.92652336218804, 37.49393116863887], [126.92655042406858, 37.49400540136513], [126.92657075676308, 37.4940582582179], [126.9266006791538, 37.49412575005619], [126.92682857484166, 37.494373602122515], [126.92736590795097, 37.494930540813414], [126.92740323618266, 37.494948748862456], [126.92772181103398, 37.494988600180314], [126.92780530702397, 37.49497999107371], [126.92803676010197, 37.49494618437861], [126.92809976697107, 37.494936349166316], [126.92847562414724, 37.49478831774088], [126.92851537974438, 37.494767102869396], [126.92892009033788, 37.49454372104947], [126.92904082177334, 37.49447332285066], [126.92918073078744, 37.49439062355042], [126.92986951577002, 37.494000734997506]]]]}}, {"type": "Feature", "properties": {"dong_cd": "1162054500", "dong_nm": "청림동", "sigungu_cd": "11620", "source": "admdongkor-ver20250701"}, "geometry": {"type": "MultiPolygon", "coordinates": [[[[126.96123797630864, 37.49255940112582], [126.96124653957462, 37.492428385517364], [126.96106727939393, 37.4911296951185], [126.96206689991283, 37.48729127546256], [126.96213923306921, 37.486471368757925], [126.962148068574, 37.48523880042369], [126.96146826555199, 37.48529767209088], [126.95689428074944, 37.486378644789255], [126.95767226599651, 37.4873106183607], [126.95770729545099, 37.48735471945871], [126.95796789025266, 37.48768716080296], [126.95800308654432, 37.48780450332121], [126.95805914676252, 37.488167556166566], [126.95805390520798, 37.488403011875235], [126.95804797284555, 37.48844129237197], [126.95803539866462, 37.48851897680653], [126.9580054861835, 37.488596320303856], [126.95796623677305, 37.48869780438578], [126.9571425023241, 37.489786918461306], [126.95610647685994, 37.491582558113706], [126.95628455171826, 37.49157443995303], [126.95671398729704, 37.491554989423385], [126.95731821820857, 37.49178535930284], [126.95737076288009, 37.49181117397192], [126.95867589025646, 37.49293067843028], [126.9589489656749, 37.49379047209878], [126.95912518013165, 37.493865640972906], [126.96022727717208, 37.493887582129865], [126.96034844235754, 37.4938509546989], [126.96119880135294, 37.493388266586585], [126.9612143391497, 37.49328823271334], [126.96123797630864, 37.49255940112582]]]]}}, {"type": "Feature", "properties": {"dong_cd": "1162057500", "dong_nm": "행운동", "sigungu_cd": "11620", "source": "admdongkor-ver20250701"}, "geometry": {"type": "MultiPolygon", "coordinates": [[[[126.962148068574, 37.48523880042369], [126.96140606167722, 37.48382028712919], [126.96139422916477, 37.483789742926774], [126.96138627122865, 37.48375959045055], [126.96137717335591, 37.4837086131929], [126.96134484333162, 37.48348537950942], [126.96444191363585, 37.48021513079799], [126.96532097620997, 37.479564499860466], [126.9658924577129, 37.479223441307425], [126.96682013817005, 37.47858210900811], [126.96781754881724, 37.47779445919247], [126.96821263440668, 37.477303870199606], [126.96880182128564, 37.476654161212764], [126.96959291578297, 37.476637434546255], [126.96976616083765, 37.476633936979184], [126.97018676686235, 37.476625451796934], [126.97049059255507, 37.4753683309936], [126.9704319103586, 37.475359651997366], [126.9702615828769, 37.475340221306794], [126.97007731720473, 37.4753238736075], [126.96991190314336, 37.475309358836064], [126.96965341222705, 37.47529544913718], [126.96939037418268, 37.47529124413091], [126.96918326279516, 37.47529256726699], [126.96891667072944, 37.47530714310868], [126.96887966165042, 37.47530961864337], [126.9686861086203, 37.47532526047094], [126.96856018917458, 37.475339341286194], [126.96834083241593, 37.47537215547675], [126.96823892910207, 37.47538859741085], [126.96807898577921, 37.47541604498719], [126.96803652003337, 37.47542374070752], [126.96790133728226, 37.4754490461167], [126.96728313257036, 37.47560625194308], [126.96723072299523, 37.47562066274123], [126.96697836243919, 37.475722054288546], [126.96673450723591, 37.47582010357944], [126.96608163484893, 37.4760819297313], [126.96570805140425, 37.47623121880733], [126.96416768977726, 37.47684167488392], [126.96364799111716, 37.47704726061884], [126.9634783746487, 37.47695577858588], [126.96230965099744, 37.477589241430856], [126.95276527007492, 37.481293957607505], [126.95279011824616, 37.48137630275204], [126.95630419564438, 37.48566498354211], [126.95689428074944, 37.486378644789255], [126.96146826555199, 37.48529767209088], [126.962148068574, 37.48523880042369]]]]}}, {"type": "Feature", "properties": {"dong_cd": "1162058500", "dong_nm": "낙성대동", "sigungu_cd": "11620", "source": "admdongkor-ver20250701"}, "geometry": {"type": "MultiPolygon", "coordinates": [[[[126.95276527007492, 37.481293957607505], [126.96230965099744, 37.477589241430856], [126.96201209838382, 37.47708764133351], [126.96152275953831, 37.476237114579384], [126.96138770462787, 37.47534742461406], [126.96164394570671, 37.47483394736654], [126.9618776045471, 37.47455082642788], [126.962438328816, 37.473733131987494], [126.9633177829135, 37.4718452147622], [126.96337965240514, 37.471683444638245], [126.96338469584123, 37.47147390119275], [126.96334462698502, 37.47124387224433], [126.96327572828872, 37.47099455840813], [126.96288413247684, 37.470109445443455], [126.96279880834302, 37.469982867044614], [126.96269072775215, 37.46977618932754], [126.96268037368948, 37.469742341211486], [126.96267843319173, 37.46971641826163], [126.9627031837954, 37.469690007361834], [126.9627536700049, 37.469672255668236], [126.96277579939026, 37.46964249870105], [126.96283447254476, 37.46954248904024], [126.96288975479351, 37.469448539107574], [126.96297584866193, 37.46934257883733], [126.96300792181704, 37.46930441675706], [126.96302438435931, 37.469267679987695], [126.96303667626934, 37.469236945354766], [126.96304627982563, 37.46921051602319], [126.96305664183379, 37.469185559355594], [126.96306762110653, 37.469160470287676], [126.96308273163446, 37.469122231106276], [126.96309787762956, 37.46908061197999], [126.96311842639942, 37.469035584115254], [126.96314235343708, 37.46899065992861], [126.96318174848754, 37.468915367948306], [126.96319303098954, 37.46888977097591], [126.96321265275907, 37.46884452616048], [126.96322775509165, 37.46880741362213], [126.96326665246036, 37.46873052844754], [126.9632843687202, 37.46869950745475], [126.96330510006568, 37.46867304301342], [126.96332779697231, 37.46864687593097], [126.96334709579571, 37.4686254300638], [126.96338976754157, 37.46858844270923], [126.9634275493794, 37.46856712132428], [126.96351747656284, 37.46852029381362], [126.9635717022985, 37.46849800596681], [126.96365620880532, 37.46842557761896], [126.96372713371153, 37.46835787379928], [126.96406242622766, 37.467934349124974], [126.96413509404407, 37.467842568584835], [126.96446619004787, 37.467604019076326], [126.96453285107381, 37.46755600369926], [126.96529667986444, 37.46531274689784], [126.9657228807452, 37.46431754773417], [126.96677409208287, 37.46348177591224], [126.96728558407565, 37.463210294135024], [126.9677963600175, 37.46293880689453], [126.97013332546759, 37.46126601463932], [126.9703002534636, 37.46094452591115], [126.9698333942098, 37.46000388853717], [126.96958720258512, 37.45954083540818], [126.96942694303603, 37.45931702871485], [126.96933749831787, 37.459247267232655], [126.96929762268107, 37.459216171421566], [126.96896459642656, 37.459041163051275], [126.96881536054393, 37.45898892537761], [126.96870375243756, 37.45894985434224], [126.96639056688385, 37.45638359947765], [126.96634242294816, 37.4563016014106], [126.96572325097607, 37.4550335089413], [126.96329127455225, 37.45517572807505], [126.96155446715629, 37.4555464000535], [126.9596018604345, 37.456835449881964], [126.95823148730302, 37.4578330680889], [126.95766884661172, 37.4585335500686], [126.95746566958064, 37.458876261868944], [126.95565207694001, 37.4621229663139], [126.9555039485661, 37.46257415003345], [126.95569820988612, 37.4643382740711], [126.95596283193262, 37.46527014919489], [126.95563516070662, 37.46611253961214], [126.953496217247, 37.47081002305874], [126.95346136892087, 37.47084028188875], [126.95332764800847, 37.470955714351675], [126.95314049808167, 37.47103146398165], [126.95253497836242, 37.47109851545183], [126.95291847725711, 37.47210868752303], [126.95296740510715, 37.47228962774505], [126.95310913527099, 37.47281375860658], [126.95310518836067, 37.47325766014975], [126.95309659330573, 37.47346718656106], [126.95309403521026, 37.4735280165175], [126.95255433789931, 37.48046035114062], [126.95226003989552, 37.48135268891029], [126.95276527007492, 37.481293957607505]]]]}}, {"type": "Feature", "properties": {"dong_cd": "1162061500", "dong_nm": "중앙동", "sigungu_cd": "11620", "source": "admdongkor-ver20250701"}, "geometry": {"type": "MultiPolygon", "coordinates": [[[[126.95630419564438, 37.48566498354211], [126.95279011824616, 37.48137630275204], [126.95276527007492, 37.481293957607505], [126.95226003989552, 37.48135268891029], [126.94633729464405, 37.481972702412655], [126.94695263350413, 37.48693081467594], [126.95630419564438, 37.48566498354211]]]]}}, {"type": "Feature", "properties": {"dong_cd": "1162062500", "dong_nm": "인헌동", "sigungu_cd": "11620", "source": "admdongkor-ver20250701"}, "geometry": {"type": "MultiPolygon", "coordinates": [[[[126.97049059255507, 37.4753683309936], [126.9707898035469, 37.47500125667604], [126.9715671461702, 37.47312984714704], [126.97132055431996, 37.46980506114102], [126.97125638046258, 37.469684131305364], [126.97118063583936, 37.469542630161534], [126.97113848861873, 37.46946389691061], [126.97081037200473, 37.468917482893076], [126.97059497418702, 37.46856010174122], [126.97038367552238, 37.468455498319955], [126.96953423028941, 37.46803931517836], [126.96570608651038, 37.46678949217462], [126.96453285107381, 37.46755600369926], [126.96446619004787, 37.467604019076326], [126.96413509404407, 37.467842568584835], [126.96406242622766, 37.467934349124974], [126.96372713371153, 37.46835787379928], [126.96365620880532, 37.46842557761896], [126.9635717022985, 37.46849800596681], [126.96351747656284, 37.46852029381362], [126.9634275493794, 37.46856712132428], [126.96338976754157, 37.46858844270923], [126.96334709579571, 37.4686254300638], [126.96332779697231, 37.46864687593097], [126.96330510006568, 37.46867304301342], [126.9632843687202, 37.46869950745475], [126.96326665246036, 37.46873052844754], [126.96322775509165, 37.46880741362213], [126.96321265275907, 37.46884452616048], [126.96319303098954, 37.46888977097591], [126.96318174848754, 37.468915367948306], [126.96314235343708, 37.46899065992861], [126.96311842639942, 37.469035584115254], [126.96309787762956, 37.46908061197999], [126.96308273163446, 37.469122231106276], [126.96306762110653, 37.469160470287676], [126.96305664183379, 37.469185559355594], [126.96304627982563, 37.46921051602319], [126.96303667626934, 37.469236945354766], [126.96302438435931, 37.469267679987695], [126.96300792181704, 37.46930441675706], [126.96297584866193, 37.46934257883733], [126.96288975479351, 37.469448539107574], [126.96283447254476, 37.46954248904024], [126.96277579939026, 37.46964249870105], [126.9627536700049, 37.469672255668236], [126.9627031837954, 37.469690007361834], [126.96267843319173, 37.46971641826163], [126.96268037368948, 37.469742341211486], [126.96269072775215, 37.46977618932754], [126.96279880834302, 37.469982867044614], [126.96288413247684, 37.470109445443455], [126.96327572828872, 37.47099455840813], [126.96334462698502, 37.47124387224433], [126.96338469584123, 37.47147390119275], [126.96337965240514, 37.471683444638245], [126.9633177829135, 37.4718452147622], [126.962438328816, 37.473733131987494], [126.9618776045471, 37.47455082642788], [126.96164394570671, 37.47483394736654], [126.96138770462787, 37.47534742461406], [126.96152275953831, 37.476237114579384], [126.96201209838382, 37.47708764133351], [126.96230965099744, 37.477589241430856], [126.9634783746487, 37.47695577858588], [126.96364799111716, 37.47704726061884], [126.96416768977726, 37.47684167488392], [126.96570805140425, 37.47623121880733], [126.96608163484893, 37.4760819297313], [126.96673450723591, 37.47582010357944], [126.96697836243919, 37.475722054288546], [126.96723072299523, 37.47562066274123], [126.96728313257036, 37.47560625194308], [126.96790133728226, 37.4754490461167], [126.96803652003337, 37.47542374070752], [126.96807898577921, 37.47541604498719], [126.96823892910207, 37.47538859741085], [126.96834083241593, 37.47537215547675], [126.96856018917458, 37.475339341286194], [126.9686861086203, 37.47532526047094], [126.96887966165042, 37.47530961864337], [126.96891667072944, 37.47530714310868], [126.96918326279516, 37.47529256726699], [126.96939037418268, 37.47529124413091], [126.96965341222705, 37.47529544913718], [126.96991190314336, 37.475309358836064], [126.97007731720473, 37.4753238736075], [126.9702615828769, 37.475340221306794], [126.9704319103586, 37.475359651997366], [126.97049059255507, 37.4753683309936]]]]}}, {"type": "Feature", "properties": {"dong_cd": "1162063000", "dong_nm": "남현동", "sigungu_cd": "11620", "source": "admdongkor-ver20250701"}, "geometry": {"type": "MultiPolygon", "coordinates": [[[[126.98172282236325, 37.476364805634546], [126.98176643935402, 37.47583403693235], [126.98186032474096, 37.474698129272], [126.98194924962327, 37.47442317146227], [126.9825375417371, 37.47277053491663], [126.98255331401572, 37.47274324767584], [126.98265127747082, 37.47257386018692], [126.98323495774352, 37.47157026974844], [126.9837809856857, 37.470798612321374], [126.98452762396826, 37.46974495320689], [126.98542903849601, 37.46897603644689], [126.98666549400814, 37.46800569005608], [126.98671097335556, 37.46796983313727], [126.9868629934932, 37.467849969562394], [126.98713108841498, 37.46751421602703], [126.98738908221301, 37.46719092624151], [126.98759157750507, 37.46693711919738], [126.9878072688463, 37.46640509320055], [126.98816383026077, 37.4655244296988], [126.98823445494428, 37.463872988570785], [126.98802152426418, 37.46276226323842], [126.98792118158778, 37.46224129135372], [126.98763923294537, 37.46130377836149], [126.9874672782277, 37.46040934010766], [126.98763948884084, 37.45940190298299], [126.98862046387836, 37.458135323217356], [126.9868361684551, 37.45740752974346], [126.98235574666255, 37.455158240783824], [126.97866060767302, 37.451899331747185], [126.97405695132845, 37.44765379745638], [126.97398314583471, 37.447599378096996], [126.97081222311287, 37.44746129495067], [126.96869719680184, 37.44679042965236], [126.96881412759565, 37.44684164799252], [126.96949344047835, 37.44740242751499], [126.96974316296227, 37.44786099067504], [126.9698323665023, 37.448736841057645], [126.96984753207394, 37.44909182129242], [126.96980858258985, 37.44930346717424], [126.96972660033896, 37.44950590632023], [126.9677112879664, 37.45230684889822], [126.96572325097607, 37.4550335089413], [126.96634242294816, 37.4563016014106], [126.96639056688385, 37.45638359947765], [126.96870375243756, 37.45894985434224], [126.96881536054393, 37.45898892537761], [126.96896459642656, 37.459041163051275], [126.96929762268107, 37.459216171421566], [126.96933749831787, 37.459247267232655], [126.96942694303603, 37.45931702871485], [126.96958720258512, 37.45954083540818], [126.9698333942098, 37.46000388853717], [126.9703002534636, 37.46094452591115], [126.97013332546759, 37.46126601463932], [126.9677963600175, 37.46293880689453], [126.96728558407565, 37.463210294135024], [126.96677409208287, 37.46348177591224], [126.9657228807452, 37.46431754773417], [126.96529667986444, 37.46531274689784], [126.96453285107381, 37.46755600369926], [126.96570608651038, 37.46678949217462], [126.96953423028941, 37.46803931517836], [126.97038367552238, 37.468455498319955], [126.97059497418702, 37.46856010174122], [126.97081037200473, 37.468917482893076], [126.97113848861873, 37.46946389691061], [126.97118063583936, 37.469542630161534], [126.97125638046258, 37.469684131305364], [126.97132055431996, 37.46980506114102], [126.9715671461702, 37.47312984714704], [126.9707898035469, 37.47500125667604], [126.97049059255507, 37.4753683309936], [126.97094590580303, 37.47547672478279], [126.97151786069404, 37.47561287589228], [126.97196384989026, 37.47571852628742], [126.97236750154401, 37.47581384564385], [126.97270006684506, 37.4758739240982], [126.97344833239396, 37.476007951995015], [126.97483063213708, 37.47625521882692], [126.9749414854638, 37.476273738695895], [126.97515186913193, 37.47630589653419], [126.97691861863886, 37.47657207016604], [126.97727411561718, 37.47657927604377], [126.9793880695864, 37.47662015792076], [126.98172282236325, 37.476364805634546]]]]}}, {"type": "Feature", "properties": {"dong_cd": "1162064500", "dong_nm": "서원동", "sigungu_cd": "11620", "source": "admdongkor-ver20250701"}, "geometry": {"type": "MultiPolygon", "coordinates": [[[[126.93785454031831, 37.48410723277187], [126.93785809055407, 37.483640791608764], [126.93784918065353, 37.48331958640626], [126.93706529487112, 37.4822680840597], [126.93674584175376, 37.48197806840194], [126.93618848326153, 37.48164303420425], [126.93573561925466, 37.481427939935784], [126.9356487481597, 37.48131596843911], [126.93564257684235, 37.48110186641565], [126.93573298589655, 37.48082304847067], [126.93695190712366, 37.47957580339058], [126.9371479233504, 37.47945392725762], [126.93819111527505, 37.479195244876166], [126.93947864980258, 37.4781152229126], [126.9382534774264, 37.47728578776885], [126.93822816320913, 37.47726876242902], [126.93521655366374, 37.47627981547672], [126.93021062855155, 37.47534313998459], [126.9318111585836, 37.478754528815465], [126.92666100628938, 37.483833684152714], [126.9342013138742, 37.48483673464584], [126.93785454031831, 37.48410723277187]]]]}}, {"type": "Feature", "properties": {"dong_cd": "1162065500", "dong_nm": "신원동", "sigungu_cd": "11620", "source": "admdongkor-ver20250701"}, "geometry": {"type": "MultiPolygon", "coordinates": [[[[126.93021062855155, 37.47534313998459], [126.92941200401741, 37.47504845542566], [126.92659198937484, 37.47446031005381], [126.92417632275507, 37.47716512228291], [126.92300899468609, 37.478872187196274], [126.9215737114856, 37.48312159504654], [126.9261806579414, 37.48378064359189], [126.92666100628938, 37.483833684152714], [126.9318111585836, 37.478754528815465], [126.93021062855155, 37.47534313998459]]]]}}, {"type": "Feature", "properties": {"dong_cd": "1162066500", "dong_nm": "서림동", "sigungu_cd": "11620", "source": "admdongkor-ver20250701"}, "geometry": {"type": "MultiPolygon", "coordinates": [[[[126.94654546153397, 37.47274596969802], [126.94674914213932, 37.47242360578501], [126.94679066788106, 37.47004771598235], [126.9458427066667, 37.469590214319936], [126.94544645726674, 37.46945878479078], [126.94522180439643, 37.46962161556786], [126.94494764666052, 37.46982033989371], [126.94474168820143, 37.46997052133526], [126.93680802584777, 37.47105502234715], [126.93636428451228, 37.47113177546762], [126.9362804448667, 37.47114764505716], [126.93624820227416, 37.47115375477808], [126.93501586611755, 37.47138898247648], [126.93413918347233, 37.47179490592322], [126.9335330083407, 37.47306967827799], [126.92944382973153, 37.474580060272125], [126.92941200401741, 37.47504845542566], [126.93021062855155, 37.47534313998459], [126.93521655366374, 37.47627981547672], [126.93822816320913, 37.47726876242902], [126.9382534774264, 37.47728578776885], [126.93947864980258, 37.4781152229126], [126.9401074426264, 37.4772921449695], [126.94116460097818, 37.47649512957768], [126.94290403944468, 37.47527749528923], [126.94309089059152, 37.47514880573023], [126.94313849596764, 37.475116355825435], [126.94325057857247, 37.47506055806516], [126.94329705876986, 37.475085555437275], [126.94333778719538, 37.47512180169838], [126.94360531446597, 37.47540724234249], [126.94449426123774, 37.47473064723037], [126.94604367178975, 37.473245342134106], [126.94654546153397, 37.47274596969802]]]]}}, {"type": "Feature", "properties": {"dong_cd": "1162068500", "dong_nm": "신사동", "sigungu_cd": "11620", "source": "admdongkor-ver20250701"}, "geometry": {"type": "MultiPolygon", "coordinates": [[[[126.9261806579414, 37.48378064359189], [126.9215737114856, 37.48312159504654], [126.91453871985395, 37.481813777710485], [126.91332350057007, 37.48724737673505], [126.91381518147091, 37.48752633178206], [126.91596844328257, 37.48876242670654], [126.91889070145248, 37.48956214246952], [126.91978720900843, 37.489443739042635], [126.92002468991507, 37.489361529676096], [126.92095411324858, 37.48902808014812], [126.92165359475779, 37.48853350707074], [126.92215329222589, 37.48809203416798], [126.92233984925006, 37.487828173018265], [126.92292381156096, 37.48699952539534], [126.92323515047389, 37.48655755118444], [126.92325925344973, 37.4865231604064], [126.92329048471692, 37.48647965564832], [126.9251555055589, 37.48462518930303], [126.9261806579414, 37.48378064359189]]]]}}, {"type": "Feature", "properties": {"dong_cd": "1162069500", "dong_nm": "신림동", "sigungu_cd": "11620", "source": "admdongkor-ver20250701"}, "geometry": {"type": "MultiPolygon", "coordinates": [[[[126.93490992727014, 37.486397220056524], [126.9342013138742, 37.48483673464584], [126.92666100628938, 37.483833684152714], [126.9261806579414, 37.48378064359189], [126.9251555055589, 37.48462518930303], [126.92329048471692, 37.48647965564832], [126.92325925344973, 37.4865231604064], [126.92323515047389, 37.48655755118444], [126.92292381156096, 37.48699952539534], [126.92233984925006, 37.487828173018265], [126.92215329222589, 37.48809203416798], [126.92165359475779, 37.48853350707074], [126.92095411324858, 37.48902808014812], [126.92002468991507, 37.489361529676096], [126.91978720900843, 37.489443739042635], [126.91889070145248, 37.48956214246952], [126.92430092875286, 37.48996491069668], [126.92733497252132, 37.489536902332766], [126.93490992727014, 37.486397220056524]]]]}}, {"type": "Feature", "properties": {"dong_cd": "1162071500", "dong_nm": "난향동", "sigungu_cd": "11620", "source": "admdongkor-ver20250701"}, "geometry": {"type": "MultiPolygon", "coordinates": [[[[126.92297961100851, 37.4634608647314], [126.92284338784502, 37.46298806875911], [126.92324141821231, 37.46195795445619], [126.92362985572159, 37.46097849334567], [126.92406355259945, 37.459902355061644], [126.9240862478337, 37.4597075463846], [126.92295931467763, 37.4578351050277], [126.92246843728651, 37.4572479499552], [126.91841072505204, 37.45716267788381], [126.91483386414042, 37.45766757101351], [126.91415128332258, 37.458092596853064], [126.91396257824215, 37.458644929883825], [126.91285940850214, 37.46397432171826], [126.91303063237504, 37.46440106482278], [126.91348072899058, 37.46495763590994], [126.91374882464723, 37.465282329054304], [126.9150827947675, 37.46615537064353], [126.91899719976843, 37.46657421868668], [126.92297961100851, 37.4634608647314]]]]}}, {"type": "Feature", "properties": {"dong_cd": "1162072500", "dong_nm": "조원동", "sigungu_cd": "11620", "source": "admdongkor-ver20250701"}, "geometry": {"type": "MultiPolygon", "coordinates": [[[[126.91453871985395, 37.481813777710485], [126.90972372138964, 37.48094931346144], [126.9085463260537, 37.48072596301455], [126.90749740329099, 37.48053142251079], [126.90655159279277, 37.48035656974229], [126.90530944155722, 37.480128005293174], [126.90386077952509, 37.47986189908314], [126.90247234476591, 37.47960701229683], [126.90211871515854, 37.47954212836024], [126.90067414134445, 37.47932637164095], [126.89946852575197, 37.48034441659667], [126.90322697949205, 37.48498628253718], [126.9051330132761, 37.48496548315135], [126.90561151876008, 37.48497803174432], [126.90596349019758, 37.48498881555482], [126.90670367356533, 37.48516491929299], [126.90746290838459, 37.48534674742868], [126.90776677891631, 37.485424462704344], [126.9087178142574, 37.48571135975197], [126.908992746886, 37.48579494810849], [126.90908176413528, 37.48582246110652], [126.90922617327011, 37.48586709738409], [126.91037921627954, 37.48622663984582], [126.91041588786825, 37.4862380898109], [126.91115495975767, 37.4864693682276], [126.91323888551207, 37.487205301242724], [126.91332350057007, 37.48724737673505], [126.91453871985395, 37.481813777710485]]]]}}, {"type": "Feature", "properties": {"dong_cd": "1162073500", "dong_nm": "대학동", "sigungu_cd": "11620", "source": "admdongkor-ver20250701"}, "geometry": {"type": "MultiPolygon", "coordinates": [[[[126.95253497836242, 37.47109851545183], [126.95314049808167, 37.47103146398165], [126.95332764800847, 37.470955714351675], [126.95346136892087, 37.47084028188875], [126.953496217247, 37.47081002305874], [126.95563516070662, 37.46611253961214], [126.95596283193262, 37.46527014919489], [126.95569820988612, 37.4643382740711], [126.9555039485661, 37.46257415003345], [126.95565207694001, 37.4621229663139], [126.95746566958064, 37.458876261868944], [126.95766884661172, 37.4585335500686], [126.95823148730302, 37.4578330680889], [126.9596018604345, 37.456835449881964], [126.96155446715629, 37.4555464000535], [126.96329127455225, 37.45517572807505], [126.96572325097607, 37.4550335089413], [126.9677112879664, 37.45230684889822], [126.96972660033896, 37.44950590632023], [126.96980858258985, 37.44930346717424], [126.96984753207394, 37.44909182129242], [126.9698323665023, 37.448736841057645], [126.96974316296227, 37.44786099067504], [126.96949344047835, 37.44740242751499], [126.96881412759565, 37.44684164799252], [126.96869719680184, 37.44679042965236], [126.9686080242227, 37.446790029652306], [126.96847816388997, 37.44678944570685], [126.96827216132486, 37.446766606003834], [126.9681075040072, 37.44674834346784], [126.96556631221624, 37.446096910933946], [126.96540914101514, 37.44604211824499], [126.96456163207691, 37.44569012967655], [126.96450282232263, 37.44564733684986], [126.96441050842971, 37.44558015357387], [126.964355381761, 37.44548523341985], [126.96432325245743, 37.44542990716038], [126.9639925224085, 37.44485047971796], [126.96382737577285, 37.44422095570769], [126.96383280786833, 37.443957332039275], [126.96385196563818, 37.44384700084966], [126.96386629818477, 37.443766330613684], [126.96387257659707, 37.44373104451872], [126.96391280907903, 37.44359341733181], [126.96396238090054, 37.44342386016944], [126.96404985658874, 37.44304681119041], [126.96408343657116, 37.4427957079587], [126.96411188970986, 37.44247247225463], [126.96409813241986, 37.442299627202345], [126.9640891888348, 37.44218731261137], [126.96398284298219, 37.442040357633225], [126.96380325483926, 37.44076820569039], [126.96302053572039, 37.440314217212006], [126.95997532791841, 37.44026117481033], [126.95924612643675, 37.439200297809606], [126.95524710269909, 37.438594410458755], [126.9525900789986, 37.43920882680613], [126.95102396150014, 37.4384181980641], [126.94822328964148, 37.43852266164281], [126.94690052193965, 37.43804646016259], [126.94491857170948, 37.43703837864929], [126.9414036876912, 37.43741350228305], [126.94021282317256, 37.435723633571115], [126.93863857292533, 37.436049097653104], [126.93726979733725, 37.43845143579548], [126.93784633858509, 37.44017758130266], [126.93537015417954, 37.44284880051098], [126.93389117561675, 37.44354675333082], [126.9305129143402, 37.44529309204397], [126.93025942458048, 37.44632982688672], [126.93032509262132, 37.44738768387578], [126.93102571728235, 37.44782068134244], [126.93383026560537, 37.44986781831386], [126.93551134883897, 37.451761591583754], [126.9360057534419, 37.45252484621511], [126.93835977255324, 37.45665528221646], [126.93852702165866, 37.45753715817199], [126.9385384883308, 37.45779860756462], [126.93859599813081, 37.459275987171765], [126.93827149588539, 37.46005174769413], [126.93759875044142, 37.461270014130214], [126.93428938421182, 37.46499486414555], [126.93226851130862, 37.465962021452306], [126.9316915968573, 37.465802636904954], [126.9314375405371, 37.4657743919946], [126.93140318707938, 37.466276716987664], [126.9314000017314, 37.46632402306914], [126.93140281709029, 37.466423366505886], [126.93146500753387, 37.46678839210338], [126.93157443566643, 37.467182282001666], [126.93244574258895, 37.46879089089006], [126.93413918347233, 37.47179490592322], [126.93501586611755, 37.47138898247648], [126.93624820227416, 37.47115375477808], [126.9362804448667, 37.47114764505716], [126.93636428451228, 37.47113177546762], [126.93680802584777, 37.47105502234715], [126.94474168820143, 37.46997052133526], [126.94494764666052, 37.46982033989371], [126.94522180439643, 37.46962161556786], [126.94544645726674, 37.46945878479078], [126.9458427066667, 37.469590214319936], [126.94679066788106, 37.47004771598235], [126.94674914213932, 37.47242360578501], [126.94654546153397, 37.47274596969802], [126.94754565966318, 37.472486777276735], [126.94837565912916, 37.472504446738895], [126.94847867032722, 37.472500420800536], [126.94914773398266, 37.47247424673611], [126.94968721900172, 37.47224411052867], [126.94986882395537, 37.47216663701879], [126.94992782673144, 37.47209679581534], [126.95028878896828, 37.47166946431552], [126.95046397206151, 37.471569704517215], [126.95061457037126, 37.471483947254676], [126.95099295120731, 37.47126944618186], [126.95253497836242, 37.47109851545183]]]]}}, {"type": "Feature", "properties": {"dong_cd": "1162060500", "dong_nm": "은천동", "sigungu_cd": "11620", "source": "admdongkor-ver20250701"}, "geometry": {"type": "MultiPolygon", "coordinates": [[[[126.94338797715929, 37.492082217187736], [126.94497494889924, 37.49153419182096], [126.94521795435999, 37.49123969176632], [126.94526823798303, 37.491178438218405], [126.94560789822353, 37.490755267245945], [126.94610236302002, 37.4901368444818], [126.94613580095275, 37.48928274805731], [126.94649701609954, 37.487824392466315], [126.94654089722529, 37.487671943230175], [126.94656957245591, 37.487572352262355], [126.94669416768632, 37.48735773582939], [126.94695263350413, 37.48693081467594], [126.94633729464405, 37.481972702412655], [126.94300501136063, 37.48231428597648], [126.93785454031831, 37.48410723277187], [126.9342013138742, 37.48483673464584], [126.93490992727014, 37.486397220056524], [126.93932913476131, 37.486208692044656], [126.94014219753318, 37.487707564377644], [126.93963783773188, 37.48803429570553], [126.93937655357009, 37.48808939093918], [126.93924068265736, 37.4879845221753], [126.93919590989691, 37.4879499499171], [126.93910181101228, 37.487865000967], [126.93891614015855, 37.48782919172869], [126.93867922193691, 37.48821902998955], [126.93868356622443, 37.488246154439594], [126.93868934840287, 37.48828217310242], [126.93872916574972, 37.488516728646346], [126.93898950300657, 37.4894541146039], [126.93950920870056, 37.49087629868787], [126.94164620199805, 37.492251951827555], [126.94282900008469, 37.49223731964081], [126.94338797715929, 37.492082217187736]]]]}}, {"type": "Feature", "properties": {"dong_cd": "1162056500", "dong_nm": "성현동", "sigungu_cd": "11620", "source": "admdongkor-ver20250701"}, "geometry": {"type": "MultiPolygon", "coordinates": [[[[126.95610647685994, 37.491582558113706], [126.9571425023241, 37.489786918461306], [126.95796623677305, 37.48869780438578], [126.9580054861835, 37.488596320303856], [126.95803539866462, 37.48851897680653], [126.95804797284555, 37.48844129237197], [126.95805390520798, 37.488403011875235], [126.95805914676252, 37.488167556166566], [126.95800308654432, 37.48780450332121], [126.95796789025266, 37.48768716080296], [126.95770729545099, 37.48735471945871], [126.95767226599651, 37.4873106183607], [126.95689428074944, 37.486378644789255], [126.95630419564438, 37.48566498354211], [126.94695263350413, 37.48693081467594], [126.94669416768632, 37.48735773582939], [126.94656957245591, 37.487572352262355], [126.94654089722529, 37.487671943230175], [126.94649701609954, 37.487824392466315], [126.94613580095275, 37.48928274805731], [126.94610236302002, 37.4901368444818], [126.94560789822353, 37.490755267245945], [126.94526823798303, 37.491178438218405], [126.94521795435999, 37.49123969176632], [126.94497494889924, 37.49153419182096], [126.94338797715929, 37.492082217187736], [126.94739248742782, 37.493909343967395], [126.94767977459381, 37.49373974698315], [126.94851762744597, 37.493676889616154], [126.95124681985948, 37.492410797473575], [126.95339606596563, 37.49115886118763], [126.95345635281538, 37.49113378763044], [126.95404102303448, 37.49103903447582], [126.95480427613981, 37.491177762855465], [126.95610647685994, 37.491582558113706]]]]}}, {"type": "Feature", "properties": {"dong_cd": "1162059500", "dong_nm": "청룡동", "sigungu_cd": "11620", "source": "admdongkor-ver20250701"}, "geometry": {"type": "MultiPolygon", "coordinates": [[[[126.94633729464405, 37.481972702412655], [126.95226003989552, 37.48135268891029], [126.95255433789931, 37.48046035114062], [126.95309403521026, 37.4735280165175], [126.95309659330573, 37.47346718656106], [126.95310518836067, 37.47325766014975], [126.95310913527099, 37.47281375860658], [126.95296740510715, 37.47228962774505], [126.95291847725711, 37.47210868752303], [126.95253497836242, 37.47109851545183], [126.95099295120731, 37.47126944618186], [126.95061457037126, 37.471483947254676], [126.95046397206151, 37.471569704517215], [126.95028878896828, 37.47166946431552], [126.94992782673144, 37.47209679581534], [126.94986882395537, 37.47216663701879], [126.94968721900172, 37.47224411052867], [126.94914773398266, 37.47247424673611], [126.94847867032722, 37.472500420800536], [126.94837565912916, 37.472504446738895], [126.94754565966318, 37.472486777276735], [126.94654546153397, 37.47274596969802], [126.94604367178975, 37.473245342134106], [126.94449426123774, 37.47473064723037], [126.94360531446597, 37.47540724234249], [126.94333778719538, 37.47512180169838], [126.94329705876986, 37.475085555437275], [126.94325057857247, 37.47506055806516], [126.94313849596764, 37.475116355825435], [126.94309089059152, 37.47514880573023], [126.94290403944468, 37.47527749528923], [126.94116460097818, 37.47649512957768], [126.9401074426264, 37.4772921449695], [126.93947864980258, 37.4781152229126], [126.93819111527505, 37.479195244876166], [126.9371479233504, 37.47945392725762], [126.93695190712366, 37.47957580339058], [126.93573298589655, 37.48082304847067], [126.93564257684235, 37.48110186641565], [126.9356487481597, 37.48131596843911], [126.93573561925466, 37.481427939935784], [126.93618848326153, 37.48164303420425], [126.93674584175376, 37.48197806840194], [126.93706529487112, 37.4822680840597], [126.93784918065353, 37.48331958640626], [126.93785809055407, 37.483640791608764], [126.93785454031831, 37.48410723277187], [126.94300501136063, 37.48231428597648], [126.94633729464405, 37.481972702412655]]]]}}, {"type": "Feature", "properties": {"dong_cd": "1162077500", "dong_nm": "난곡동", "sigungu_cd": "11620", "source": "admdongkor-ver20250701"}, "geometry": {"type": "MultiPolygon", "coordinates": [[[[126.92659198937484, 37.47446031005381], [126.9267010122394, 37.472948845658344], [126.92649574461235, 37.47187635986979], [126.92601370832938, 37.467995820392204], [126.92469084970067, 37.46656371454196], [126.92410395221745, 37.46615348608077], [126.92390724127769, 37.46599929603929], [126.92343504653957, 37.46562720109348], [126.92336049014322, 37.46545590338809], [126.92324693671313, 37.46519499137499], [126.92294692065836, 37.46450511293366], [126.92294319511927, 37.46440721604722], [126.922934579062, 37.46418056302253], [126.92297961100851, 37.4634608647314], [126.91899719976843, 37.46657421868668], [126.9150827947675, 37.46615537064353], [126.91428206852997, 37.469410944686835], [126.91443663910951, 37.47007308290193], [126.91500126856629, 37.471538334307496], [126.9177279563743, 37.473941583579254], [126.91779668062985, 37.474000433912025], [126.91951616450352, 37.47457562306143], [126.92074877147013, 37.47525552057744], [126.92268289046721, 37.47632289654175], [126.92359681970946, 37.476837032516684], [126.92417632275507, 37.47716512228291], [126.92659198937484, 37.47446031005381]]]]}}, {"type": "Feature", "properties": {"dong_cd": "1162074500", "dong_nm": "삼성동", "sigungu_cd": "11620", "source": "admdongkor-ver20250701"}, "geometry": {"type": "MultiPolygon", "coordinates": [[[[126.93413918347233, 37.47179490592322], [126.93244574258895, 37.46879089089006], [126.93157443566643, 37.467182282001666], [126.93146500753387, 37.46678839210338], [126.93140281709029, 37.466423366505886], [126.9314000017314, 37.46632402306914], [126.93140318707938, 37.466276716987664], [126.9314375405371, 37.4657743919946], [126.9316915968573, 37.465802636904954], [126.93226851130862, 37.465962021452306], [126.93428938421182, 37.46499486414555], [126.93759875044142, 37.461270014130214], [126.93827149588539, 37.46005174769413], [126.93859599813081, 37.459275987171765], [126.9385384883308, 37.45779860756462], [126.93852702165866, 37.45753715817199], [126.93835977255324, 37.45665528221646], [126.9360057534419, 37.45252484621511], [126.93551134883897, 37.451761591583754], [126.93383026560537, 37.44986781831386], [126.93102571728235, 37.44782068134244], [126.92874943387082, 37.450192651427095], [126.92707175557058, 37.4516898008697], [126.92530173061462, 37.45288001830184], [126.92318405676487, 37.454427930434264], [126.92305598360394, 37.45463461842495], [126.92263842804715, 37.45554295431342], [126.92243000648354, 37.456731732842876], [126.92250890979318, 37.45694731844073], [126.92246843728651, 37.4572479499552], [126.92295931467763, 37.4578351050277], [126.9240862478337, 37.4597075463846], [126.92406355259945, 37.459902355061644], [126.92362985572159, 37.46097849334567], [126.92324141821231, 37.46195795445619], [126.92284338784502, 37.46298806875911], [126.92297961100851, 37.4634608647314], [126.922934579062, 37.46418056302253], [126.92294319511927, 37.46440721604722], [126.92294692065836, 37.46450511293366], [126.92324693671313, 37.46519499137499], [126.92336049014322, 37.46545590338809], [126.92343504653957, 37.46562720109348], [126.92390724127769, 37.46599929603929], [126.92410395221745, 37.46615348608077], [126.92469084970067, 37.46656371454196], [126.92601370832938, 37.467995820392204], [126.92649574461235, 37.47187635986979], [126.9267010122394, 37.472948845658344], [126.92659198937484, 37.47446031005381], [126.92941200401741, 37.47504845542566], [126.92944382973153, 37.474580060272125], [126.9335330083407, 37.47306967827799], [126.93413918347233, 37.47179490592322]]]]}}, {"type": "Feature", "properties": {"dong_cd": "1162076500", "dong_nm": "미성동", "sigungu_cd": "11620", "source": "admdongkor-ver20250701"}, "geometry": {"type": "MultiPolygon", "coordinates": [[[[126.92417632275507, 37.47716512228291], [126.92359681970946, 37.476837032516684], [126.92268289046721, 37.47632289654175], [126.92074877147013, 37.47525552057744], [126.91951616450352, 37.47457562306143], [126.91779668062985, 37.474000433912025], [126.9177279563743, 37.473941583579254], [126.91500126856629, 37.471538334307496], [126.91443663910951, 37.47007308290193], [126.91428206852997, 37.469410944686835], [126.9150827947675, 37.46615537064353], [126.91374882464723, 37.465282329054304], [126.91243617287039, 37.465676914383444], [126.91239960338284, 37.46601023914258], [126.91186394902033, 37.466415624186], [126.91161735411097, 37.466627153421534], [126.91012524491768, 37.46907253761359], [126.90900720910128, 37.47121331130845], [126.90863563831508, 37.4720835165265], [126.90822847082887, 37.472625673092324], [126.9098443469567, 37.47324555173434], [126.90988169802792, 37.47326038535458], [126.91072125653288, 37.47363976575862], [126.91080985112983, 37.473699922547866], [126.91084848995828, 37.47372940935477], [126.91087232687266, 37.473754315557215], [126.91090745692702, 37.47379137879276], [126.91093401312638, 37.47381997157465], [126.9109577528336, 37.47385727094998], [126.9113468021257, 37.47473606001092], [126.91163955105581, 37.47551916677371], [126.91193757808695, 37.47690536144891], [126.91186338528948, 37.47726328185676], [126.91162163635339, 37.478165690161546], [126.9112916399684, 37.47814939841609], [126.91125916908099, 37.47814360313711], [126.91064848451936, 37.478100876320845], [126.90948515762085, 37.47820235192579], [126.90924004527746, 37.47839615513239], [126.90882432420331, 37.47886491694283], [126.90882284237492, 37.47944264349188], [126.90972372138964, 37.48094931346144], [126.91453871985395, 37.481813777710485], [126.9215737114856, 37.48312159504654], [126.92300899468609, 37.478872187196274], [126.92417632275507, 37.47716512228291]]]]}}, {"type": "Feature", "properties": {"dong_cd": "2623052000", "dong_nm": "부전2동", "sigungu_cd": "26230", "source": "admdongkor-ver20250701"}, "geometry": {"type": "MultiPolygon", "coordinates": [[[[129.062296290871, 35.157826179074895], [129.06238441539764, 35.15060948487617], [129.05700864775724, 35.15054706480639], [129.0563518590983, 35.150887138096564], [129.0549126554299, 35.15173310395606], [129.0526245277886, 35.153850769132184], [129.0498524981035, 35.15526250717726], [129.05059000704333, 35.15700899673491], [129.05265293405955, 35.157782491731844], [129.05295438403638, 35.157782969428766], [129.0547082775695, 35.15778580562936], [129.05669395979095, 35.15782367117933], [129.05837756734118, 35.158019150988025], [129.05989614511245, 35.15843697633378], [129.062296290871, 35.157826179074895]]]]}}, {"type": "Feature", "properties": {"dong_cd": "2623054000", "dong_nm": "연지동", "sigungu_cd": "26230", "source": "admdongkor-ver20250701"}, "geometry": {"type": "MultiPolygon", "coordinates": [[[[129.05750356924722, 35.17607940170225], [129.0574694883256, 35.176030387890435], [129.05744966498298, 35.17564037950635], [129.05759592231817, 35.17523018315855], [129.06095978864397, 35.172711418434154], [129.06202897449344, 35.17193885107671], [129.06264388925382, 35.17152128682669], [129.06234713506825, 35.171522267313755], [129.06227506217644, 35.17152671783958], [129.0616477106441, 35.171565442855254], [129.06164760083774, 35.17151824975842], [129.0616370859346, 35.169812127438476], [129.0600292933809, 35.16886871914978], [129.05619222556024, 35.16681853464443], [129.05471351462853, 35.1666127252188], [129.05435106007965, 35.16658560027147], [129.05348632787044, 35.16652088239395], [129.05314945518037, 35.166591772988276], [129.05220818144505, 35.16937461849829], [129.05215027056863, 35.16946981391089], [129.05210730076192, 35.169540434767576], [129.05207665301452, 35.16956254633681], [129.05200089267746, 35.1695879525553], [129.05193442153566, 35.16960446796217], [129.05185949750452, 35.169622116771954], [129.05178445622144, 35.16963371274927], [129.05169323418173, 35.16964389400271], [129.05164977180436, 35.169646376677235], [129.0510709130101, 35.16906210217307], [129.05085258651732, 35.16884172963958], [129.0505126513413, 35.16849860545993], [129.04797239079883, 35.16833184567598], [129.047631937924, 35.16833881489427], [129.04750325027646, 35.16837988925845], [129.04666057610189, 35.168694653065664], [129.04654438622208, 35.168769895525635], [129.0464902894693, 35.16887068097296], [129.04644897696883, 35.16894765759792], [129.04530994480783, 35.17002317031408], [129.04478914623417, 35.171770721086126], [129.04492585934895, 35.17197796343279], [129.04523386978173, 35.172272243154616], [129.04660040881038, 35.173413486958104], [129.04663900359324, 35.173441326162106], [129.04794757570087, 35.174180932565434], [129.04837942709906, 35.174337979635794], [129.0484084492245, 35.17430874904392], [129.05153665918863, 35.17609369029206], [129.05289166186282, 35.176906351362845], [129.05343868823797, 35.17605312459886], [129.05495235665379, 35.17613905628046], [129.05659293627113, 35.17612176113432], [129.05750356924722, 35.17607940170225]]]]}}, {"type": "Feature", "properties": {"dong_cd": "2623055000", "dong_nm": "초읍동", "sigungu_cd": "26230", "source": "admdongkor-ver20250701"}, "geometry": {"type": "MultiPolygon", "coordinates": [[[[129.0438683820718, 35.19838776771251], [129.0440961784267, 35.19793901500537], [129.04606287107518, 35.19599060317589], [129.04768709934498, 35.194205354841635], [129.04741979776094, 35.193839811697444], [129.0470640051009, 35.19292097885929], [129.04693255684788, 35.19218417061399], [129.04697401242035, 35.19185820508527], [129.04823068461795, 35.189585587352575], [129.05096544903554, 35.185797890528434], [129.05203714806433, 35.18477676258272], [129.05396744224095, 35.18432487696533], [129.05664071246315, 35.184464863740914], [129.06033332007573, 35.18407003779444], [129.0612026480533, 35.183892703158996], [129.061656377898, 35.180253310785865], [129.06123517701005, 35.18022229011641], [129.06093714844536, 35.18019831407166], [129.06041920778546, 35.180061866948975], [129.06028236057267, 35.180001610746295], [129.0585078830837, 35.17846653974059], [129.05820964873328, 35.17813697508914], [129.05753978942008, 35.177325077303756], [129.05749574751223, 35.17722457655975], [129.05749458075442, 35.17695114834837], [129.05750356924722, 35.17607940170225], [129.05659293627113, 35.17612176113432], [129.05495235665379, 35.17613905628046], [129.05343868823797, 35.17605312459886], [129.05289166186282, 35.176906351362845], [129.05153665918863, 35.17609369029206], [129.0484084492245, 35.17430874904392], [129.04837942709906, 35.174337979635794], [129.04794757570087, 35.174180932565434], [129.04663900359324, 35.173441326162106], [129.04660040881038, 35.173413486958104], [129.04523386978173, 35.172272243154616], [129.04492585934895, 35.17197796343279], [129.04478914623417, 35.171770721086126], [129.04461330836324, 35.17182797273704], [129.0438276957494, 35.17213699907902], [129.04191815255828, 35.17317695841911], [129.04157794575008, 35.173410932541806], [129.04013381572608, 35.17440409791516], [129.0397769156964, 35.17465064941674], [129.03952055295218, 35.174827755793615], [129.03677638074697, 35.177023561397704], [129.0362247917087, 35.17777785575346], [129.0356650862315, 35.17874135864787], [129.03583150562932, 35.17922381897473], [129.03575774447265, 35.179463404575195], [129.03556088026914, 35.17969629428167], [129.03479996954076, 35.180442208807015], [129.03373325546534, 35.18105829553807], [129.03315218770504, 35.18126312838928], [129.03258848045257, 35.18146183774046], [129.03116850055434, 35.18127832682763], [129.0307787008733, 35.181413395837474], [129.03018585930963, 35.18182014870055], [129.02938182701, 35.18263014709062], [129.02919981166528, 35.182778845316975], [129.02908849653377, 35.18286977888757], [129.02869661924456, 35.18299641856488], [129.02803389895814, 35.18316696805635], [129.02768918841574, 35.18319235375744], [129.02724391662014, 35.183170517441006], [129.02652567851564, 35.18299354513007], [129.02462140895003, 35.18267340743311], [129.0238044237239, 35.183040099717886], [129.0235692055313, 35.18299626505855], [129.02256251217602, 35.1831052189157], [129.0223077620628, 35.18314800062845], [129.02221055823685, 35.183164335366435], [129.0218888950041, 35.18328557505572], [129.02174892241595, 35.18351552150814], [129.02172741540724, 35.18356264750614], [129.02169613137943, 35.18418667998897], [129.02114382379534, 35.187751167562425], [129.02206131237511, 35.18834631762222], [129.02303102339076, 35.18934651555165], [129.02464219915262, 35.1913683133234], [129.02533579705582, 35.192601550613674], [129.02549974111307, 35.19340832866707], [129.0261072610385, 35.19333832382862], [129.0269460855909, 35.19337848042623], [129.02752960105158, 35.1935051745276], [129.028947782029, 35.19403846304893], [129.03194221826087, 35.195268256437295], [129.03310909152344, 35.19637447612167], [129.0335101454002, 35.19704081449461], [129.03380990869755, 35.19762386318154], [129.03436504938534, 35.19797040693139], [129.03477026690567, 35.198170339015306], [129.0355523703332, 35.19845029507213], [129.03955215930657, 35.199500133369256], [129.0398318022451, 35.19949681765923], [129.04106790292101, 35.19922376353197], [129.04153803021094, 35.19911385221904], [129.0438683820718, 35.19838776771251]]]]}}, {"type": "Feature", "properties": {"dong_cd": "2623056000", "dong_nm": "양정1동", "sigungu_cd": "26230", "source": "admdongkor-ver20250701"}, "geometry": {"type": "MultiPolygon", "coordinates": [[[[129.06734108929712, 35.17690107955667], [129.0677775797256, 35.17656549217236], [129.0675722231832, 35.17479173554622], [129.0727874604993, 35.171357750662615], [129.07305074276033, 35.17149728490467], [129.0734290872726, 35.17161368883914], [129.07381679841592, 35.171732965879535], [129.07387416352833, 35.1716728498177], [129.07433151300438, 35.170913070415565], [129.07461962809512, 35.170116106833255], [129.074560883352, 35.16944148314682], [129.074408665855, 35.16835351450092], [129.074617846178, 35.16776318393204], [129.0763068465207, 35.166528104576145], [129.07708149820442, 35.166328878875426], [129.07784005154375, 35.16628305932831], [129.07856141924435, 35.16634725548471], [129.07929423261035, 35.16666806021193], [129.07885434069456, 35.1657328571599], [129.07405520642814, 35.165790465686825], [129.07389365384367, 35.165718035883266], [129.07388449468266, 35.16567296561218], [129.0716049653039, 35.16525140184601], [129.06962456851141, 35.16711730241384], [129.0682290486305, 35.169043953469384], [129.06778029368886, 35.169524110149496], [129.06748128981195, 35.169712894072994], [129.06701015742772, 35.16786555782873], [129.06641839100794, 35.16876208611821], [129.06566956336798, 35.169854062447754], [129.0643588208449, 35.17058926732853], [129.06264388925382, 35.17152128682669], [129.06202897449344, 35.17193885107671], [129.06095978864397, 35.172711418434154], [129.05759592231817, 35.17523018315855], [129.05744966498298, 35.17564037950635], [129.0574694883256, 35.176030387890435], [129.05750356924722, 35.17607940170225], [129.05749458075442, 35.17695114834837], [129.05749574751223, 35.17722457655975], [129.05753978942008, 35.177325077303756], [129.05820964873328, 35.17813697508914], [129.0585078830837, 35.17846653974059], [129.06028236057267, 35.180001610746295], [129.06041920778546, 35.180061866948975], [129.06093714844536, 35.18019831407166], [129.06123517701005, 35.18022229011641], [129.061656377898, 35.180253310785865], [129.06192943252447, 35.18010407100128], [129.06202588212034, 35.18004413881789], [129.06209997091946, 35.17993294852233], [129.0627278682078, 35.17869776350469], [129.0627618739112, 35.178593943159115], [129.0628011186409, 35.17800898279901], [129.0628599912565, 35.17764747324629], [129.0629222081557, 35.17754360702321], [129.06296520189372, 35.17748983675622], [129.0630601652219, 35.17743844852485], [129.0633926826903, 35.177335548617364], [129.0637721813825, 35.17726261181796], [129.06380250706115, 35.17725678534316], [129.06473492925414, 35.17714249275022], [129.06734108929712, 35.17690107955667]]]]}}, {"type": "Feature", "properties": {"dong_cd": "2623057000", "dong_nm": "양정2동", "sigungu_cd": "26230", "source": "admdongkor-ver20250701"}, "geometry": {"type": "MultiPolygon", "coordinates": [[[[129.07503185727796, 35.17759275872808], [129.07553767481735, 35.177305052988125], [129.07795730420128, 35.17540188762863], [129.08168344774177, 35.171977954332874], [129.08192432748382, 35.171744974445275], [129.08195606167033, 35.17153720949216], [129.081961758181, 35.17148909051304], [129.08199058285598, 35.17124541577598], [129.08141541811162, 35.16925917220166], [129.08081055997448, 35.167741894365136], [129.0799854875058, 35.1670633412214], [129.07929423261035, 35.16666806021193], [129.07856141924435, 35.16634725548471], [129.07784005154375, 35.16628305932831], [129.07708149820442, 35.166328878875426], [129.0763068465207, 35.166528104576145], [129.074617846178, 35.16776318393204], [129.074408665855, 35.16835351450092], [129.074560883352, 35.16944148314682], [129.07461962809512, 35.170116106833255], [129.07433151300438, 35.170913070415565], [129.07387416352833, 35.1716728498177], [129.07381679841592, 35.171732965879535], [129.0734290872726, 35.17161368883914], [129.07305074276033, 35.17149728490467], [129.0727874604993, 35.171357750662615], [129.0675722231832, 35.17479173554622], [129.0677775797256, 35.17656549217236], [129.07026728099098, 35.1758333577401], [129.07194289180015, 35.177935657163935], [129.07190730762048, 35.17958722641383], [129.07503185727796, 35.17759275872808]]]]}}, {"type": "Feature", "properties": {"dong_cd": "2623061000", "dong_nm": "전포2동", "sigungu_cd": "26230", "source": "admdongkor-ver20250701"}, "geometry": {"type": "MultiPolygon", "coordinates": [[[[129.07885434069456, 35.1657328571599], [129.07851942589934, 35.162416696134976], [129.07762836530992, 35.16160115086025], [129.07589599690328, 35.16013431921083], [129.07410091832358, 35.158915337065125], [129.07362967430134, 35.15859629371431], [129.07346072847162, 35.158496913662646], [129.0732311898678, 35.15840468301139], [129.07306663390716, 35.15835147337797], [129.07302782069584, 35.15834235911508], [129.07216124245755, 35.158159829762816], [129.06974803371304, 35.15769229294606], [129.06404400065017, 35.15774934337212], [129.062296290871, 35.157826179074895], [129.06227131161285, 35.15880171784777], [129.06223222925945, 35.16097116079277], [129.0625815011696, 35.162220826624335], [129.0630944795164, 35.16289193762774], [129.06396742546522, 35.163921816100675], [129.06484220160218, 35.164930636034455], [129.06531370882138, 35.16554339876941], [129.06556376873183, 35.16586856829641], [129.06630279942854, 35.16682957113504], [129.06651797106485, 35.16710937195421], [129.0667810049996, 35.16751348586923], [129.06701015742772, 35.16786555782873], [129.06748128981195, 35.169712894072994], [129.06778029368886, 35.169524110149496], [129.0682290486305, 35.169043953469384], [129.06962456851141, 35.16711730241384], [129.0716049653039, 35.16525140184601], [129.07388449468266, 35.16567296561218], [129.07389365384367, 35.165718035883266], [129.07405520642814, 35.165790465686825], [129.07885434069456, 35.1657328571599]]]]}}, {"type": "Feature", "properties": {"dong_cd": "2623064000", "dong_nm": "부암1동", "sigungu_cd": "26230", "source": "admdongkor-ver20250701"}, "geometry": {"type": "MultiPolygon", "coordinates": [[[[129.05314945518037, 35.166591772988276], [129.05362978383218, 35.161036934980814], [129.0533824554862, 35.16079334257375], [129.0532817796607, 35.16069416573059], [129.05303245873515, 35.16035593471467], [129.05267490556565, 35.159583669880384], [129.05264577055445, 35.15947087262027], [129.05256653171327, 35.158934329789915], [129.0525576528918, 35.15867984390578], [129.0525496011278, 35.15844900019671], [129.05257748751572, 35.158269102829045], [129.05265293405955, 35.157782491731844], [129.05059000704333, 35.15700899673491], [129.04941263478068, 35.157313380833166], [129.04969774179952, 35.157386028593145], [129.05036364499642, 35.15762161422987], [129.05060567828215, 35.157904136670915], [129.0499480988223, 35.16076401008833], [129.0496930294662, 35.16143717676921], [129.04966777422007, 35.16150382489016], [129.04965796170063, 35.16152971839293], [129.04953426131618, 35.16171229519149], [129.0494796042502, 35.161792957135866], [129.04946044044965, 35.16181570552774], [129.04927418797232, 35.162036753240116], [129.04864961873886, 35.16233332636557], [129.047341963261, 35.1625491879584], [129.0455195012521, 35.16276523755077], [129.04495994536362, 35.16280036761827], [129.04251410098448, 35.16613567278057], [129.0438369755137, 35.16756653712154], [129.04422139328574, 35.16850854381042], [129.04477852996075, 35.16939339040985], [129.04530994480783, 35.17002317031408], [129.04644897696883, 35.16894765759792], [129.0464902894693, 35.16887068097296], [129.04654438622208, 35.168769895525635], [129.04666057610189, 35.168694653065664], [129.04750325027646, 35.16837988925845], [129.047631937924, 35.16833881489427], [129.04797239079883, 35.16833184567598], [129.0505126513413, 35.16849860545993], [129.05085258651732, 35.16884172963958], [129.0510709130101, 35.16906210217307], [129.05164977180436, 35.169646376677235], [129.05169323418173, 35.16964389400271], [129.05178445622144, 35.16963371274927], [129.05185949750452, 35.169622116771954], [129.05193442153566, 35.16960446796217], [129.05200089267746, 35.1695879525553], [129.05207665301452, 35.16956254633681], [129.05210730076192, 35.169540434767576], [129.05215027056863, 35.16946981391089], [129.05220818144505, 35.16937461849829], [129.05314945518037, 35.166591772988276]]]]}}, {"type": "Feature", "properties": {"dong_cd": "2623066000", "dong_nm": "부암3동", "sigungu_cd": "26230", "source": "admdongkor-ver20250701"}, "geometry": {"type": "MultiPolygon", "coordinates": [[[[129.04478914623417, 35.171770721086126], [129.04530994480783, 35.17002317031408], [129.04477852996075, 35.16939339040985], [129.04422139328574, 35.16850854381042], [129.0438369755137, 35.16756653712154], [129.04251410098448, 35.16613567278057], [129.0410634042753, 35.16604926844185], [129.0406182811219, 35.16692239971304], [129.03979871345797, 35.167515647236236], [129.03912579653812, 35.167521656254], [129.03870775744605, 35.16747135857921], [129.0378441701155, 35.167479114621855], [129.03768925159773, 35.16750347125607], [129.03760690713287, 35.1675563988801], [129.03676204596758, 35.16813054914443], [129.03550313415647, 35.1691149709596], [129.03416161793373, 35.17066014256988], [129.0328902377068, 35.17221976989555], [129.03201724489398, 35.1730359074359], [129.03106972363327, 35.173743904387216], [129.0290427453328, 35.17255963568191], [129.02877086403734, 35.17318725772271], [129.02814132206814, 35.17464044158024], [129.0248860944303, 35.17683712425125], [129.02386055317808, 35.17712611261775], [129.0227279823316, 35.177592427041894], [129.02149994647763, 35.17831970499822], [129.0225151278537, 35.17911186863452], [129.02350454995687, 35.180635089160965], [129.0235620302322, 35.18074137166615], [129.02363801738082, 35.1809168091243], [129.02369156731064, 35.18158994837991], [129.0238044237239, 35.183040099717886], [129.02462140895003, 35.18267340743311], [129.02652567851564, 35.18299354513007], [129.02724391662014, 35.183170517441006], [129.02768918841574, 35.18319235375744], [129.02803389895814, 35.18316696805635], [129.02869661924456, 35.18299641856488], [129.02908849653377, 35.18286977888757], [129.02919981166528, 35.182778845316975], [129.02938182701, 35.18263014709062], [129.03018585930963, 35.18182014870055], [129.0307787008733, 35.181413395837474], [129.03116850055434, 35.18127832682763], [129.03258848045257, 35.18146183774046], [129.03315218770504, 35.18126312838928], [129.03373325546534, 35.18105829553807], [129.03479996954076, 35.180442208807015], [129.03556088026914, 35.17969629428167], [129.03575774447265, 35.179463404575195], [129.03583150562932, 35.17922381897473], [129.0356650862315, 35.17874135864787], [129.0362247917087, 35.17777785575346], [129.03677638074697, 35.177023561397704], [129.03952055295218, 35.174827755793615], [129.0397769156964, 35.17465064941674], [129.04013381572608, 35.17440409791516], [129.04157794575008, 35.173410932541806], [129.04191815255828, 35.17317695841911], [129.0438276957494, 35.17213699907902], [129.04461330836324, 35.17182797273704], [129.04478914623417, 35.171770721086126]]]]}}, {"type": "Feature", "properties": {"dong_cd": "2623068000", "dong_nm": "당감2동", "sigungu_cd": "26230", "source": "admdongkor-ver20250701"}, "geometry": {"type": "MultiPolygon", "coordinates": [[[[129.04941263478068, 35.157313380833166], [129.04593987093224, 35.156655778683216], [129.04406108880457, 35.15742972191347], [129.0435611560587, 35.15718500260599], [129.04289397965044, 35.15669716741747], [129.04230157092374, 35.15626399315964], [129.04134034153887, 35.15594413460845], [129.04066638811037, 35.15585459347083], [129.0386855721772, 35.155986877139355], [129.03857087457394, 35.156081886050174], [129.03810698007032, 35.15646618784532], [129.037780547022, 35.156739571356844], [129.03770643397237, 35.15692001384941], [129.03663011706368, 35.15676042359508], [129.0322721931049, 35.15611328718183], [129.03166370412623, 35.156016960329765], [129.02949434575814, 35.15567576301923], [129.030947124406, 35.15666560337695], [129.0335965827089, 35.15754050743451], [129.03394479172792, 35.15734585299632], [129.0338071072635, 35.1582305458692], [129.0337996184869, 35.158278654178915], [129.03363041364435, 35.15909410458129], [129.03353862255187, 35.159536435695536], [129.03707079278374, 35.16069811980266], [129.04004688247554, 35.161598926325055], [129.04376127934503, 35.162507623882725], [129.04495994536362, 35.16280036761827], [129.0455195012521, 35.16276523755077], [129.047341963261, 35.1625491879584], [129.04864961873886, 35.16233332636557], [129.04927418797232, 35.162036753240116], [129.04946044044965, 35.16181570552774], [129.0494796042502, 35.161792957135866], [129.04953426131618, 35.16171229519149], [129.04965796170063, 35.16152971839293], [129.04966777422007, 35.16150382489016], [129.0496930294662, 35.16143717676921], [129.0499480988223, 35.16076401008833], [129.05060567828215, 35.157904136670915], [129.05036364499642, 35.15762161422987], [129.04969774179952, 35.157386028593145], [129.04941263478068, 35.157313380833166]]]]}}, {"type": "Feature", "properties": {"dong_cd": "2623070000", "dong_nm": "당감4동", "sigungu_cd": "26230", "source": "admdongkor-ver20250701"}, "geometry": {"type": "MultiPolygon", "coordinates": [[[[129.03870775744605, 35.16747135857921], [129.03951873217332, 35.16398840836118], [129.03640124567863, 35.16456635043042], [129.03466953843403, 35.165063459635455], [129.03267412448724, 35.16585657490764], [129.02715732124386, 35.16952047154017], [129.02701585523383, 35.16953850950721], [129.0269875191339, 35.169555959502844], [129.02444337889835, 35.171292936125795], [129.02418279155748, 35.17148799029205], [129.02397735540575, 35.171677584007], [129.0218547000437, 35.17394168746243], [129.02153010287168, 35.176817326046425], [129.02149994647763, 35.17831970499822], [129.0227279823316, 35.177592427041894], [129.02386055317808, 35.17712611261775], [129.0248860944303, 35.17683712425125], [129.02814132206814, 35.17464044158024], [129.02877086403734, 35.17318725772271], [129.0290427453328, 35.17255963568191], [129.03106972363327, 35.173743904387216], [129.03201724489398, 35.1730359074359], [129.0328902377068, 35.17221976989555], [129.03416161793373, 35.17066014256988], [129.03550313415647, 35.1691149709596], [129.03676204596758, 35.16813054914443], [129.03760690713287, 35.1675563988801], [129.03768925159773, 35.16750347125607], [129.0378441701155, 35.167479114621855], [129.03870775744605, 35.16747135857921]]]]}}, {"type": "Feature", "properties": {"dong_cd": "2623072000", "dong_nm": "가야2동", "sigungu_cd": "26230", "source": "admdongkor-ver20250701"}, "geometry": {"type": "MultiPolygon", "coordinates": [[[[129.02626801195456, 35.13512017602269], [129.0241203041084, 35.13402281469793], [129.0208129052661, 35.13684964740355], [129.0220259738227, 35.138751774715544], [129.02252345489103, 35.1398721796446], [129.02245176350692, 35.142183019568435], [129.02244543049926, 35.142387130944215], [129.02241528645573, 35.142949874729844], [129.0233937158775, 35.14744326780528], [129.02324072818104, 35.14856866268474], [129.02330642614763, 35.1489163670636], [129.02333742145785, 35.1489594035286], [129.02665285416907, 35.152916150908936], [129.02699656031328, 35.15296888633567], [129.0271085667296, 35.15298377372442], [129.0275900896281, 35.153495824819736], [129.02901654963108, 35.1551999447976], [129.0291861368509, 35.15541052313759], [129.02913920083947, 35.15546513753259], [129.0290716119245, 35.15553872196469], [129.02903177651496, 35.15558547839855], [129.02949434575814, 35.15567576301923], [129.03166370412623, 35.156016960329765], [129.03176354514127, 35.15561715942012], [129.031854128884, 35.155347368854216], [129.0320866280456, 35.15441698660264], [129.03213164768826, 35.154212012820416], [129.03244372611795, 35.15267626387308], [129.03244567830603, 35.15206336041102], [129.0323467868986, 35.15130645491956], [129.03252259642787, 35.15015500369005], [129.03348892985008, 35.14801164780552], [129.03370362320095, 35.14760287169831], [129.03373494958953, 35.14714375276441], [129.03036817999515, 35.14743844849194], [129.0277826429651, 35.14428842278777], [129.02743131512784, 35.1437644431368], [129.02660442219866, 35.14192152769749], [129.02591033432842, 35.14014230821154], [129.025621497209, 35.13891074629382], [129.02618067815493, 35.13533333328899], [129.02626801195456, 35.13512017602269]]]]}}, {"type": "Feature", "properties": {"dong_cd": "2623074000", "dong_nm": "개금1동", "sigungu_cd": "26230", "source": "admdongkor-ver20250701"}, "geometry": {"type": "MultiPolygon", "coordinates": [[[[129.0233937158775, 35.14744326780528], [129.02071669843167, 35.148434515110544], [129.01619424245249, 35.148249576671134], [129.01667393801887, 35.152811182732016], [129.0177937273692, 35.15308478845585], [129.01807352385936, 35.15315314821681], [129.0185207376374, 35.15325863435988], [129.0187832957223, 35.15332056366413], [129.01936257415332, 35.15345719509857], [129.02550500108694, 35.1548970647949], [129.027534244788, 35.15529319254212], [129.02903177651496, 35.15558547839855], [129.0290716119245, 35.15553872196469], [129.02913920083947, 35.15546513753259], [129.0291861368509, 35.15541052313759], [129.02901654963108, 35.1551999447976], [129.0275900896281, 35.153495824819736], [129.0271085667296, 35.15298377372442], [129.02699656031328, 35.15296888633567], [129.02665285416907, 35.152916150908936], [129.02333742145785, 35.1489594035286], [129.02330642614763, 35.1489163670636], [129.02324072818104, 35.14856866268474], [129.0233937158775, 35.14744326780528]]]]}}, {"type": "Feature", "properties": {"dong_cd": "2623075000", "dong_nm": "개금2동", "sigungu_cd": "26230", "source": "admdongkor-ver20250701"}, "geometry": {"type": "MultiPolygon", "coordinates": [[[[129.0233937158775, 35.14744326780528], [129.02241528645573, 35.142949874729844], [129.02244543049926, 35.142387130944215], [129.02245176350692, 35.142183019568435], [129.02252345489103, 35.1398721796446], [129.0220259738227, 35.138751774715544], [129.0208129052661, 35.13684964740355], [129.0204915586484, 35.13669034653689], [129.01916983480115, 35.13623739609654], [129.01836954745463, 35.136048317566114], [129.01708845374898, 35.1360213201635], [129.0127985249422, 35.1373987642705], [129.012125663477, 35.13773252746067], [129.0115437182983, 35.13805132195354], [129.01132236660203, 35.138189122925816], [129.01229207423216, 35.13830332870012], [129.01278552877392, 35.13847082790807], [129.01309770220325, 35.138716019297384], [129.0142464541624, 35.13987223228386], [129.0145557187699, 35.140231880188125], [129.01602275234347, 35.14207402695796], [129.01614903457846, 35.142240310374774], [129.01621060244736, 35.14251696246956], [129.01625474973468, 35.143141193418366], [129.01622865871443, 35.14336974045498], [129.01578027469205, 35.14382460006369], [129.01567789151815, 35.14692635804637], [129.01619424245249, 35.148249576671134], [129.02071669843167, 35.148434515110544], [129.0233937158775, 35.14744326780528]]]]}}, {"type": "Feature", "properties": {"dong_cd": "2623076000", "dong_nm": "개금3동", "sigungu_cd": "26230", "source": "admdongkor-ver20250701"}, "geometry": {"type": "MultiPolygon", "coordinates": [[[[129.03353862255187, 35.159536435695536], [129.03363041364435, 35.15909410458129], [129.0337996184869, 35.158278654178915], [129.0338071072635, 35.1582305458692], [129.03394479172792, 35.15734585299632], [129.0335965827089, 35.15754050743451], [129.030947124406, 35.15666560337695], [129.02949434575814, 35.15567576301923], [129.02903177651496, 35.15558547839855], [129.027534244788, 35.15529319254212], [129.02550500108694, 35.1548970647949], [129.01936257415332, 35.15345719509857], [129.0187832957223, 35.15332056366413], [129.0185207376374, 35.15325863435988], [129.01807352385936, 35.15315314821681], [129.0177937273692, 35.15308478845585], [129.01667393801887, 35.152811182732016], [129.01663133569977, 35.15309847806353], [129.01648758355864, 35.15406380193008], [129.01630666118342, 35.15463730225853], [129.01594406761035, 35.15571202634452], [129.01522085159675, 35.15666168272065], [129.0150011042019, 35.15690429844322], [129.01488106702476, 35.157036604020924], [129.01481819935537, 35.157105893045205], [129.01457863382205, 35.157315009354264], [129.01436352354824, 35.15749159398425], [129.01413437596497, 35.157645056911164], [129.01407554859884, 35.157684441721194], [129.01377241137692, 35.15788353441053], [129.013022150203, 35.15835011117507], [129.0106414375882, 35.160154222405225], [129.01102514991956, 35.162724140046876], [129.0116272405497, 35.163839911267814], [129.01284353539765, 35.16567416154622], [129.013116446808, 35.16557214480172], [129.01650332703386, 35.16534240688582], [129.0165834586045, 35.16536994137443], [129.01748957084797, 35.16562857170674], [129.01932508278068, 35.165981650797356], [129.01944308050582, 35.165991200861825], [129.02094197274442, 35.16586516072788], [129.02341097408677, 35.16556997219021], [129.02717861553577, 35.16578724352254], [129.02876981656746, 35.16592751993903], [129.02887897250795, 35.165762011115284], [129.02920557432117, 35.16526675184144], [129.03059567397082, 35.16271475842752], [129.03188038200088, 35.159093021535064], [129.03353862255187, 35.159536435695536]]]]}}, {"type": "Feature", "properties": {"dong_cd": "2623067000", "dong_nm": "당감1동", "sigungu_cd": "26230", "source": "admdongkor-ver20250701"}, "geometry": {"type": "MultiPolygon", "coordinates": [[[[129.02149994647763, 35.17831970499822], [129.02153010287168, 35.176817326046425], [129.0218547000437, 35.17394168746243], [129.02397735540575, 35.171677584007], [129.02418279155748, 35.17148799029205], [129.02444337889835, 35.171292936125795], [129.0269875191339, 35.169555959502844], [129.02701585523383, 35.16953850950721], [129.02715732124386, 35.16952047154017], [129.03267412448724, 35.16585657490764], [129.03466953843403, 35.165063459635455], [129.03640124567863, 35.16456635043042], [129.03951873217332, 35.16398840836118], [129.03870775744605, 35.16747135857921], [129.03912579653812, 35.167521656254], [129.03979871345797, 35.167515647236236], [129.0406182811219, 35.16692239971304], [129.0410634042753, 35.16604926844185], [129.04251410098448, 35.16613567278057], [129.04495994536362, 35.16280036761827], [129.04376127934503, 35.162507623882725], [129.04004688247554, 35.161598926325055], [129.03707079278374, 35.16069811980266], [129.03353862255187, 35.159536435695536], [129.03188038200088, 35.159093021535064], [129.03059567397082, 35.16271475842752], [129.02920557432117, 35.16526675184144], [129.02887897250795, 35.165762011115284], [129.02876981656746, 35.16592751993903], [129.02717861553577, 35.16578724352254], [129.02341097408677, 35.16556997219021], [129.02094197274442, 35.16586516072788], [129.01944308050582, 35.165991200861825], [129.01932508278068, 35.165981650797356], [129.01748957084797, 35.16562857170674], [129.0165834586045, 35.16536994137443], [129.01650332703386, 35.16534240688582], [129.013116446808, 35.16557214480172], [129.01284353539765, 35.16567416154622], [129.01248991754898, 35.16604616460297], [129.01169902395307, 35.1673751990749], [129.01165260528228, 35.1676174340861], [129.0117553097022, 35.1678228991668], [129.01184412550933, 35.16799938477506], [129.01181430906215, 35.16843772428908], [129.01170244925513, 35.16880581176889], [129.01150385034273, 35.16909968261827], [129.01122690289628, 35.169368643700444], [129.01009003820303, 35.17035940934349], [129.01017323862936, 35.17360665196828], [129.01138299083289, 35.17411431954438], [129.01593643185618, 35.177702793388725], [129.01617860108905, 35.177978840790175], [129.01668311085024, 35.178586152091114], [129.017860201483, 35.17932587505381], [129.01952145131978, 35.179856428792796], [129.01971644729176, 35.17970731333349], [129.0199556130652, 35.179305947055695], [129.02149994647763, 35.17831970499822]]]]}}, {"type": "Feature", "properties": {"dong_cd": "2623071000", "dong_nm": "가야제1동", "sigungu_cd": "26230", "source": "admdongkor-ver20250701"}, "geometry": {"type": "MultiPolygon", "coordinates": [[[[129.04593987093224, 35.156655778683216], [129.04612707354207, 35.15414931602217], [129.04587260967324, 35.153313831317234], [129.0458127136135, 35.15315154314386], [129.04574365066742, 35.15301098169255], [129.0456694908273, 35.152910281389524], [129.04555704121915, 35.15283689066945], [129.0442840900832, 35.15205045078079], [129.04422272750986, 35.15202869728427], [129.04241077009345, 35.150720857069736], [129.041001349266, 35.14958034160083], [129.04066774699146, 35.14839029267532], [129.03985863538117, 35.14787942258688], [129.03927531516754, 35.14724256312965], [129.03872475285303, 35.14619972521129], [129.03836680356338, 35.145098502725574], [129.0383159979615, 35.14489241273038], [129.03828540104763, 35.14451976375617], [129.03826490816866, 35.14419772467916], [129.03830319033213, 35.14292233366254], [129.0383302857098, 35.14288319414185], [129.0384527974316, 35.14258867487487], [129.0384751578596, 35.14227802169252], [129.03844684899755, 35.142055777583664], [129.0382860422152, 35.1415404625215], [129.0376207255575, 35.13973271221108], [129.03739092998867, 35.139408562001435], [129.0346921078769, 35.137276788004414], [129.03312659718404, 35.137060487724916], [129.03223255743978, 35.137395390247], [129.03190545964583, 35.137498918546235], [129.03178216556879, 35.13750723588043], [129.03168402013472, 35.137486547610365], [129.0286297054509, 35.13672547957637], [129.02828492429944, 35.13663245195854], [129.02801814657647, 35.136510464332936], [129.02785202621297, 35.136351192751505], [129.0270226263044, 35.135353856036325], [129.02626801195456, 35.13512017602269], [129.02618067815493, 35.13533333328899], [129.025621497209, 35.13891074629382], [129.02591033432842, 35.14014230821154], [129.02660442219866, 35.14192152769749], [129.02743131512784, 35.1437644431368], [129.0277826429651, 35.14428842278777], [129.03036817999515, 35.14743844849194], [129.03373494958953, 35.14714375276441], [129.03370362320095, 35.14760287169831], [129.03348892985008, 35.14801164780552], [129.03252259642787, 35.15015500369005], [129.0323467868986, 35.15130645491956], [129.03244567830603, 35.15206336041102], [129.03244372611795, 35.15267626387308], [129.03213164768826, 35.154212012820416], [129.0320866280456, 35.15441698660264], [129.031854128884, 35.155347368854216], [129.03176354514127, 35.15561715942012], [129.03166370412623, 35.156016960329765], [129.0322721931049, 35.15611328718183], [129.03663011706368, 35.15676042359508], [129.03770643397237, 35.15692001384941], [129.037780547022, 35.156739571356844], [129.03810698007032, 35.15646618784532], [129.03857087457394, 35.156081886050174], [129.0386855721772, 35.155986877139355], [129.04066638811037, 35.15585459347083], [129.04134034153887, 35.15594413460845], [129.04230157092374, 35.15626399315964], [129.04289397965044, 35.15669716741747], [129.0435611560587, 35.15718500260599], [129.04406108880457, 35.15742972191347], [129.04593987093224, 35.156655778683216]]]]}}, {"type": "Feature", "properties": {"dong_cd": "2623051000", "dong_nm": "부전1동", "sigungu_cd": "26230", "source": "admdongkor-ver20250701"}, "geometry": {"type": "MultiPolygon", "coordinates": [[[[129.06264388925382, 35.17152128682669], [129.0643588208449, 35.17058926732853], [129.06566956336798, 35.169854062447754], [129.06641839100794, 35.16876208611821], [129.06701015742772, 35.16786555782873], [129.0667810049996, 35.16751348586923], [129.06651797106485, 35.16710937195421], [129.06630279942854, 35.16682957113504], [129.06556376873183, 35.16586856829641], [129.06531370882138, 35.16554339876941], [129.06484220160218, 35.164930636034455], [129.06396742546522, 35.163921816100675], [129.0630944795164, 35.16289193762774], [129.0625815011696, 35.162220826624335], [129.06223222925945, 35.16097116079277], [129.06227131161285, 35.15880171784777], [129.062296290871, 35.157826179074895], [129.05989614511245, 35.15843697633378], [129.05837756734118, 35.158019150988025], [129.05669395979095, 35.15782367117933], [129.0547082775695, 35.15778580562936], [129.05295438403638, 35.157782969428766], [129.05265293405955, 35.157782491731844], [129.05257748751572, 35.158269102829045], [129.0525496011278, 35.15844900019671], [129.0525576528918, 35.15867984390578], [129.05256653171327, 35.158934329789915], [129.05264577055445, 35.15947087262027], [129.05267490556565, 35.159583669880384], [129.05303245873515, 35.16035593471467], [129.0532817796607, 35.16069416573059], [129.0533824554862, 35.16079334257375], [129.05362978383218, 35.161036934980814], [129.05314945518037, 35.166591772988276], [129.05348632787044, 35.16652088239395], [129.05435106007965, 35.16658560027147], [129.05471351462853, 35.1666127252188], [129.05619222556024, 35.16681853464443], [129.0600292933809, 35.16886871914978], [129.0616370859346, 35.169812127438476], [129.06164760083774, 35.17151824975842], [129.0616477106441, 35.171565442855254], [129.06227506217644, 35.17152671783958], [129.06234713506825, 35.171522267313755], [129.06264388925382, 35.17152128682669]]]]}}, {"type": "Feature", "properties": {"dong_cd": "2623060000", "dong_nm": "전포1동", "sigungu_cd": "26230", "source": "admdongkor-ver20250701"}, "geometry": {"type": "MultiPolygon", "coordinates": [[[[129.0820334198332, 35.15947867215036], [129.08293072250794, 35.15823841213367], [129.08253586049855, 35.15786858118958], [129.0822616499946, 35.15749710978895], [129.0799987844171, 35.15333526263646], [129.0798726982041, 35.15269661804671], [129.07871548242693, 35.15228530015253], [129.0778064393931, 35.15194249665902], [129.07423972366067, 35.150294181146045], [129.07170303365638, 35.1490589931387], [129.07134350926506, 35.14877766571594], [129.06677015286203, 35.147784945504625], [129.0633341325516, 35.14869346032267], [129.06238441539764, 35.15060948487617], [129.062296290871, 35.157826179074895], [129.06404400065017, 35.15774934337212], [129.06974803371304, 35.15769229294606], [129.07216124245755, 35.158159829762816], [129.07302782069584, 35.15834235911508], [129.07306663390716, 35.15835147337797], [129.0732311898678, 35.15840468301139], [129.07346072847162, 35.158496913662646], [129.07362967430134, 35.15859629371431], [129.07410091832358, 35.158915337065125], [129.07589599690328, 35.16013431921083], [129.07762836530992, 35.16160115086025], [129.07851942589934, 35.162416696134976], [129.08088515843897, 35.15971082201668], [129.0820334198332, 35.15947867215036]]]]}}, {"type": "Feature", "properties": {"dong_cd": "2671025000", "dong_nm": "기장읍", "sigungu_cd": "26710", "source": "admdongkor-ver20250701"}, "geometry": {"type": "MultiPolygon", "coordinates": [[[[129.25290880641748, 35.252250856249596], [129.25335886393606, 35.25017481443241], [129.25337576324543, 35.24666823722878], [129.25185314205436, 35.244624398626655], [129.248284861805, 35.24331056908489], [129.24803184362912, 35.24177645865111], [129.24830195235836, 35.24084553803982], [129.2485604303096, 35.2399547116569], [129.24681553846068, 35.2377437682431], [129.2462239389459, 35.23728019156658], [129.2457446471245, 35.23707338814666], [129.24510790752163, 35.23497127743591], [129.24544635326487, 35.233886470573616], [129.24573893360193, 35.23113734836923], [129.24555308310713, 35.23068581008023], [129.24545697683118, 35.23045233409942], [129.24375868069774, 35.229922975343385], [129.24168042504817, 35.228969232858965], [129.2410747002677, 35.22798819516371], [129.24210153657867, 35.227063214425776], [129.24234194474556, 35.226239074302185], [129.2404042412971, 35.222737366526246], [129.23892287575103, 35.22052141768926], [129.2365831858106, 35.21961554016474], [129.23584348219362, 35.21949979813759], [129.23123359376578, 35.2206778755276], [129.2305396156465, 35.221634667941345], [129.2284587450895, 35.2207144442862], [129.22846950499317, 35.220494054421025], [129.22852620537046, 35.2193326787483], [129.22999852070797, 35.219305573793626], [129.2307335042802, 35.219248887083346], [129.2332332279117, 35.21447461013801], [129.23320925561887, 35.214397454217014], [129.23014275360225, 35.204529230320034], [129.23006077843533, 35.20426539757562], [129.23152171373886, 35.20190885464643], [129.23182536108044, 35.20147183985178], [129.23015233418576, 35.19572537761114], [129.2273106452157, 35.192698471144546], [129.22573360027178, 35.19186680950439], [129.22381723034465, 35.18998942498936], [129.22410797730478, 35.189250931080046], [129.2245410473786, 35.18803167516196], [129.22503788584214, 35.18630123406032], [129.2247504041364, 35.185732738234194], [129.2218331623288, 35.18419247496561], [129.22026328395893, 35.18361559249503], [129.21933468323587, 35.183760122166355], [129.2189152873854, 35.18405469120327], [129.2181231090551, 35.18492985587415], [129.217772822997, 35.18633882817605], [129.21467019152536, 35.18655496649767], [129.21362442580124, 35.18580925853558], [129.21336266847138, 35.185622588865954], [129.21343084203988, 35.185270690461344], [129.21393052928497, 35.18507030059377], [129.21390979669724, 35.184305653951235], [129.21348430201792, 35.18294273836306], [129.2128068196733, 35.18088314949448], [129.21233907310534, 35.18082794991318], [129.2116866546547, 35.18112674489591], [129.2108469565905, 35.18168396837589], [129.21081934663965, 35.18209886117378], [129.2109410140822, 35.18228790574049], [129.21082883448267, 35.18244933205326], [129.21032569439066, 35.18252225537633], [129.20833131934185, 35.18204862107442], [129.20792222656215, 35.181944959030275], [129.20786163791757, 35.18206598809953], [129.20760498673505, 35.18257869739221], [129.20689238417373, 35.185870877075324], [129.20631738263685, 35.19127882044517], [129.20633519227678, 35.19156660450274], [129.20658017364133, 35.192097220615295], [129.20685501168524, 35.19261905757704], [129.20714520167803, 35.19333817653962], [129.20731311251805, 35.194013090841885], [129.20744897908023, 35.19455919636432], [129.20666744753996, 35.1970539561058], [129.20426157246294, 35.19832982703446], [129.1994508641014, 35.20068735078914], [129.19838813643153, 35.200834159026975], [129.19767421340543, 35.2006221092074], [129.19727608779584, 35.20047325820371], [129.19687434366918, 35.20032305102213], [129.1946963944294, 35.19896085328916], [129.19385862770395, 35.19810861708671], [129.19366437953585, 35.19581383282774], [129.19351988964092, 35.1950698592317], [129.19081052450375, 35.19291493859557], [129.18904466404177, 35.18995761388205], [129.1881888766853, 35.18933556689751], [129.18637829221421, 35.18947311095873], [129.1837791328208, 35.189719930277654], [129.1833225600009, 35.19072035829853], [129.18564304115662, 35.19548668493234], [129.18432292155143, 35.19657724063131], [129.18262012826793, 35.19798385738416], [129.1796338664037, 35.197900141902345], [129.1747419738532, 35.20095266091776], [129.1724720972387, 35.20202302077535], [129.17139558972835, 35.20187269937911], [129.17008484326774, 35.2009633932532], [129.16936951017513, 35.200984167907514], [129.16504002215248, 35.20311132372167], [129.16425470000857, 35.20484780629061], [129.1629818543271, 35.20597220737831], [129.16026027283183, 35.20629311485381], [129.1600913511482, 35.20817061815746], [129.15975925916305, 35.20969256606286], [129.16045481295413, 35.21183722750348], [129.16203139313677, 35.21256264896425], [129.16474023869512, 35.214936315012125], [129.1653986937514, 35.21613860452136], [129.1661269988708, 35.21821354339543], [129.1662144143843, 35.21846920908729], [129.16622996777878, 35.21856986586015], [129.16620474979416, 35.21874465397868], [129.16610325576477, 35.21910824853392], [129.1664249943796, 35.219178097804026], [129.1671226295473, 35.21928360086456], [129.16735787365096, 35.21931654893911], [129.1676052250182, 35.21931952972942], [129.16784038653623, 35.21930923449656], [129.1690930284448, 35.219157809077416], [129.16922271698627, 35.2191343365754], [129.16942937897784, 35.21907416990537], [129.16969672327545, 35.2189440612812], [129.17000455756306, 35.2187839369057], [129.17028413140395, 35.21868043074285], [129.17051510922954, 35.21861358404126], [129.1707056464383, 35.21859667660057], [129.17087191597838, 35.21860309873411], [129.17101387939093, 35.218626198296754], [129.17402013544134, 35.219122797882264], [129.17433871959935, 35.21923088406471], [129.17497592215892, 35.21946741921829], [129.1750380333052, 35.21950804048755], [129.17514985283023, 35.21960284938424], [129.17538610172934, 35.21988064365466], [129.1755977059123, 35.220222937845946], [129.17884627370768, 35.22350169666249], [129.18141058480427, 35.22574341565073], [129.1815638702511, 35.225868671847834], [129.18280235753912, 35.22686068203576], [129.18285205672115, 35.22689113329436], [129.18297198955443, 35.22690451916064], [129.183075335947, 35.22689759941557], [129.18485002132883, 35.22726802642955], [129.1875168236779, 35.22901896395588], [129.18757899130068, 35.229072211560336], [129.18762046668206, 35.229115801485875], [129.18909255858128, 35.23112397841373], [129.189124788341, 35.23122857134968], [129.18912334507658, 35.2314096372808], [129.18911690679727, 35.23156601561037], [129.19049537296755, 35.23779963515811], [129.19179548145846, 35.2402367692586], [129.1934273080121, 35.24168167212954], [129.19352807405215, 35.24180274082881], [129.1935697344817, 35.24191906320337], [129.19359696470596, 35.24203845274771], [129.19359757551612, 35.2420772822622], [129.19359385780297, 35.24212753852374], [129.1935763803593, 35.24223424658341], [129.1935088922695, 35.242440449244306], [129.1932740806224, 35.24312942684665], [129.1916791328286, 35.247367753413116], [129.19157327777594, 35.24759580013174], [129.1914171697449, 35.24782637679901], [129.19121087002054, 35.24807885721476], [129.19101631534824, 35.248302222656726], [129.19075686901047, 35.24858873487677], [129.1903441244651, 35.2490403490036], [129.1901907065882, 35.24916183023248], [129.19005794895637, 35.249266296650575], [129.1898336307149, 35.24940241766939], [129.18955022969965, 35.2495483358523], [129.1888592349996, 35.249835506377785], [129.1886140985507, 35.249915909031145], [129.18833065199618, 35.250047263695436], [129.1879528021816, 35.250256370376526], [129.18739205091347, 35.25062577741085], [129.1871177712625, 35.25089532019081], [129.18702347382902, 35.251021548373885], [129.1869411621324, 35.25121564132258], [129.18671205917116, 35.25185608607594], [129.18668873724977, 35.25199674860185], [129.18659775163582, 35.254762931877934], [129.18660250868942, 35.254830725285025], [129.1886234434767, 35.261118140641386], [129.18978718856232, 35.26396779469643], [129.19169388639304, 35.265379242860526], [129.19200548571678, 35.26510377819588], [129.192110931373, 35.26502827417444], [129.1927829339433, 35.26471268885682], [129.19292976377187, 35.26465971319051], [129.19309269177867, 35.26462368157126], [129.19322589371723, 35.26464228369618], [129.19475860098055, 35.265169081562206], [129.1948574559571, 35.26522354618306], [129.19495867894685, 35.26530624542783], [129.19504161719203, 35.26542288894782], [129.19513379381175, 35.26556210812866], [129.19518915694562, 35.26566749686886], [129.1959766657214, 35.26757787122199], [129.19802497188854, 35.26854380079501], [129.1984423724108, 35.26868878505701], [129.19872052949253, 35.26874563489973], [129.19900082552914, 35.268791923703795], [129.19949281129172, 35.26882819463613], [129.20006820296396, 35.2688611167134], [129.20638244709204, 35.26918354151907], [129.2064912120475, 35.26918377414725], [129.20658984108152, 35.26916649424934], [129.20671786819847, 35.26904431385121], [129.20681154899066, 35.2688801089772], [129.2069221161966, 35.268621498586455], [129.207172203276, 35.267719644197875], [129.20725869123964, 35.267244210420294], [129.2073723615293, 35.26652755020997], [129.20738055133447, 35.26638418146452], [129.2073684158297, 35.265814049367854], [129.20734233368407, 35.26565308156569], [129.2072928030975, 35.265519982269915], [129.2071381202827, 35.26524307719411], [129.20707144692142, 35.265092408307], [129.20701540043723, 35.26492078297429], [129.20699802671217, 35.26481227174167], [129.20699125883016, 35.2646758388695], [129.20848306887058, 35.26217644429499], [129.20860759714887, 35.26199077231075], [129.2094305843469, 35.26102364474016], [129.21012796557676, 35.260283515937374], [129.2103477257296, 35.26008919767008], [129.21058690696483, 35.25996142066153], [129.2119673507809, 35.25957189343776], [129.212172514551, 35.25952080807475], [129.21288027449518, 35.25949733985896], [129.2130984438762, 35.25951266324347], [129.21531501938242, 35.2591291776465], [129.2189855867665, 35.25790686405935], [129.21981635844344, 35.257505611625554], [129.21984095409476, 35.25748391009513], [129.2199102284096, 35.25742278604868], [129.2199740165945, 35.25728759041083], [129.22008974547003, 35.256769417035194], [129.21994147966447, 35.25649616421063], [129.21988048012628, 35.256288347014475], [129.21985792261964, 35.25553623596323], [129.21993926328693, 35.25521615387918], [129.22007321705416, 35.25489704748013], [129.22045445667032, 35.25464452056864], [129.2256608628277, 35.25149467692815], [129.22730145403477, 35.25188470691008], [129.22856806120285, 35.25409374166649], [129.2286843022244, 35.254175725507054], [129.2290114485771, 35.25425732501616], [129.22940163794834, 35.25425658919397], [129.22976534483237, 35.254208301611826], [129.23019210667434, 35.254086351017705], [129.23053973862983, 35.25395155928684], [129.23108730046295, 35.2536563019284], [129.2312822215544, 35.253595339856346], [129.2314088327924, 35.253616730639735], [129.2317532707419, 35.253753462165484], [129.23414640796187, 35.25533255418571], [129.23484048661044, 35.256025674455614], [129.2351046356291, 35.256198256038196], [129.23584818805688, 35.25621411321757], [129.2361908238174, 35.2561961415796], [129.2389120951476, 35.25585332357169], [129.24065266852836, 35.25556000179847], [129.2413212325759, 35.25518656502475], [129.24203892639187, 35.25448741976247], [129.2458186116446, 35.25370099604674], [129.24681632541157, 35.2540071797451], [129.24987388736676, 35.25312580795278], [129.25290880641748, 35.252250856249596]]]]}}, {"type": "Feature", "properties": {"dong_cd": "2671025300", "dong_nm": "장안읍", "sigungu_cd": "26710", "source": "admdongkor-ver20250701"}, "geometry": {"type": "MultiPolygon", "coordinates": [[[[129.20297368420788, 35.38786983020016], [129.20314734785833, 35.38582899820247], [129.20321462770713, 35.38550157323837], [129.2033959549884, 35.385153719966716], [129.20431298423117, 35.38428861594497], [129.2087084758063, 35.38117127544707], [129.20903144250582, 35.38099659211491], [129.21095340311945, 35.380436132744606], [129.21735550582162, 35.378687660471414], [129.21772140923156, 35.37867306903836], [129.22198391709895, 35.379298477678624], [129.22267108895582, 35.379407415893716], [129.22294898609002, 35.3794718423331], [129.2233461392973, 35.37961721925018], [129.22408130733706, 35.380054160476924], [129.2262847914104, 35.380602006023246], [129.2304019823335, 35.3814703040089], [129.2311959140502, 35.38161490140744], [129.23234538186537, 35.38122311682742], [129.23282060138135, 35.38091376446993], [129.23369256734074, 35.380603662405534], [129.23563579756603, 35.380307717934315], [129.23581456420902, 35.38038853528321], [129.23617319425344, 35.380923537468576], [129.23669419295197, 35.382265142869905], [129.2413090256113, 35.38557914203428], [129.241643078168, 35.3856979395993], [129.24195580589313, 35.385654646093734], [129.24735996356802, 35.38473782192817], [129.24920193352534, 35.38348822969169], [129.25039156148497, 35.383758845458715], [129.25094668120528, 35.38455126689973], [129.2511959790786, 35.38572335541012], [129.25079059455962, 35.3861508433363], [129.2509073016447, 35.38679911262726], [129.25193900179553, 35.38719048005755], [129.25200357605692, 35.38721497510539], [129.25343451652046, 35.38685196131073], [129.254514532656, 35.38647588615317], [129.25456523097125, 35.386015004142976], [129.25508512168534, 35.38552753250199], [129.25612031240473, 35.38485075914699], [129.25620014911374, 35.3848412581439], [129.25663110099802, 35.384789973531234], [129.25994679161138, 35.38464046966929], [129.26233558319606, 35.38558126752062], [129.26527076472655, 35.38647176283808], [129.2653734254332, 35.38627076231137], [129.2658064464489, 35.385422920944485], [129.2667655991652, 35.38336223190007], [129.26732087434084, 35.38144946205506], [129.26826914763018, 35.379906149134506], [129.26961134703194, 35.37935662643115], [129.2715828676475, 35.37784504549222], [129.27250067790226, 35.37692397116634], [129.27671199554348, 35.37240123489039], [129.27731469668402, 35.37131542823758], [129.2776027709101, 35.370175186704195], [129.2785637021301, 35.36788257120271], [129.27971044445923, 35.36578301657528], [129.28091377081472, 35.36556124271076], [129.28318077509877, 35.365225130019454], [129.28350875658538, 35.36271420228059], [129.28326103607367, 35.362512599764656], [129.28254685913362, 35.36191577099139], [129.28098594219477, 35.36047767101272], [129.28080185956767, 35.359191473728245], [129.28057117776203, 35.35610662663764], [129.28243841201513, 35.35390594230149], [129.28345841552445, 35.35344409572167], [129.28447656478127, 35.352270059450795], [129.28459568780377, 35.35101997812529], [129.28456249504035, 35.35075587089275], [129.28384729796971, 35.34597253084411], [129.283767706476, 35.34567863307003], [129.2818811308656, 35.342975396729614], [129.2814307349157, 35.342572088963294], [129.28028832797824, 35.34203540368145], [129.27987872788023, 35.34170263633866], [129.2798561764195, 35.341514353807554], [129.28245825722604, 35.33979986290561], [129.28256025264056, 35.339778882340866], [129.28403976918233, 35.339474537305165], [129.28428445613318, 35.339429246306125], [129.2854979915518, 35.339204617883816], [129.28553300871545, 35.33923404090689], [129.28584697889866, 35.33949787703957], [129.2862340771943, 35.33974239675203], [129.28660067752443, 35.33997396547664], [129.28917369098042, 35.340209955742175], [129.28936231055442, 35.34014424680471], [129.290891493882, 35.33865667186573], [129.2911766425999, 35.33778640028564], [129.29206012488774, 35.336537539993564], [129.29317930497774, 35.33594681619926], [129.29654063434236, 35.335565444670024], [129.297704848088, 35.33553116371195], [129.29983893225096, 35.33495302674762], [129.30087518247925, 35.33424367115649], [129.30169639029327, 35.33340239279125], [129.30321047492822, 35.331821983661776], [129.30336082386629, 35.33166504327292], [129.30391506132156, 35.33093389853091], [129.3045309283998, 35.32951391038803], [129.3035866852017, 35.329478153666905], [129.3028524198778, 35.32881257133746], [129.30229451177811, 35.32830683671521], [129.30197499743514, 35.32769433458283], [129.30042099596926, 35.32261025497123], [129.30106357333875, 35.32218564301048], [129.30241071319728, 35.32174760359344], [129.30265183212205, 35.321371878147374], [129.30181624655165, 35.320315552366914], [129.29903916620975, 35.31826517729175], [129.29064537668606, 35.318795616147725], [129.28967060537943, 35.31815424049439], [129.288675718037, 35.3185854631096], [129.28684850140604, 35.31985720649832], [129.28651013730413, 35.320358483090736], [129.2870192025033, 35.32055505108855], [129.28769084456485, 35.32116093406101], [129.2879502101082, 35.32321798569462], [129.2873028984523, 35.32347766501337], [129.28474248588822, 35.32373223499026], [129.28448442477918, 35.326181246823474], [129.2844638494272, 35.326376844224626], [129.28185130949086, 35.326591128579196], [129.27784889972332, 35.32558173707321], [129.27776423498864, 35.32556038319215], [129.27713474958745, 35.325401612673964], [129.27756806973872, 35.324692382010845], [129.27400347410006, 35.32327485218397], [129.27121926130476, 35.32274982095859], [129.26886961018303, 35.3215567386632], [129.26832407102512, 35.32118503901315], [129.26527656158805, 35.31910848413057], [129.26295449610078, 35.31515880664624], [129.2625700552092, 35.315250558821184], [129.26119738723497, 35.31557808278225], [129.26097226624918, 35.31531069404711], [129.26092095719665, 35.31524974807982], [129.25893739730103, 35.31289350401357], [129.25621594988957, 35.312445973344445], [129.255717110197, 35.31262311286396], [129.25439635397262, 35.31309211158647], [129.2532319616407, 35.31117924886811], [129.25296446368625, 35.30887062146147], [129.25294373867268, 35.308691748357084], [129.25159506510028, 35.30869010953354], [129.24639850411282, 35.30810446775093], [129.24518853790659, 35.30778206346749], [129.24486436063864, 35.307695683435405], [129.24336840455462, 35.30765817656875], [129.2432365729687, 35.30766519478325], [129.24312312563197, 35.30769427939484], [129.24305832485905, 35.307721564442694], [129.24298546562477, 35.30775346621656], [129.24291561457335, 35.307794552933885], [129.24275510233008, 35.30788898270402], [129.24141463531228, 35.30886731708006], [129.2399305472087, 35.31006538898353], [129.23978864269066, 35.3102197135148], [129.23971284651694, 35.310302144715145], [129.2391229206597, 35.31149503561594], [129.23894273528143, 35.31188364257798], [129.23890217608724, 35.311984922883234], [129.23887463527026, 35.312053687830065], [129.23883243122845, 35.31215906230839], [129.23876680749933, 35.312322879075104], [129.2379795781221, 35.31369171580809], [129.23781108658847, 35.31385072344601], [129.23749029601728, 35.31407754254613], [129.2368813316915, 35.314406224198535], [129.23638752378298, 35.31465700309683], [129.23539546014817, 35.315145879763996], [129.23476754297576, 35.315371895647345], [129.23388886615385, 35.315654378079806], [129.2338137485085, 35.31566343157286], [129.23354694997886, 35.315695557783535], [129.23328463739566, 35.31570616919362], [129.23319669019452, 35.31570972282744], [129.2326446465229, 35.315774928738776], [129.23233577836285, 35.31585654771537], [129.23198204433672, 35.316100295123114], [129.2301354317594, 35.317440719680974], [129.22978205847514, 35.317819513719044], [129.22956450877263, 35.318130513593324], [129.2294004151485, 35.31840090120848], [129.22938019734784, 35.31853936974746], [129.2293887168862, 35.31863725457454], [129.22948006874444, 35.31888016650842], [129.2300684787686, 35.31971707363651], [129.230239722924, 35.31951675475965], [129.23046351578125, 35.3192574670269], [129.23074570340367, 35.31906279060154], [129.23101139059852, 35.318912422528825], [129.2316136382038, 35.31868647341454], [129.2318416325155, 35.31864172468663], [129.23217065166787, 35.318637732619855], [129.23238286858833, 35.31869183228087], [129.23314473218372, 35.31903779525743], [129.2333115018422, 35.319194156822505], [129.23385498450418, 35.32022853533739], [129.23391793669725, 35.32042938308654], [129.2340543659921, 35.321333232448325], [129.2337461849296, 35.321620519671924], [129.23186680617, 35.32143351756335], [129.23162300829412, 35.32190830905877], [129.22976183054084, 35.32553273012805], [129.22759842289187, 35.32661308305107], [129.22513001214682, 35.32719670386748], [129.22088256445312, 35.32811368073724], [129.22021846825717, 35.32875077271331], [129.21914225702696, 35.32934830657033], [129.21868326032777, 35.329594191062405], [129.21570670087453, 35.3308507019542], [129.21554257808398, 35.33086716175815], [129.2153738667209, 35.33086588155767], [129.21504890569068, 35.33085672090778], [129.2146961486958, 35.33082164710571], [129.21430379437768, 35.33080773004891], [129.21400715307857, 35.330808383192064], [129.21391942348228, 35.33081166028893], [129.21386004034665, 35.33083124218363], [129.21357913358506, 35.330998871799395], [129.21338940882907, 35.331184215791346], [129.21171756728356, 35.3328683874056], [129.2108737944897, 35.33382384971521], [129.21085620508597, 35.333848455255165], [129.2108167230087, 35.33390370278262], [129.21080499948195, 35.333968636814625], [129.21066703688385, 35.33578970612766], [129.21068327214067, 35.33594223303333], [129.21074713079798, 35.33611412660164], [129.20812370398363, 35.33768142679312], [129.2051954481594, 35.33942608918007], [129.20506081689618, 35.339468508441705], [129.20382163950208, 35.33997529178294], [129.20362374801397, 35.34007948639855], [129.20349316818, 35.340159216503736], [129.2034298559973, 35.34020152210031], [129.2033627233576, 35.34029900742734], [129.20329588127962, 35.34051333446364], [129.20255358108156, 35.344828071103], [129.20255844473456, 35.34518670172866], [129.20257489122335, 35.345430111169776], [129.20263091556575, 35.34564746866099], [129.20278692739072, 35.34622007699467], [129.20327013967636, 35.34768632259201], [129.2042011046221, 35.34909174442778], [129.20643138325104, 35.35233402830792], [129.20836624962888, 35.35671131269273], [129.20839633159767, 35.35684585591901], [129.20840784019848, 35.357056549442504], [129.20841016629828, 35.3573547409132], [129.20839341148792, 35.35999162144336], [129.20719758981807, 35.36175919105249], [129.20619523357067, 35.36385219820048], [129.206124377758, 35.364032354384605], [129.20591372756095, 35.364938286712984], [129.20591402240257, 35.36506118907012], [129.2059684381545, 35.36522075624778], [129.20618201284725, 35.365477051392226], [129.20624064049653, 35.36560106376026], [129.2062699199564, 35.36571968456227], [129.20615539519326, 35.367065581256774], [129.20612534747528, 35.367194635154945], [129.20486759760075, 35.37059089468137], [129.20479042517897, 35.37078176490496], [129.20196338879495, 35.37492891356665], [129.2007032565778, 35.37520549597959], [129.19936106641444, 35.375753478348905], [129.19879618020528, 35.37687571380647], [129.1987545580571, 35.37695402950778], [129.19867710591515, 35.37703730904557], [129.19581986084575, 35.37982193179194], [129.1957316915484, 35.37988220437015], [129.19514567437537, 35.380155186036795], [129.19507053461683, 35.38018251634086], [129.1948914217119, 35.38023147694694], [129.19478657667665, 35.38026315736768], [129.1947026974729, 35.38029192092659], [129.1946293264286, 35.38032067043782], [129.19456995843112, 35.3803551304587], [129.19452457499438, 35.380389574583006], [129.19447232491174, 35.380475565935875], [129.19377077735803, 35.38181970948962], [129.19372735203729, 35.38193717993515], [129.1937169682562, 35.38198875661702], [129.19372060594884, 35.38204601664023], [129.19373117886332, 35.38208036373271], [129.1945080609123, 35.38374859783469], [129.196797805492, 35.38546593842198], [129.1976269225009, 35.38627498008328], [129.19910752947658, 35.38768605899987], [129.2003138575136, 35.388528161508184], [129.2005262441342, 35.388665963546075], [129.20117631246373, 35.38858597137418], [129.20258599439526, 35.388135548362484], [129.20275017341174, 35.38806186869938], [129.20287457373115, 35.387983865034386], [129.20297368420788, 35.38786983020016]]]]}}, {"type": "Feature", "properties": {"dong_cd": "2671025600", "dong_nm": "정관읍", "sigungu_cd": "26710", "source": "admdongkor-ver20250701"}, "geometry": {"type": "MultiPolygon", "coordinates": [[[[129.2300684787686, 35.31971707363651], [129.23008868042763, 35.31986819593646], [129.22996560961127, 35.320067625037844], [129.2298051833616, 35.32017933857666], [129.22963392238148, 35.32021641630396], [129.2294548892066, 35.32018674446581], [129.22928567527848, 35.320102654422364], [129.22919468434847, 35.31998805074188], [129.22775945130226, 35.31667209139884], [129.22766378763015, 35.31635492311349], [129.22761764194775, 35.31606803818297], [129.22756288583037, 35.315642761491034], [129.2257447144116, 35.31485252759399], [129.2233592202545, 35.314100931992265], [129.22244398396322, 35.31411944295031], [129.22114801854093, 35.314497623135914], [129.22101423408483, 35.314549896238134], [129.2208734697562, 35.314631105891394], [129.22072569063042, 35.31472388128827], [129.22068374547442, 35.31476207794063], [129.22059209200083, 35.31484554625606], [129.2204516151553, 35.315030821252755], [129.22024784315423, 35.315268253267384], [129.2201775267491, 35.31533776620393], [129.2200873663151, 35.31539155063444], [129.21999451588968, 35.31543061291184], [129.21938895649959, 35.31567454117234], [129.2191847099122, 35.3157442859804], [129.21888538601436, 35.315837331801106], [129.21872338753818, 35.315883890993206], [129.2184485258431, 35.315907504901034], [129.21835877340553, 35.31591333542214], [129.21821591945982, 35.31590792176363], [129.21768690015827, 35.31577590422195], [129.21747526293686, 35.31571845518799], [129.21737644607822, 35.315672380129335], [129.21727887527618, 35.31558738129576], [129.21697729343282, 35.31531268312656], [129.21692958193015, 35.31526875059243], [129.21590299856763, 35.31425552420984], [129.21335743724697, 35.31119843626009], [129.21326549925647, 35.31108295436128], [129.21315927755495, 35.31089233479105], [129.2131450228931, 35.31083454375336], [129.21313073201296, 35.31075938912394], [129.2102936580573, 35.30872770333107], [129.20139313413767, 35.30914511494355], [129.20127284398055, 35.30915627687233], [129.20113191946416, 35.30917385516219], [129.19718649132054, 35.30970170977667], [129.19700276463396, 35.30978273407991], [129.196668306445, 35.31000929374155], [129.19640246353342, 35.310087765012845], [129.19543694705342, 35.31012698309617], [129.19487521010024, 35.31007677076114], [129.1944284261519, 35.31002366089624], [129.19196386621468, 35.309478670033705], [129.18440806916556, 35.30720049849831], [129.18164662683046, 35.30599380799301], [129.1804219695562, 35.30540499950753], [129.18027520019518, 35.30520748520192], [129.17909217091434, 35.304789427533194], [129.17792541615114, 35.30438482976825], [129.17765598772877, 35.30432063986168], [129.17753699460619, 35.30431274691364], [129.17714030992417, 35.30428643560373], [129.175114190606, 35.304378139639624], [129.17477935537906, 35.304443205955394], [129.1745856863025, 35.30448923688401], [129.17164778845034, 35.30618628308989], [129.17057888838846, 35.30680687736765], [129.16947203785955, 35.30746202157926], [129.16493331088608, 35.30756047518828], [129.16481694685748, 35.307569856340514], [129.16466316167333, 35.30763769298765], [129.16459946928074, 35.30769619114011], [129.1645470227691, 35.30775774943017], [129.16452084642475, 35.307810036697994], [129.16365537186059, 35.311046776001746], [129.16367919443405, 35.31169307259981], [129.16285865132645, 35.31245390664038], [129.16282002007765, 35.31247507133832], [129.16278429380523, 35.31248576489789], [129.1626548935912, 35.31250909845744], [129.16255725844826, 35.31250001002474], [129.1624295781641, 35.31248173655143], [129.16231592375726, 35.31244807861981], [129.16219943051956, 35.312386738117915], [129.1620941056473, 35.31228850855668], [129.160053486823, 35.31034833289593], [129.1570760983873, 35.30880742370945], [129.15697464917335, 35.308764509105984], [129.15680189031485, 35.30873092111803], [129.15604610390943, 35.30860584185577], [129.15587338403301, 35.30859684868567], [129.1557006715184, 35.30859091329995], [129.15548573114535, 35.308585043808705], [129.15536558635097, 35.30858211882604], [129.1552079075191, 35.30858847178148], [129.1550615561794, 35.308619389673105], [129.1548138907962, 35.30868734684062], [129.1547667678212, 35.30870627931846], [129.1546450742992, 35.30875519539044], [129.1545271706291, 35.308832239921834], [129.1544753929085, 35.308866079474605], [129.15429167548325, 35.308992348680164], [129.15423206868408, 35.309040068577396], [129.15410517253025, 35.30914167827299], [129.15405121125866, 35.30918600035147], [129.15392154884054, 35.30931712370929], [129.15377064251425, 35.30949792565917], [129.15374174240105, 35.30953256720427], [129.1536761218953, 35.30965614534377], [129.15362576329744, 35.309750988050155], [129.15352860821022, 35.30999702704344], [129.1533906854786, 35.31052671628454], [129.15336111265074, 35.310772691860244], [129.1533615125125, 35.31098481911349], [129.1533888910926, 35.313581679735044], [129.15339651128352, 35.313643162788516], [129.1534144855284, 35.31371536276209], [129.15408891410215, 35.31597710992321], [129.15465018318048, 35.31743509248635], [129.1547180193315, 35.31757028044902], [129.1540790343973, 35.320760481605376], [129.15396179694895, 35.32076297650916], [129.1538429557192, 35.32077146975383], [129.15370278436998, 35.32080019112083], [129.1535939439581, 35.320827995090255], [129.15350015419324, 35.320874225854645], [129.15334917193363, 35.320958940693465], [129.1532592056548, 35.32103283687123], [129.1532377516349, 35.3210556316932], [129.15319549555278, 35.32110055696773], [129.15220345620347, 35.32222155936374], [129.1521174014097, 35.32238768332969], [129.15210994903873, 35.322415332679945], [129.15209506029723, 35.322486069658325], [129.15207280098446, 35.32263059455145], [129.1520509113041, 35.322973377905775], [129.15203899378074, 35.324653429185325], [129.15204060731645, 35.32474369941725], [129.15206558639179, 35.32481633383935], [129.15256234029718, 35.32589934724929], [129.15261503721817, 35.32597306222197], [129.1524977881151, 35.33023820214011], [129.1519971468576, 35.33322245755964], [129.15158217774638, 35.33494015019474], [129.15122785627824, 35.33617792335262], [129.14915654379095, 35.33730840463399], [129.14898321207653, 35.337359192073706], [129.14873209342318, 35.337220503709325], [129.14869716618125, 35.33718401583717], [129.1484177483228, 35.336892114275734], [129.14812108936752, 35.336682661258415], [129.14774492018844, 35.336482879871966], [129.1473386661379, 35.33626713033683], [129.1467127340363, 35.336266298389866], [129.14624872323236, 35.33633414006697], [129.1426902175573, 35.33773298465692], [129.14238812755633, 35.33786952551698], [129.1419885912228, 35.338174772408735], [129.14180634487272, 35.33844040311763], [129.14178163362033, 35.33860783041194], [129.1416306895618, 35.33895639750407], [129.14069192192954, 35.34034465664769], [129.14029298662942, 35.34067373733601], [129.1400351489408, 35.34083335246381], [129.13776499367677, 35.341991318443576], [129.1351074673686, 35.3431416314015], [129.13502037412812, 35.343169173472205], [129.1349742395603, 35.343173283105536], [129.13483272026411, 35.34318585960536], [129.13463158902297, 35.343158617503434], [129.13369281209992, 35.34294006528765], [129.13258128684237, 35.34365497288271], [129.1322596983557, 35.34374864991791], [129.13186431589602, 35.34380946499829], [129.13167020824488, 35.34382170750509], [129.13106673728373, 35.34385974457643], [129.12932412155652, 35.343965896849014], [129.12823595784576, 35.34379705435984], [129.12775914729323, 35.34437152625312], [129.12755561227377, 35.34461678669545], [129.1272707899206, 35.345044049822675], [129.12723930579332, 35.34519631101577], [129.12723492201158, 35.34528913633175], [129.12725319868005, 35.34539307311482], [129.1273146333979, 35.34556379234518], [129.1273691961121, 35.345671406633464], [129.12942193295825, 35.34851695232737], [129.12949003084702, 35.34858740692228], [129.12965567375034, 35.34873575262078], [129.12982352545234, 35.3488506732166], [129.13002309285687, 35.34895070727868], [129.13065120285776, 35.34924333778771], [129.13102759633406, 35.349402576480166], [129.1317553606237, 35.3496616979148], [129.13227677552425, 35.34982448557585], [129.1324717235372, 35.34987253747834], [129.13260771954842, 35.349902103669976], [129.13305873894345, 35.34997214601803], [129.13326725520682, 35.350001630249764], [129.1339525402974, 35.35059864280051], [129.1345724702276, 35.3514110674071], [129.13459525845872, 35.35149270820512], [129.13472668503482, 35.35287000500157], [129.13472682043334, 35.35295910976417], [129.13471015502867, 35.353062958882035], [129.13195701874554, 35.35716189705289], [129.1300300567123, 35.358828184039595], [129.12956356985066, 35.35916489150047], [129.1302768443661, 35.36195157463071], [129.13028678766432, 35.3626520250793], [129.1303047077616, 35.362839762118625], [129.13032258323923, 35.362984172172126], [129.1303404225048, 35.36311413507272], [129.1303582179363, 35.36321520689595], [129.1303849224602, 35.36336682844267], [129.13058923361965, 35.36429814923641], [129.1306779099957, 35.364601351608876], [129.13086378924052, 35.36502721016589], [129.13129677084333, 35.36556110832586], [129.13140274084756, 35.365647648850725], [129.13152891563573, 35.36569077099655], [129.13205540304176, 35.365675837195404], [129.1324080762416, 35.365617688968456], [129.13260201498792, 35.3655741498747], [129.1329194391358, 35.36553047061346], [129.13330743051, 35.36550116501136], [129.1336866607522, 35.365507972623945], [129.13406590671633, 35.36552200128969], [129.13657090200505, 35.36575030680046], [129.1379735008709, 35.36595814878794], [129.13815875365842, 35.36599404382544], [129.13841460903637, 35.36605152572221], [129.13850643374843, 35.36608147825309], [129.14097527873554, 35.36510663957722], [129.14121667558, 35.36501702660636], [129.14141914497264, 35.36494660986696], [129.14634788909308, 35.36388468971426], [129.14836291938568, 35.36416552611346], [129.14839536062038, 35.36416105891527], [129.14894518829752, 35.36408534271203], [129.14936058759213, 35.36399046088155], [129.14987598922698, 35.36384081685269], [129.1527859941793, 35.36272462163976], [129.15308899095132, 35.36254045364098], [129.15334043313254, 35.362366306262224], [129.15373987417425, 35.361849222107814], [129.15398764262463, 35.36133730813448], [129.15410239136497, 35.36105901082455], [129.15415347891644, 35.36080563063194], [129.1572530695011, 35.35900362799001], [129.15756248955242, 35.359013175714146], [129.1614052835541, 35.35885419160315], [129.16161150220663, 35.35883404850559], [129.16178733109066, 35.358784137752956], [129.1618842578179, 35.358714481376865], [129.1623925114315, 35.35804822071152], [129.16240146645305, 35.35797371123233], [129.162352542208, 35.35778007197969], [129.16226727593204, 35.357606315406954], [129.16218755752894, 35.35717430412825], [129.16216299461857, 35.357020356391104], [129.1621627033034, 35.3568763219406], [129.1622955983754, 35.356593021659336], [129.16255296880328, 35.356364200393614], [129.16282564343106, 35.35620986260221], [129.16362564100893, 35.35583625130249], [129.16745889906628, 35.35405784840856], [129.17453350862533, 35.35146553499884], [129.17460734386495, 35.35145146795698], [129.17543110610936, 35.35137119215019], [129.17701631025884, 35.351299115180744], [129.17714130365513, 35.35129427993064], [129.1773516044605, 35.351326551596316], [129.1778859196146, 35.35140951426014], [129.17807634762252, 35.35144181357126], [129.17824129381572, 35.35151601230694], [129.1784005853783, 35.35159952857024], [129.18162821210694, 35.35365088061756], [129.18179446844047, 35.35380348571396], [129.18194425550547, 35.35399688469392], [129.18209432364202, 35.354326148537496], [129.18213638791553, 35.354584242678605], [129.182191307288, 35.35502743958281], [129.182278768853, 35.355180185220064], [129.18255730392423, 35.35544470185425], [129.18558363506247, 35.358174568043474], [129.1863104442104, 35.3585233341805], [129.186929262783, 35.358812809598845], [129.1877058529651, 35.359152996967495], [129.18947875859308, 35.35976167094222], [129.18959077356246, 35.3597615047028], [129.18971104968327, 35.359747733688124], [129.18985614906717, 35.359703354516064], [129.18999289858505, 35.35962841097868], [129.19026223177403, 35.35949042551752], [129.19035765768228, 35.35948687448637], [129.19231755935115, 35.36020731329515], [129.1934933266998, 35.36091029052075], [129.19358066827675, 35.361005268039904], [129.1936350026787, 35.36117162301891], [129.19381505929962, 35.36186937949106], [129.19809249227688, 35.36921553472803], [129.19925140001644, 35.37492359497894], [129.19934224538562, 35.37543695697391], [129.19937257235028, 35.37562276302689], [129.19936106641444, 35.375753478348905], [129.2007032565778, 35.37520549597959], [129.20196338879495, 35.37492891356665], [129.20479042517897, 35.37078176490496], [129.20486759760075, 35.37059089468137], [129.20612534747528, 35.367194635154945], [129.20615539519326, 35.367065581256774], [129.2062699199564, 35.36571968456227], [129.20624064049653, 35.36560106376026], [129.20618201284725, 35.365477051392226], [129.2059684381545, 35.36522075624778], [129.20591402240257, 35.36506118907012], [129.20591372756095, 35.364938286712984], [129.206124377758, 35.364032354384605], [129.20619523357067, 35.36385219820048], [129.20719758981807, 35.36175919105249], [129.20839341148792, 35.35999162144336], [129.20841016629828, 35.3573547409132], [129.20840784019848, 35.357056549442504], [129.20839633159767, 35.35684585591901], [129.20836624962888, 35.35671131269273], [129.20643138325104, 35.35233402830792], [129.2042011046221, 35.34909174442778], [129.20327013967636, 35.34768632259201], [129.20278692739072, 35.34622007699467], [129.20263091556575, 35.34564746866099], [129.20257489122335, 35.345430111169776], [129.20255844473456, 35.34518670172866], [129.20255358108156, 35.344828071103], [129.20329588127962, 35.34051333446364], [129.2033627233576, 35.34029900742734], [129.2034298559973, 35.34020152210031], [129.20349316818, 35.340159216503736], [129.20362374801397, 35.34007948639855], [129.20382163950208, 35.33997529178294], [129.20506081689618, 35.339468508441705], [129.2051954481594, 35.33942608918007], [129.20812370398363, 35.33768142679312], [129.21074713079798, 35.33611412660164], [129.21068327214067, 35.33594223303333], [129.21066703688385, 35.33578970612766], [129.21080499948195, 35.333968636814625], [129.2108167230087, 35.33390370278262], [129.21085620508597, 35.333848455255165], [129.2108737944897, 35.33382384971521], [129.21171756728356, 35.3328683874056], [129.21338940882907, 35.331184215791346], [129.21357913358506, 35.330998871799395], [129.21386004034665, 35.33083124218363], [129.21391942348228, 35.33081166028893], [129.21400715307857, 35.330808383192064], [129.21430379437768, 35.33080773004891], [129.2146961486958, 35.33082164710571], [129.21504890569068, 35.33085672090778], [129.2153738667209, 35.33086588155767], [129.21554257808398, 35.33086716175815], [129.21570670087453, 35.3308507019542], [129.21868326032777, 35.329594191062405], [129.21914225702696, 35.32934830657033], [129.22021846825717, 35.32875077271331], [129.22088256445312, 35.32811368073724], [129.22513001214682, 35.32719670386748], [129.22759842289187, 35.32661308305107], [129.22976183054084, 35.32553273012805], [129.23162300829412, 35.32190830905877], [129.23186680617, 35.32143351756335], [129.2337461849296, 35.321620519671924], [129.2340543659921, 35.321333232448325], [129.23391793669725, 35.32042938308654], [129.23385498450418, 35.32022853533739], [129.2333115018422, 35.319194156822505], [129.23314473218372, 35.31903779525743], [129.23238286858833, 35.31869183228087], [129.23217065166787, 35.318637732619855], [129.2318416325155, 35.31864172468663], [129.2316136382038, 35.31868647341454], [129.23101139059852, 35.318912422528825], [129.23074570340367, 35.31906279060154], [129.23046351578125, 35.3192574670269], [129.230239722924, 35.31951675475965], [129.2300684787686, 35.31971707363651]]]]}}, {"type": "Feature", "properties": {"dong_cd": "2671025900", "dong_nm": "일광읍", "sigungu_cd": "26710", "source": "admdongkor-ver20250701"}, "geometry": {"type": "MultiPolygon", "coordinates": [[[[129.2300684787686, 35.31971707363651], [129.22948006874444, 35.31888016650842], [129.2293887168862, 35.31863725457454], [129.22938019734784, 35.31853936974746], [129.2294004151485, 35.31840090120848], [129.22956450877263, 35.318130513593324], [129.22978205847514, 35.317819513719044], [129.2301354317594, 35.317440719680974], [129.23198204433672, 35.316100295123114], [129.23233577836285, 35.31585654771537], [129.2326446465229, 35.315774928738776], [129.23319669019452, 35.31570972282744], [129.23328463739566, 35.31570616919362], [129.23354694997886, 35.315695557783535], [129.2338137485085, 35.31566343157286], [129.23388886615385, 35.315654378079806], [129.23476754297576, 35.315371895647345], [129.23539546014817, 35.315145879763996], [129.23638752378298, 35.31465700309683], [129.2368813316915, 35.314406224198535], [129.23749029601728, 35.31407754254613], [129.23781108658847, 35.31385072344601], [129.2379795781221, 35.31369171580809], [129.23876680749933, 35.312322879075104], [129.23883243122845, 35.31215906230839], [129.23887463527026, 35.312053687830065], [129.23890217608724, 35.311984922883234], [129.23894273528143, 35.31188364257798], [129.2391229206597, 35.31149503561594], [129.23971284651694, 35.310302144715145], [129.23978864269066, 35.3102197135148], [129.2399305472087, 35.31006538898353], [129.24141463531228, 35.30886731708006], [129.24275510233008, 35.30788898270402], [129.24291561457335, 35.307794552933885], [129.24298546562477, 35.30775346621656], [129.24305832485905, 35.307721564442694], [129.24312312563197, 35.30769427939484], [129.2432365729687, 35.30766519478325], [129.24336840455462, 35.30765817656875], [129.24486436063864, 35.307695683435405], [129.24518853790659, 35.30778206346749], [129.24639850411282, 35.30810446775093], [129.25159506510028, 35.30869010953354], [129.25294373867268, 35.308691748357084], [129.25296446368625, 35.30887062146147], [129.2532319616407, 35.31117924886811], [129.25439635397262, 35.31309211158647], [129.255717110197, 35.31262311286396], [129.25621594988957, 35.312445973344445], [129.25893739730103, 35.31289350401357], [129.26092095719665, 35.31524974807982], [129.26097226624918, 35.31531069404711], [129.26119738723497, 35.31557808278225], [129.2625700552092, 35.315250558821184], [129.26295449610078, 35.31515880664624], [129.26216080135978, 35.31037443082862], [129.2617626474179, 35.30939103645163], [129.26139412544342, 35.30954296402618], [129.25869486654634, 35.30625392642662], [129.25855952233442, 35.30603370752107], [129.25855106785292, 35.30593959802304], [129.2585983988115, 35.30534055919818], [129.2586737898037, 35.304998776085874], [129.2606046161535, 35.29899115510065], [129.2613658151858, 35.29756438350531], [129.26140328947906, 35.29750258851639], [129.26180320101875, 35.29749745266312], [129.26213098086535, 35.29764113912545], [129.26258600449748, 35.298108617569646], [129.26302277057295, 35.29860508761104], [129.26326444568824, 35.299082319375174], [129.2635479333688, 35.29921215973668], [129.26387781107258, 35.299211430025245], [129.26413076745183, 35.298842548770175], [129.26379159568054, 35.29632027051404], [129.26374044657584, 35.296059368603245], [129.26186273947522, 35.29371323266501], [129.2618587335952, 35.29350271334746], [129.26135585882778, 35.29057738025125], [129.26030900354343, 35.28941150725394], [129.259341388163, 35.28886700422602], [129.25824100561547, 35.28824356740517], [129.25787685595392, 35.28802387211705], [129.25773452446066, 35.28789670801708], [129.25762198745576, 35.28774392654284], [129.25753026312086, 35.28758269237369], [129.25767390790188, 35.28726755894214], [129.25902869818643, 35.284795215134366], [129.25986823523252, 35.28356424496499], [129.26028288492404, 35.282741155837826], [129.26047307465416, 35.28139070495385], [129.2601643839901, 35.280861179295435], [129.25880653663472, 35.28019063986813], [129.25806085529553, 35.28039191860337], [129.25753924261423, 35.28042840506961], [129.2571396493275, 35.280290491176736], [129.25658283888268, 35.280098302001925], [129.25611084380327, 35.27948092894172], [129.2557355148967, 35.278989968400616], [129.25538979253818, 35.277122854769694], [129.2553608760819, 35.27607955730518], [129.255649200267, 35.27572289800841], [129.2558661347657, 35.27545452936355], [129.2554721896837, 35.274203915430256], [129.25432374553816, 35.27283353398024], [129.25290604275267, 35.271173727395855], [129.25165153624008, 35.270688529240836], [129.25125833795332, 35.27064234168834], [129.25101643855191, 35.27134271731099], [129.25033978699176, 35.27167649321138], [129.24674147556723, 35.272519116761146], [129.24650306845552, 35.2725592315576], [129.24580223553707, 35.27241164814645], [129.24547086687602, 35.27223936193689], [129.24466969979184, 35.27161187159035], [129.2440609819999, 35.270855891326065], [129.24390947980388, 35.27031505419182], [129.2438919160414, 35.27025234583448], [129.24380648057831, 35.26952235181062], [129.24400295986402, 35.26875143900577], [129.24452260053792, 35.267856788650484], [129.24424241219822, 35.26638097172942], [129.2437145184345, 35.26460643022826], [129.2430999495172, 35.26363641431184], [129.2429041347168, 35.26356303024247], [129.24283203737826, 35.26362484351597], [129.24276272162504, 35.263787433234604], [129.24278556379818, 35.264170090574815], [129.24294899142362, 35.26429810928432], [129.24288105771697, 35.264511069388526], [129.24167669483884, 35.26499713462494], [129.2361217448025, 35.26472688263638], [129.23573152774142, 35.26456076598407], [129.23480914406383, 35.26355287025857], [129.2344785419474, 35.263016564291625], [129.23409245511652, 35.26239017756238], [129.23406282272663, 35.26207549143516], [129.23395436167215, 35.260922825807086], [129.23449775104808, 35.25933597711529], [129.23544980330215, 35.25838300025871], [129.23634986409678, 35.257912035665385], [129.23950154096718, 35.257506316628664], [129.23993329630923, 35.25779231219547], [129.24096416995394, 35.25852154557211], [129.24212835807532, 35.259355203114715], [129.2436814602853, 35.26010148251045], [129.24420659082318, 35.26022535916653], [129.24784404847935, 35.25964383766041], [129.25111730696813, 35.260150460109955], [129.2519668852276, 35.26021484476957], [129.25263428468577, 35.25958774569401], [129.2535677008816, 35.256790904818644], [129.25356104741624, 35.25655050189779], [129.2521419964377, 35.25593550583784], [129.25202426085662, 35.255216097575286], [129.25243914393965, 35.25371175960786], [129.25290880641748, 35.252250856249596], [129.24987388736676, 35.25312580795278], [129.24681632541157, 35.2540071797451], [129.2458186116446, 35.25370099604674], [129.24203892639187, 35.25448741976247], [129.2413212325759, 35.25518656502475], [129.24065266852836, 35.25556000179847], [129.2389120951476, 35.25585332357169], [129.2361908238174, 35.2561961415796], [129.23584818805688, 35.25621411321757], [129.2351046356291, 35.256198256038196], [129.23484048661044, 35.256025674455614], [129.23414640796187, 35.25533255418571], [129.2317532707419, 35.253753462165484], [129.2314088327924, 35.253616730639735], [129.2312822215544, 35.253595339856346], [129.23108730046295, 35.2536563019284], [129.23053973862983, 35.25395155928684], [129.23019210667434, 35.254086351017705], [129.22976534483237, 35.254208301611826], [129.22940163794834, 35.25425658919397], [129.2290114485771, 35.25425732501616], [129.2286843022244, 35.254175725507054], [129.22856806120285, 35.25409374166649], [129.22730145403477, 35.25188470691008], [129.2256608628277, 35.25149467692815], [129.22045445667032, 35.25464452056864], [129.22007321705416, 35.25489704748013], [129.21993926328693, 35.25521615387918], [129.21985792261964, 35.25553623596323], [129.21988048012628, 35.256288347014475], [129.21994147966447, 35.25649616421063], [129.22008974547003, 35.256769417035194], [129.2199740165945, 35.25728759041083], [129.2199102284096, 35.25742278604868], [129.21984095409476, 35.25748391009513], [129.21981635844344, 35.257505611625554], [129.2189855867665, 35.25790686405935], [129.21531501938242, 35.2591291776465], [129.2130984438762, 35.25951266324347], [129.21288027449518, 35.25949733985896], [129.212172514551, 35.25952080807475], [129.2119673507809, 35.25957189343776], [129.21058690696483, 35.25996142066153], [129.2103477257296, 35.26008919767008], [129.21012796557676, 35.260283515937374], [129.2094305843469, 35.26102364474016], [129.20860759714887, 35.26199077231075], [129.20848306887058, 35.26217644429499], [129.20699125883016, 35.2646758388695], [129.20699802671217, 35.26481227174167], [129.20701540043723, 35.26492078297429], [129.20707144692142, 35.265092408307], [129.2071381202827, 35.26524307719411], [129.2072928030975, 35.265519982269915], [129.20734233368407, 35.26565308156569], [129.2073684158297, 35.265814049367854], [129.20738055133447, 35.26638418146452], [129.2073723615293, 35.26652755020997], [129.20725869123964, 35.267244210420294], [129.207172203276, 35.267719644197875], [129.2069221161966, 35.268621498586455], [129.20681154899066, 35.2688801089772], [129.20671786819847, 35.26904431385121], [129.20658984108152, 35.26916649424934], [129.2064912120475, 35.26918377414725], [129.20638244709204, 35.26918354151907], [129.20006820296396, 35.2688611167134], [129.19949281129172, 35.26882819463613], [129.19900082552914, 35.268791923703795], [129.19872052949253, 35.26874563489973], [129.1984423724108, 35.26868878505701], [129.19802497188854, 35.26854380079501], [129.1959766657214, 35.26757787122199], [129.19583510443678, 35.26791334459011], [129.19575734088858, 35.2680377688914], [129.195567344974, 35.26828480603147], [129.19539789943002, 35.26847718466703], [129.19526492325286, 35.26856401706018], [129.19509519043854, 35.26863962686394], [129.19475799601219, 35.268773900462406], [129.19423939706, 35.268921609691894], [129.19402368231587, 35.2689709240116], [129.19371381445535, 35.26902227312911], [129.19337866733463, 35.26906047252691], [129.1932638716572, 35.269064421882334], [129.19310317856812, 35.26907974409886], [129.19297928319762, 35.26912513508528], [129.19290589580822, 35.269159157059434], [129.1928394450909, 35.269213889283556], [129.19272033023248, 35.26933836930393], [129.19131397698902, 35.270832226895635], [129.19109409839677, 35.271073650728276], [129.1910300320574, 35.27116415456852], [129.19098888246694, 35.27124333250325], [129.19096150907185, 35.27132247199867], [129.19093880576256, 35.27143927156947], [129.1909389784641, 35.271510833218436], [129.19101506850794, 35.27164444262893], [129.19108870209817, 35.27171212463812], [129.19115310464124, 35.271757233191146], [129.19233266881628, 35.27243526945156], [129.1927281100771, 35.27264935414037], [129.19328233964762, 35.27300067685665], [129.19347097801588, 35.27314727379404], [129.1935998135255, 35.27325254585143], [129.19372415110834, 35.273395481675585], [129.19388310478263, 35.273611825337326], [129.19402138953092, 35.273826308916945], [129.19410900539265, 35.27397307100203], [129.19415983610745, 35.27410859359732], [129.19470756775618, 35.278419517888125], [129.19470159906035, 35.27852942810627], [129.19467703250152, 35.27868536713432], [129.19447317223384, 35.27947026803431], [129.19420086718878, 35.28031532447875], [129.19253266183844, 35.28143222021363], [129.19235835720224, 35.281537268989155], [129.19219331416744, 35.281614206794956], [129.1894530713048, 35.28288735754027], [129.18935342828814, 35.28293096101892], [129.18922572140085, 35.28297589314506], [129.18911979580213, 35.2830016185929], [129.18890781401169, 35.28300449621959], [129.18867402823608, 35.28300358209811], [129.18848074037876, 35.28300132856176], [129.18825626206834, 35.28298633368058], [129.18820652720788, 35.28298132011972], [129.18791951728926, 35.28295237568146], [129.1877885793503, 35.28295001262326], [129.18768571888882, 35.28295911145247], [129.18759849349016, 35.282982252161176], [129.18743963887317, 35.283036152229805], [129.18730570165306, 35.2830874793695], [129.18720604492154, 35.28312980195799], [129.1869039716454, 35.28326060362672], [129.1847305222403, 35.28434752514135], [129.1818666218974, 35.28617525987103], [129.17956153298, 35.29127586440078], [129.17954603323096, 35.29131676396734], [129.17953423245226, 35.29136313788407], [129.17952758755405, 35.291436908347656], [129.17953399544353, 35.29150845455909], [129.17967607030351, 35.292329876716956], [129.17972950542955, 35.292527849655514], [129.1801129391887, 35.29393286213348], [129.18022606856746, 35.294335215375746], [129.18028240490565, 35.29443481699298], [129.18036687455592, 35.29456629753209], [129.18044502953452, 35.29466072828085], [129.1811076791779, 35.29542259520473], [129.18116390224466, 35.295462137151894], [129.1812107290863, 35.295485063051665], [129.18131049607214, 35.29549769529229], [129.182145108903, 35.29646886530584], [129.18301757681706, 35.29902826399267], [129.1830332781107, 35.29908191781], [129.1830365315561, 35.29913556998787], [129.18303665792087, 35.299191797298874], [129.1829159481438, 35.29958937452867], [129.18286319519663, 35.299707013434364], [129.18269859882378, 35.299996042863626], [129.18254320439567, 35.30023011960193], [129.182313227352, 35.30056267367803], [129.181334030637, 35.301909664336925], [129.18082089908884, 35.302514851059705], [129.1807026821462, 35.30264022936931], [129.18057819421375, 35.302749032832075], [129.18044431881373, 35.30283356296942], [129.18027621012152, 35.302956484204685], [129.18023886453528, 35.30298720937238], [129.17986250759859, 35.303364281286434], [129.1796515212667, 35.303630825036265], [129.17956504135216, 35.30382597195554], [129.17956355603127, 35.304013271034385], [129.1795941141016, 35.304164907880086], [129.18027520019518, 35.30520748520192], [129.1804219695562, 35.30540499950753], [129.18164662683046, 35.30599380799301], [129.18440806916556, 35.30720049849831], [129.19196386621468, 35.309478670033705], [129.1944284261519, 35.31002366089624], [129.19487521010024, 35.31007677076114], [129.19543694705342, 35.31012698309617], [129.19640246353342, 35.310087765012845], [129.196668306445, 35.31000929374155], [129.19700276463396, 35.30978273407991], [129.19718649132054, 35.30970170977667], [129.20113191946416, 35.30917385516219], [129.20127284398055, 35.30915627687233], [129.20139313413767, 35.30914511494355], [129.2102936580573, 35.30872770333107], [129.21313073201296, 35.31075938912394], [129.2131450228931, 35.31083454375336], [129.21315927755495, 35.31089233479105], [129.21326549925647, 35.31108295436128], [129.21335743724697, 35.31119843626009], [129.21590299856763, 35.31425552420984], [129.21692958193015, 35.31526875059243], [129.21697729343282, 35.31531268312656], [129.21727887527618, 35.31558738129576], [129.21737644607822, 35.315672380129335], [129.21747526293686, 35.31571845518799], [129.21768690015827, 35.31577590422195], [129.21821591945982, 35.31590792176363], [129.21835877340553, 35.31591333542214], [129.2184485258431, 35.315907504901034], [129.21872338753818, 35.315883890993206], [129.21888538601436, 35.315837331801106], [129.2191847099122, 35.3157442859804], [129.21938895649959, 35.31567454117234], [129.21999451588968, 35.31543061291184], [129.2200873663151, 35.31539155063444], [129.2201775267491, 35.31533776620393], [129.22024784315423, 35.315268253267384], [129.2204516151553, 35.315030821252755], [129.22059209200083, 35.31484554625606], [129.22068374547442, 35.31476207794063], [129.22072569063042, 35.31472388128827], [129.2208734697562, 35.314631105891394], [129.22101423408483, 35.314549896238134], [129.22114801854093, 35.314497623135914], [129.22244398396322, 35.31411944295031], [129.2233592202545, 35.314100931992265], [129.2257447144116, 35.31485252759399], [129.22756288583037, 35.315642761491034], [129.22761764194775, 35.31606803818297], [129.22766378763015, 35.31635492311349], [129.22775945130226, 35.31667209139884], [129.22919468434847, 35.31998805074188], [129.22928567527848, 35.320102654422364], [129.2294548892066, 35.32018674446581], [129.22963392238148, 35.32021641630396], [129.2298051833616, 35.32017933857666], [129.22996560961127, 35.320067625037844], [129.23008868042763, 35.31986819593646], [129.2300684787686, 35.31971707363651]]]]}}, {"type": "Feature", "properties": {"dong_cd": "2671033000", "dong_nm": "철마면", "sigungu_cd": "26710", "source": "admdongkor-ver20250701"}, "geometry": {"type": "MultiPolygon", "coordinates": [[[[129.18027520019518, 35.30520748520192], [129.1795941141016, 35.304164907880086], [129.17956355603127, 35.304013271034385], [129.17956504135216, 35.30382597195554], [129.1796515212667, 35.303630825036265], [129.17986250759859, 35.303364281286434], [129.18023886453528, 35.30298720937238], [129.18027621012152, 35.302956484204685], [129.18044431881373, 35.30283356296942], [129.18057819421375, 35.302749032832075], [129.1807026821462, 35.30264022936931], [129.18082089908884, 35.302514851059705], [129.181334030637, 35.301909664336925], [129.182313227352, 35.30056267367803], [129.18254320439567, 35.30023011960193], [129.18269859882378, 35.299996042863626], [129.18286319519663, 35.299707013434364], [129.1829159481438, 35.29958937452867], [129.18303665792087, 35.299191797298874], [129.1830365315561, 35.29913556998787], [129.1830332781107, 35.29908191781], [129.18301757681706, 35.29902826399267], [129.182145108903, 35.29646886530584], [129.18131049607214, 35.29549769529229], [129.1812107290863, 35.295485063051665], [129.18116390224466, 35.295462137151894], [129.1811076791779, 35.29542259520473], [129.18044502953452, 35.29466072828085], [129.18036687455592, 35.29456629753209], [129.18028240490565, 35.29443481699298], [129.18022606856746, 35.294335215375746], [129.1801129391887, 35.29393286213348], [129.17972950542955, 35.292527849655514], [129.17967607030351, 35.292329876716956], [129.17953399544353, 35.29150845455909], [129.17952758755405, 35.291436908347656], [129.17953423245226, 35.29136313788407], [129.17954603323096, 35.29131676396734], [129.17956153298, 35.29127586440078], [129.1818666218974, 35.28617525987103], [129.1847305222403, 35.28434752514135], [129.1869039716454, 35.28326060362672], [129.18720604492154, 35.28312980195799], [129.18730570165306, 35.2830874793695], [129.18743963887317, 35.283036152229805], [129.18759849349016, 35.282982252161176], [129.18768571888882, 35.28295911145247], [129.1877885793503, 35.28295001262326], [129.18791951728926, 35.28295237568146], [129.18820652720788, 35.28298132011972], [129.18825626206834, 35.28298633368058], [129.18848074037876, 35.28300132856176], [129.18867402823608, 35.28300358209811], [129.18890781401169, 35.28300449621959], [129.18911979580213, 35.2830016185929], [129.18922572140085, 35.28297589314506], [129.18935342828814, 35.28293096101892], [129.1894530713048, 35.28288735754027], [129.19219331416744, 35.281614206794956], [129.19235835720224, 35.281537268989155], [129.19253266183844, 35.28143222021363], [129.19420086718878, 35.28031532447875], [129.19447317223384, 35.27947026803431], [129.19467703250152, 35.27868536713432], [129.19470159906035, 35.27852942810627], [129.19470756775618, 35.278419517888125], [129.19415983610745, 35.27410859359732], [129.19410900539265, 35.27397307100203], [129.19402138953092, 35.273826308916945], [129.19388310478263, 35.273611825337326], [129.19372415110834, 35.273395481675585], [129.1935998135255, 35.27325254585143], [129.19347097801588, 35.27314727379404], [129.19328233964762, 35.27300067685665], [129.1927281100771, 35.27264935414037], [129.19233266881628, 35.27243526945156], [129.19115310464124, 35.271757233191146], [129.19108870209817, 35.27171212463812], [129.19101506850794, 35.27164444262893], [129.1909389784641, 35.271510833218436], [129.19093880576256, 35.27143927156947], [129.19096150907185, 35.27132247199867], [129.19098888246694, 35.27124333250325], [129.1910300320574, 35.27116415456852], [129.19109409839677, 35.271073650728276], [129.19131397698902, 35.270832226895635], [129.19272033023248, 35.26933836930393], [129.1928394450909, 35.269213889283556], [129.19290589580822, 35.269159157059434], [129.19297928319762, 35.26912513508528], [129.19310317856812, 35.26907974409886], [129.1932638716572, 35.269064421882334], [129.19337866733463, 35.26906047252691], [129.19371381445535, 35.26902227312911], [129.19402368231587, 35.2689709240116], [129.19423939706, 35.268921609691894], [129.19475799601219, 35.268773900462406], [129.19509519043854, 35.26863962686394], [129.19526492325286, 35.26856401706018], [129.19539789943002, 35.26847718466703], [129.195567344974, 35.26828480603147], [129.19575734088858, 35.2680377688914], [129.19583510443678, 35.26791334459011], [129.1959766657214, 35.26757787122199], [129.19518915694562, 35.26566749686886], [129.19513379381175, 35.26556210812866], [129.19504161719203, 35.26542288894782], [129.19495867894685, 35.26530624542783], [129.1948574559571, 35.26522354618306], [129.19475860098055, 35.265169081562206], [129.19322589371723, 35.26464228369618], [129.19309269177867, 35.26462368157126], [129.19292976377187, 35.26465971319051], [129.1927829339433, 35.26471268885682], [129.192110931373, 35.26502827417444], [129.19200548571678, 35.26510377819588], [129.19169388639304, 35.265379242860526], [129.18978718856232, 35.26396779469643], [129.1886234434767, 35.261118140641386], [129.18660250868942, 35.254830725285025], [129.18659775163582, 35.254762931877934], [129.18668873724977, 35.25199674860185], [129.18671205917116, 35.25185608607594], [129.1869411621324, 35.25121564132258], [129.18702347382902, 35.251021548373885], [129.1871177712625, 35.25089532019081], [129.18739205091347, 35.25062577741085], [129.1879528021816, 35.250256370376526], [129.18833065199618, 35.250047263695436], [129.1886140985507, 35.249915909031145], [129.1888592349996, 35.249835506377785], [129.18955022969965, 35.2495483358523], [129.1898336307149, 35.24940241766939], [129.19005794895637, 35.249266296650575], [129.1901907065882, 35.24916183023248], [129.1903441244651, 35.2490403490036], [129.19075686901047, 35.24858873487677], [129.19101631534824, 35.248302222656726], [129.19121087002054, 35.24807885721476], [129.1914171697449, 35.24782637679901], [129.19157327777594, 35.24759580013174], [129.1916791328286, 35.247367753413116], [129.1932740806224, 35.24312942684665], [129.1935088922695, 35.242440449244306], [129.1935763803593, 35.24223424658341], [129.19359385780297, 35.24212753852374], [129.19359757551612, 35.2420772822622], [129.19359696470596, 35.24203845274771], [129.1935697344817, 35.24191906320337], [129.19352807405215, 35.24180274082881], [129.1934273080121, 35.24168167212954], [129.19179548145846, 35.2402367692586], [129.19049537296755, 35.23779963515811], [129.18911690679727, 35.23156601561037], [129.18912334507658, 35.2314096372808], [129.189124788341, 35.23122857134968], [129.18909255858128, 35.23112397841373], [129.18762046668206, 35.229115801485875], [129.18757899130068, 35.229072211560336], [129.1875168236779, 35.22901896395588], [129.18485002132883, 35.22726802642955], [129.183075335947, 35.22689759941557], [129.18297198955443, 35.22690451916064], [129.18285205672115, 35.22689113329436], [129.18280235753912, 35.22686068203576], [129.1815638702511, 35.225868671847834], [129.18141058480427, 35.22574341565073], [129.17884627370768, 35.22350169666249], [129.1755977059123, 35.220222937845946], [129.17538610172934, 35.21988064365466], [129.17514985283023, 35.21960284938424], [129.1750380333052, 35.21950804048755], [129.17497592215892, 35.21946741921829], [129.17433871959935, 35.21923088406471], [129.17402013544134, 35.219122797882264], [129.17101387939093, 35.218626198296754], [129.17087191597838, 35.21860309873411], [129.1707056464383, 35.21859667660057], [129.17051510922954, 35.21861358404126], [129.17028413140395, 35.21868043074285], [129.17000455756306, 35.2187839369057], [129.16969672327545, 35.2189440612812], [129.16942937897784, 35.21907416990537], [129.16922271698627, 35.2191343365754], [129.1690930284448, 35.219157809077416], [129.16784038653623, 35.21930923449656], [129.1676052250182, 35.21931952972942], [129.16735787365096, 35.21931654893911], [129.1671226295473, 35.21928360086456], [129.1664249943796, 35.219178097804026], [129.16610325576477, 35.21910824853392], [129.16640185179898, 35.22083683167936], [129.16772745353052, 35.22332332568057], [129.16795838549018, 35.22375637542642], [129.1688695594756, 35.22466018364225], [129.16951380195485, 35.22608876050922], [129.16956544851277, 35.2263472923101], [129.16952368582233, 35.22675274153422], [129.16926998030365, 35.227668744179134], [129.16913404474604, 35.227864648399674], [129.1678989765552, 35.22916517665044], [129.16755334248703, 35.229490304059645], [129.16734760118234, 35.229677721426185], [129.16163548896114, 35.23393790292121], [129.15794728542687, 35.23534553754519], [129.15789619580934, 35.23537135558983], [129.15684126972616, 35.23590462136917], [129.15513091694905, 35.237010450810004], [129.15513580612668, 35.23715095679946], [129.15521229318992, 35.23934327707273], [129.15569070203927, 35.24327102192388], [129.1554172598783, 35.244203200700156], [129.15496231726954, 35.24505499361861], [129.15428703736447, 35.24552380378291], [129.15029913467006, 35.247497250232804], [129.1499596651317, 35.24761368700551], [129.1495955963903, 35.247626538348406], [129.1492550683955, 35.24759183385411], [129.1482240401819, 35.24731069327115], [129.14811870309077, 35.247270347106166], [129.1473373844891, 35.24873662642424], [129.14722855879637, 35.2489003233757], [129.14706295933507, 35.24914587416649], [129.14698249837718, 35.249251117491845], [129.1468404501671, 35.24939928671586], [129.14666040468623, 35.24952800830936], [129.14558001009738, 35.25023030815782], [129.14535031597129, 35.25031859189282], [129.14428701915543, 35.25072721185762], [129.13923516551816, 35.25415543112416], [129.13962571427928, 35.255791641737666], [129.14000945199842, 35.25715684534395], [129.1402006322198, 35.25742768601486], [129.14104283966108, 35.25921975866469], [129.14112584754795, 35.259433376603134], [129.14114511819687, 35.259542806036634], [129.14114530523602, 35.25965226986534], [129.14110738181745, 35.25978261381232], [129.1410733050881, 35.25987085402106], [129.14106307447227, 35.25989733159431], [129.14101241857486, 35.26001207867974], [129.14098462198993, 35.2600525373307], [129.14092997987927, 35.26013205327835], [129.14088460953835, 35.26016255971526], [129.1408600692582, 35.26017905792926], [129.14080688562555, 35.26019075244183], [129.14066947668397, 35.26022096092185], [129.1403834887768, 35.26027862038307], [129.1399322186435, 35.2603312693902], [129.13955718107562, 35.26035775647841], [129.13951493225343, 35.260356363632006], [129.13940459689405, 35.26035272353695], [129.13888944883934, 35.26023341380608], [129.1386858867778, 35.260160687432695], [129.13850137042598, 35.260067072763015], [129.13830411835394, 35.25996304751959], [129.13815403165975, 35.25988125458193], [129.13807504703126, 35.25983821876357], [129.13774424464333, 35.25970304629221], [129.13743259170406, 35.259620006412696], [129.13662493495556, 35.25944369348055], [129.13642782163583, 35.25942826708823], [129.136243463469, 35.25942847528635], [129.13593198184407, 35.25943924869372], [129.13540435423826, 35.25946068629814], [129.1317370063714, 35.25995466079922], [129.13020504703502, 35.26005010839832], [129.12962717281457, 35.26046249672255], [129.12941755881835, 35.260572183972045], [129.1290427766355, 35.26076022933828], [129.12638072416402, 35.26186802676442], [129.12627918719969, 35.26189588575297], [129.1260057101869, 35.2619048939383], [129.12563694645215, 35.26189484052232], [129.12467050287623, 35.2618124401677], [129.12273260431837, 35.26159863637147], [129.12263640804633, 35.261574919513215], [129.1224637721463, 35.26153233707611], [129.12224735669398, 35.26145492728653], [129.1220670095883, 35.26138485291269], [129.12156227007145, 35.26116426739813], [129.12135906170255, 35.26105652548217], [129.12099375727453, 35.26085355726698], [129.12008273243816, 35.26031155040715], [129.12001639178973, 35.260434762162184], [129.11979749973526, 35.26095271149442], [129.11966278537707, 35.26128558862785], [129.11937556449044, 35.262091814795056], [129.1193757241296, 35.2621990470576], [129.12093440132557, 35.26801670816973], [129.12137055456571, 35.2695878031311], [129.12201561317232, 35.270832802578305], [129.12213301515263, 35.27097689052965], [129.12225938390688, 35.2710987594124], [129.12234818949523, 35.27116740579328], [129.122421810577, 35.271224298095454], [129.12253192737427, 35.271268570005944], [129.12262017664477, 35.27135356301707], [129.12264262711363, 35.271375185618254], [129.12316634731783, 35.271922763337166], [129.12439252090897, 35.2733222447393], [129.1245176629728, 35.27355595798249], [129.12463686526314, 35.27378728052785], [129.12492930260498, 35.274629847017344], [129.12542570172567, 35.27672189588661], [129.12513646646565, 35.27840624844063], [129.12473248626725, 35.278808702503305], [129.12438996380877, 35.279188542225086], [129.12430567651677, 35.279304708758126], [129.12428015018756, 35.27933989046799], [129.12425310038435, 35.27938395607422], [129.12419620349647, 35.279476649868904], [129.1239255248229, 35.28028762141531], [129.12392570269233, 35.28040703340495], [129.12396467606806, 35.28049456929267], [129.12404248302073, 35.28057409878217], [129.1249144280386, 35.28138922830879], [129.1256891772073, 35.28213411105644], [129.12585778047838, 35.28233032294198], [129.125971286278, 35.282465528822634], [129.12640585268923, 35.282999800521075], [129.12645410039556, 35.2830946046532], [129.12648704297447, 35.283180180467475], [129.1274491191427, 35.28572407279125], [129.12982913025536, 35.29033234100405], [129.12993864833788, 35.29301791819948], [129.12999509096898, 35.296628815389816], [129.12997566998703, 35.29711687125482], [129.12995867773353, 35.29719684214327], [129.1298754556232, 35.29758846423574], [129.1296819424167, 35.29796729900834], [129.1296640671979, 35.29800227229718], [129.12747142572286, 35.29911273259258], [129.12582466786807, 35.29989037054501], [129.1221996117302, 35.301502253458665], [129.12143260225682, 35.30176772063749], [129.12083475858412, 35.30193077171007], [129.11601776526172, 35.30218221244042], [129.110445629531, 35.30442974865163], [129.1089184004478, 35.305068397078145], [129.10960668623102, 35.305436734598516], [129.11042351016636, 35.305969197083336], [129.11097579776109, 35.30661032919354], [129.11164595207669, 35.308769606804574], [129.1117072220087, 35.30921690079907], [129.1117964033179, 35.31020161963352], [129.1119199725183, 35.31156634849884], [129.11191520181717, 35.311677793089004], [129.11189324945653, 35.312189927981066], [129.1119127103604, 35.314340753544165], [129.11193588751783, 35.31515408156861], [129.1120806307746, 35.316152545760936], [129.11222526176803, 35.31706065227613], [129.1124689747195, 35.31783310726383], [129.112717857102, 35.31834799677575], [129.11330955232535, 35.31949516260384], [129.11364647170709, 35.319847303376996], [129.114673055917, 35.3203885665061], [129.1156830917955, 35.32091629282196], [129.1179847406423, 35.32214766025317], [129.11847606676884, 35.32246347291058], [129.11901775871806, 35.32328082355125], [129.11933292847897, 35.32382274749584], [129.11954890122536, 35.32442350119658], [129.1196545328304, 35.32499724496774], [129.11966055868825, 35.32534517769477], [129.11973844448463, 35.32581050989936], [129.1198994633415, 35.32653784360796], [129.12012112411475, 35.327242522635444], [129.12047915458868, 35.32817607603315], [129.12058729709565, 35.328418237969636], [129.12087486299632, 35.32891818019736], [129.1211604663908, 35.329254230014435], [129.12131887108447, 35.32939516987525], [129.12169461489518, 35.3295686589495], [129.12205988403713, 35.329702258400296], [129.12239204075993, 35.32977745633848], [129.12273191396739, 35.32986247428575], [129.12287298497844, 35.329915249916866], [129.12329461445995, 35.33010045766779], [129.12419002909073, 35.330496820151566], [129.12453007901797, 35.33065985458941], [129.12467065518163, 35.33073395154139], [129.12482033814302, 35.330848906036856], [129.1252355107691, 35.331245746109495], [129.12551682989294, 35.33152020217921], [129.12572107674072, 35.33175017560019], [129.12583913293003, 35.33192456394685], [129.1259959011558, 35.33221770413539], [129.1260686821127, 35.3324032758552], [129.12623258259072, 35.332926602282875], [129.1262531483939, 35.333041681864465], [129.1262625522677, 35.33325700157776], [129.12624932399237, 35.33349094036074], [129.12621344579614, 35.33373229820285], [129.12612104479757, 35.33404799118508], [129.12605331863367, 35.33420398556126], [129.12593140643716, 35.334475139217425], [129.12579593058192, 35.3347723043703], [129.12563096500182, 35.3350509347893], [129.12546825750675, 35.335318434450315], [129.1252287625019, 35.33575306057601], [129.12510395469732, 35.335998096804715], [129.1250503849573, 35.33613567226821], [129.12503250832583, 35.33630276764013], [129.12506006383197, 35.3365514972319], [129.12507840236034, 35.33668141975011], [129.12593237985197, 35.341035631161546], [129.12597335074753, 35.341158121100435], [129.12604157271775, 35.34132511561375], [129.12619380965572, 35.34160713364111], [129.12631194199543, 35.34181492417738], [129.12640272529484, 35.34191506801158], [129.12647984030667, 35.34197441297131], [129.1265796521781, 35.342048542909595], [129.12670667400502, 35.34213754037027], [129.12689261846577, 35.34224129931549], [129.12719875725048, 35.34241176258914], [129.12758878566575, 35.34263040405172], [129.12799699452938, 35.34287502602709], [129.12822382137688, 35.3430418650461], [129.12830101349843, 35.34313832095349], [129.1283373748687, 35.34321253704454], [129.12833983991686, 35.34334248609862], [129.1283400599443, 35.34348727551419], [129.12832663705538, 35.3435949597565], [129.12829056237226, 35.34371009595886], [129.12823595784576, 35.34379705435984], [129.12932412155652, 35.343965896849014], [129.13106673728373, 35.34385974457643], [129.13167020824488, 35.34382170750509], [129.13186431589602, 35.34380946499829], [129.1322596983557, 35.34374864991791], [129.13258128684237, 35.34365497288271], [129.13369281209992, 35.34294006528765], [129.13463158902297, 35.343158617503434], [129.13483272026411, 35.34318585960536], [129.1349742395603, 35.343173283105536], [129.13502037412812, 35.343169173472205], [129.1351074673686, 35.3431416314015], [129.13776499367677, 35.341991318443576], [129.1400351489408, 35.34083335246381], [129.14029298662942, 35.34067373733601], [129.14069192192954, 35.34034465664769], [129.1416306895618, 35.33895639750407], [129.14178163362033, 35.33860783041194], [129.14180634487272, 35.33844040311763], [129.1419885912228, 35.338174772408735], [129.14238812755633, 35.33786952551698], [129.1426902175573, 35.33773298465692], [129.14624872323236, 35.33633414006697], [129.1467127340363, 35.336266298389866], [129.1473386661379, 35.33626713033683], [129.14774492018844, 35.336482879871966], [129.14812108936752, 35.336682661258415], [129.1484177483228, 35.336892114275734], [129.14869716618125, 35.33718401583717], [129.14873209342318, 35.337220503709325], [129.14898321207653, 35.337359192073706], [129.14915654379095, 35.33730840463399], [129.15122785627824, 35.33617792335262], [129.15158217774638, 35.33494015019474], [129.1519971468576, 35.33322245755964], [129.1524977881151, 35.33023820214011], [129.15261503721817, 35.32597306222197], [129.15256234029718, 35.32589934724929], [129.15206558639179, 35.32481633383935], [129.15204060731645, 35.32474369941725], [129.15203899378074, 35.324653429185325], [129.1520509113041, 35.322973377905775], [129.15207280098446, 35.32263059455145], [129.15209506029723, 35.322486069658325], [129.15210994903873, 35.322415332679945], [129.1521174014097, 35.32238768332969], [129.15220345620347, 35.32222155936374], [129.15319549555278, 35.32110055696773], [129.1532377516349, 35.3210556316932], [129.1532592056548, 35.32103283687123], [129.15334917193363, 35.320958940693465], [129.15350015419324, 35.320874225854645], [129.1535939439581, 35.320827995090255], [129.15370278436998, 35.32080019112083], [129.1538429557192, 35.32077146975383], [129.15396179694895, 35.32076297650916], [129.1540790343973, 35.320760481605376], [129.1547180193315, 35.31757028044902], [129.15465018318048, 35.31743509248635], [129.15408891410215, 35.31597710992321], [129.1534144855284, 35.31371536276209], [129.15339651128352, 35.313643162788516], [129.1533888910926, 35.313581679735044], [129.1533615125125, 35.31098481911349], [129.15336111265074, 35.310772691860244], [129.1533906854786, 35.31052671628454], [129.15352860821022, 35.30999702704344], [129.15362576329744, 35.309750988050155], [129.1536761218953, 35.30965614534377], [129.15374174240105, 35.30953256720427], [129.15377064251425, 35.30949792565917], [129.15392154884054, 35.30931712370929], [129.15405121125866, 35.30918600035147], [129.15410517253025, 35.30914167827299], [129.15423206868408, 35.309040068577396], [129.15429167548325, 35.308992348680164], [129.1544753929085, 35.308866079474605], [129.1545271706291, 35.308832239921834], [129.1546450742992, 35.30875519539044], [129.1547667678212, 35.30870627931846], [129.1548138907962, 35.30868734684062], [129.1550615561794, 35.308619389673105], [129.1552079075191, 35.30858847178148], [129.15536558635097, 35.30858211882604], [129.15548573114535, 35.308585043808705], [129.1557006715184, 35.30859091329995], [129.15587338403301, 35.30859684868567], [129.15604610390943, 35.30860584185577], [129.15680189031485, 35.30873092111803], [129.15697464917335, 35.308764509105984], [129.1570760983873, 35.30880742370945], [129.160053486823, 35.31034833289593], [129.1620941056473, 35.31228850855668], [129.16219943051956, 35.312386738117915], [129.16231592375726, 35.31244807861981], [129.1624295781641, 35.31248173655143], [129.16255725844826, 35.31250001002474], [129.1626548935912, 35.31250909845744], [129.16278429380523, 35.31248576489789], [129.16282002007765, 35.31247507133832], [129.16285865132645, 35.31245390664038], [129.16367919443405, 35.31169307259981], [129.16365537186059, 35.311046776001746], [129.16452084642475, 35.307810036697994], [129.1645470227691, 35.30775774943017], [129.16459946928074, 35.30769619114011], [129.16466316167333, 35.30763769298765], [129.16481694685748, 35.307569856340514], [129.16493331088608, 35.30756047518828], [129.16947203785955, 35.30746202157926], [129.17057888838846, 35.30680687736765], [129.17164778845034, 35.30618628308989], [129.1745856863025, 35.30448923688401], [129.17477935537906, 35.304443205955394], [129.175114190606, 35.304378139639624], [129.17714030992417, 35.30428643560373], [129.17753699460619, 35.30431274691364], [129.17765598772877, 35.30432063986168], [129.17792541615114, 35.30438482976825], [129.17909217091434, 35.304789427533194], [129.18027520019518, 35.30520748520192]]]]}}, {"type": "Feature", "properties": {"dong_cd": "2623077000", "dong_nm": "범천1동", "sigungu_cd": "26230", "source": "admdongkor-ver20250701"}, "geometry": {"type": "MultiPolygon", "coordinates": [[[[129.0633341325516, 35.14869346032267], [129.06327678979991, 35.148554072419735], [129.06312487819224, 35.14818479649963], [129.06317430744275, 35.14453931453527], [129.0631930488066, 35.14374002665285], [129.06319730675162, 35.143558435524035], [129.0634292094103, 35.14295469309418], [129.06350349096118, 35.142766792226794], [129.06363840016883, 35.142577508360105], [129.06399170164553, 35.142081849796156], [129.06448312933315, 35.141392386501934], [129.0589289667993, 35.14149126488113], [129.05726691852584, 35.142027059676465], [129.05724629568783, 35.14885084944268], [129.0572228491494, 35.14939350184629], [129.05714972737695, 35.149845583315695], [129.05700864775724, 35.15054706480639], [129.06238441539764, 35.15060948487617], [129.0633341325516, 35.14869346032267]]]]}}, {"type": "Feature", "properties": {"dong_cd": "2623078000", "dong_nm": "범천2동", "sigungu_cd": "26230", "source": "admdongkor-ver20250701"}, "geometry": {"type": "MultiPolygon", "coordinates": [[[[129.05059000704333, 35.15700899673491], [129.0498524981035, 35.15526250717726], [129.0526245277886, 35.153850769132184], [129.0549126554299, 35.15173310395606], [129.0563518590983, 35.150887138096564], [129.05700864775724, 35.15054706480639], [129.05714972737695, 35.149845583315695], [129.0572228491494, 35.14939350184629], [129.05724629568783, 35.14885084944268], [129.05726691852584, 35.142027059676465], [129.05671846682495, 35.14205848770075], [129.05655457726817, 35.14207158679492], [129.0548523468793, 35.1419147243636], [129.05253200679826, 35.1420852694895], [129.0520636062622, 35.14218901643209], [129.0517334955218, 35.14230460021694], [129.05170601798397, 35.14232528076374], [129.0516612984889, 35.14235895885646], [129.05163772884796, 35.14240643028045], [129.05162420489373, 35.14243366893162], [129.05156858054104, 35.142596663988606], [129.05089417832392, 35.143316731114304], [129.05084673457657, 35.14335069263142], [129.0506445574009, 35.14345943346035], [129.04670329378115, 35.14542735498285], [129.04631209110994, 35.14560638503994], [129.045301790826, 35.14598227385517], [129.0452237803764, 35.14599957814774], [129.04462507617558, 35.14607027906228], [129.04446906270002, 35.14608253660149], [129.0421477552724, 35.146103953267755], [129.0417553476319, 35.1461925281299], [129.04171789152448, 35.14619255039525], [129.04162326583617, 35.146192593302644], [129.04122079602817, 35.14612820717722], [129.04101033045038, 35.14608658927219], [129.04089357733665, 35.14606350182833], [129.04043630562114, 35.14561747178801], [129.03940153148486, 35.144480031225214], [129.0391302421644, 35.14397362013774], [129.03906690220862, 35.14362265635704], [129.0390617013693, 35.14354255017697], [129.03914671729234, 35.14342038091123], [129.03921083326543, 35.14329848253173], [129.0392362790498, 35.143225211606584], [129.03931962007985, 35.142824175024224], [129.03936863126353, 35.142582764130054], [129.03920935201256, 35.14170096076873], [129.0389821436774, 35.14108810358932], [129.03892744027934, 35.14094327189362], [129.0388412196319, 35.140780343006284], [129.03880779358678, 35.14071718043759], [129.0386777820528, 35.14055082248413], [129.0383645870506, 35.14017174956367], [129.03803091176087, 35.13984508144241], [129.03774033358795, 35.139624399032584], [129.03739092998867, 35.139408562001435], [129.0376207255575, 35.13973271221108], [129.0382860422152, 35.1415404625215], [129.03844684899755, 35.142055777583664], [129.0384751578596, 35.14227802169252], [129.0384527974316, 35.14258867487487], [129.0383302857098, 35.14288319414185], [129.03830319033213, 35.14292233366254], [129.03826490816866, 35.14419772467916], [129.03828540104763, 35.14451976375617], [129.0383159979615, 35.14489241273038], [129.03836680356338, 35.145098502725574], [129.03872475285303, 35.14619972521129], [129.03927531516754, 35.14724256312965], [129.03985863538117, 35.14787942258688], [129.04066774699146, 35.14839029267532], [129.041001349266, 35.14958034160083], [129.04241077009345, 35.150720857069736], [129.04422272750986, 35.15202869728427], [129.0442840900832, 35.15205045078079], [129.04555704121915, 35.15283689066945], [129.0456694908273, 35.152910281389524], [129.04574365066742, 35.15301098169255], [129.0458127136135, 35.15315154314386], [129.04587260967324, 35.153313831317234], [129.04612707354207, 35.15414931602217], [129.04593987093224, 35.156655778683216], [129.04941263478068, 35.157313380833166], [129.05059000704333, 35.15700899673491]]]]}}, {"type": "Feature", "properties": {"dong_cd": "5275025000", "dong_nm": "임실읍", "sigungu_cd": "52750", "source": "admdongkor-ver20250701"}, "geometry": {"type": "MultiPolygon", "coordinates": [[[[127.32022638679737, 35.65092258326647], [127.32001174172048, 35.650805269680504], [127.31975492280368, 35.65058558649495], [127.31963362371313, 35.65040493243948], [127.31953367364072, 35.65020782095402], [127.31945495256966, 35.64995917789662], [127.31929148808618, 35.64928042366533], [127.31926427788454, 35.64915638040527], [127.31890065476367, 35.64533060920276], [127.31890983123009, 35.645277047177586], [127.31667444971262, 35.642742318473566], [127.31044907054753, 35.63663228344182], [127.3083770428647, 35.63499652904243], [127.30829237351479, 35.63497095343689], [127.30790871970407, 35.634911011148475], [127.30738025408425, 35.63482953023773], [127.30723090738694, 35.634837202396874], [127.30709519209842, 35.63488757659356], [127.30679267688606, 35.63505668989246], [127.30646789951734, 35.63520758133095], [127.3061094857494, 35.63533953184339], [127.30592011180977, 35.63536093315004], [127.3055767297862, 35.63532538197871], [127.30317634822418, 35.635055622306815], [127.29960115846421, 35.634091591070835], [127.2974741617038, 35.633455398248664], [127.29726400051129, 35.633377677959665], [127.29705782764502, 35.63330004967919], [127.29681194389305, 35.63314644435033], [127.29544824449376, 35.632196849108034], [127.29505498886316, 35.63188841223941], [127.29486014394796, 35.63170899169017], [127.294499536967, 35.631364035938475], [127.29434941326215, 35.63121876140297], [127.29419272271788, 35.63105430552125], [127.29406366132015, 35.63090040537404], [127.29398591831901, 35.63080317217177], [127.29394228052193, 35.63070259353738], [127.29355743749917, 35.629743168051085], [127.29353441239486, 35.62948184537143], [127.2943340388054, 35.62776746828294], [127.29491868536574, 35.62764888471596], [127.2955380313916, 35.62796282389407], [127.29604793340289, 35.62853839892251], [127.29626389963623, 35.62892869751654], [127.29669286346387, 35.629703929971974], [127.29828279983731, 35.62956158878437], [127.29852080427011, 35.62953215873834], [127.29874675875168, 35.62949601786163], [127.29922974634789, 35.62940982370733], [127.29962658766551, 35.62931412434978], [127.29975804531118, 35.629280082993056], [127.29987633973933, 35.6292358048524], [127.30006857194262, 35.629157741033076], [127.30028119771883, 35.62906977455055], [127.30554578946185, 35.62686397240788], [127.30560452508212, 35.62680677823404], [127.30565212532701, 35.62675554850799], [127.30568865724217, 35.626665243286226], [127.3056992703484, 35.6265510232959], [127.30568748342795, 35.626355745006066], [127.30565721981976, 35.626145370351246], [127.3053331063295, 35.624655486065365], [127.30527371138037, 35.62453837134801], [127.3051591275004, 35.624421483837324], [127.30499659099185, 35.62428958910269], [127.30486358045302, 35.624175731678186], [127.30468803415357, 35.62399285243302], [127.3046135851605, 35.62380369914934], [127.30451082574682, 35.623395209753106], [127.30448767196324, 35.62310975327836], [127.30448308294483, 35.62239143419828], [127.30449011180552, 35.62229524771985], [127.30450083895867, 35.62221401929425], [127.30506987455719, 35.620286007031574], [127.3062491776484, 35.61862702317243], [127.3062525803751, 35.61856086556189], [127.30552927174138, 35.61666918143249], [127.3049413732805, 35.615050695441425], [127.30491698293719, 35.61490645677853], [127.30558488244542, 35.61336592724583], [127.30564330632718, 35.61323356447937], [127.30573876030917, 35.613170234073195], [127.3058600454227, 35.61310674504606], [127.30691895040862, 35.61272840965398], [127.30813153134419, 35.61256905566756], [127.30828790338605, 35.61253260195794], [127.30847169929162, 35.612453996174054], [127.30869190528156, 35.61228506912506], [127.30974885598776, 35.611374691806766], [127.31192820094229, 35.608946623334276], [127.31194070109771, 35.60883835989351], [127.31090942403567, 35.60490673116228], [127.31040523038395, 35.603023526914114], [127.30894863307326, 35.60008267998386], [127.30720268443086, 35.596443941692854], [127.30712175687846, 35.59623135380304], [127.30710330799083, 35.596169662000186], [127.30697630303541, 35.59555971818593], [127.30694819451541, 35.5953925111044], [127.30693693987911, 35.595250509688064], [127.30694166497115, 35.595069247015324], [127.3069476258832, 35.59503992937855], [127.30702741842613, 35.59478322473613], [127.30706109613334, 35.59470111456388], [127.30715021696571, 35.59451811601303], [127.30722724861322, 35.59440274191921], [127.30736996969631, 35.594152641286875], [127.30741917013094, 35.594017900135746], [127.30740608984905, 35.59396264121859], [127.30737765592399, 35.593912686535475], [127.30622524514678, 35.592232096685855], [127.3058638994569, 35.59174843779282], [127.30493138498454, 35.58943272920698], [127.30486260500611, 35.58930608149088], [127.3047785275879, 35.58918652391182], [127.30473351781622, 35.58913181795326], [127.30426777589692, 35.588661717083475], [127.30421839323671, 35.588617954421586], [127.3030601759139, 35.58787702272495], [127.30302245323496, 35.5878529707574], [127.30298951064233, 35.58783636614361], [127.30294796474021, 35.58782027221866], [127.30289725500016, 35.58780550495614], [127.30279379314742, 35.58778422077183], [127.30197597169537, 35.58767627908409], [127.30069256841348, 35.5848248442927], [127.29919150911493, 35.582537858916524], [127.29917167924208, 35.58251573081501], [127.29913318712765, 35.58248745297902], [127.29817593123367, 35.581998416375946], [127.29812155952139, 35.58197261191662], [127.29802754468277, 35.581942908977915], [127.29794706245448, 35.58192786792818], [127.2978227794005, 35.581912855252945], [127.29762464784055, 35.58194769183487], [127.2975661319037, 35.58196658153731], [127.29738127672306, 35.582041838684276], [127.29722268632935, 35.58209632321603], [127.29715637350452, 35.58211909385154], [127.2970689625129, 35.582141027360805], [127.29649045154517, 35.58224438797064], [127.29623030029983, 35.58227748823818], [127.29617999757956, 35.58227993684185], [127.2959876685298, 35.5822731817696], [127.2959139354082, 35.58226175560409], [127.29352845497931, 35.58170217239035], [127.29347389079346, 35.58168364186522], [127.29343929004366, 35.58166634472906], [127.29341032090755, 35.581646766128756], [127.29338884064781, 35.5816276097097], [127.29332713887568, 35.58155745612931], [127.29104583284376, 35.578145381197224], [127.28951291503475, 35.57547202620985], [127.28913944213137, 35.57361514618632], [127.28796329504165, 35.568358975318716], [127.28790924185981, 35.5682321117334], [127.2860131779897, 35.56540826213394], [127.28511801636742, 35.56449393268061], [127.28416738224207, 35.56379425135429], [127.28379480626882, 35.56364721676925], [127.28367733704873, 35.56358711072595], [127.28308218677483, 35.56318858698936], [127.28294672808516, 35.56309310647893], [127.28267334917096, 35.562891755264914], [127.28244072917687, 35.56270484400149], [127.28221830091525, 35.56249914030567], [127.27723495243313, 35.55547679738108], [127.27716218135555, 35.55535284529764], [127.27633507849282, 35.55305058087008], [127.27625490613424, 35.55269881022912], [127.2762499036523, 35.55259356286967], [127.27626812767629, 35.5525370951007], [127.27685689099093, 35.55122346914855], [127.2769156082551, 35.55112676119077], [127.27696666319873, 35.55104267669182], [127.27705374464614, 35.55096732734128], [127.27813200359223, 35.55025417914932], [127.2781667339038, 35.55023557688597], [127.27822380810626, 35.5502050308476], [127.27833858024873, 35.550163398555824], [127.27429717912781, 35.54255956710146], [127.27211351502517, 35.53921168912253], [127.2716443604355, 35.5383285900521], [127.2709705337647, 35.53706013792541], [127.27061627152038, 35.5360846773021], [127.27016924899456, 35.534853764752576], [127.26984002396449, 35.534719033638495], [127.2688111572722, 35.53429797691714], [127.26823765926143, 35.53426319823941], [127.26745766193696, 35.535130171253435], [127.26688413287881, 35.535086364947794], [127.26551522078148, 35.53310038495544], [127.26450216049525, 35.531630613284236], [127.2630568939112, 35.53136336116737], [127.25926470089915, 35.5247019414674], [127.25741010418956, 35.523948788527214], [127.25494648136895, 35.5258467216252], [127.25346645510528, 35.52852668148533], [127.25223049251221, 35.53171983371099], [127.24771336149895, 35.533831681963555], [127.24546688150735, 35.53554047644443], [127.2448218736896, 35.5358127595096], [127.24462999500476, 35.53585592524783], [127.24431550961846, 35.53575673351144], [127.24417526836635, 35.53555735562311], [127.24401723311742, 35.535243922025515], [127.24382312411828, 35.53454549956465], [127.24357799148306, 35.53428928729174], [127.2429841441551, 35.53416213146657], [127.2426002496935, 35.534198549573276], [127.23909569431405, 35.53549616386344], [127.23808489955672, 35.536040080217646], [127.23726606236772, 35.53656936034194], [127.2370053641947, 35.53695493020971], [127.23688446824528, 35.53739726026001], [127.23688534460071, 35.5376967478993], [127.23686905982372, 35.53809611110502], [127.23679985907539, 35.53831016311968], [127.23660892329744, 35.538681319710726], [127.2364695763897, 35.53878143593922], [127.23626035352753, 35.5388674054396], [127.23571891651089, 35.53876148956717], [127.235055069442, 35.538577391716586], [127.23467039443864, 35.53834994968578], [127.23428558908992, 35.53807973496282], [127.23234466407324, 35.53690689251993], [127.23110403891123, 35.53645289844632], [127.23037054219942, 35.536311683713045], [127.22977702132711, 35.536298549880804], [127.22911384882934, 35.53634257888561], [127.22845071471619, 35.536400864994626], [127.22664627163329, 35.536637507655804], [127.22654803160088, 35.537889152294134], [127.22665206652898, 35.53871096488863], [127.22697087558691, 35.53952311553194], [127.22747128320435, 35.540598171559026], [127.22878771863907, 35.54239669330757], [127.22924314807963, 35.54353647784546], [127.22952825135872, 35.54440409944623], [127.22954197423908, 35.545263023129145], [127.22971248003003, 35.54558596235882], [127.22993920645428, 35.54580256652774], [127.23032414825154, 35.54599578981126], [127.23073144033924, 35.5460966227548], [127.2312288741362, 35.546095675790355], [127.23225769997657, 35.546098326944815], [127.23301534580307, 35.54616152608287], [127.23358081792654, 35.54622508769791], [127.23422619090121, 35.546556330703844], [127.23473678331105, 35.54718800517174], [127.23604210366537, 35.548958769809815], [127.23882327516903, 35.55275850926148], [127.24034547138054, 35.555161453321496], [127.24075527249776, 35.55608422198617], [127.24090423754289, 35.55674890637801], [127.24108890229225, 35.558009236547974], [127.24112372815353, 35.55831395174256], [127.24101141202463, 35.558563540967455], [127.24079735261354, 35.55883180833282], [127.24053825316777, 35.559155575499204], [127.24034705827333, 35.559506914061], [127.24025715333033, 35.55969182620192], [127.24025764650074, 35.55985805955308], [127.24116752909869, 35.561634159790714], [127.24142862725675, 35.561975367049776], [127.24251759312426, 35.5631138126712], [127.24281280718085, 35.563519601483485], [127.24330202958726, 35.56450685846855], [127.2441702855227, 35.56743750588132], [127.24421662792953, 35.56780683884337], [127.24416075232506, 35.56802861972684], [127.24398080032826, 35.56835223169479], [127.24357437763362, 35.5685839483579], [127.24312247293622, 35.56873263239136], [127.24244426443676, 35.56884018930668], [127.24161933800407, 35.569045036829074], [127.24114507522646, 35.56928611501432], [127.24070538881679, 35.56973954528587], [127.24037696426961, 35.570263850202906], [127.24021014401075, 35.57053018713127], [127.24006531943675, 35.57126933375025], [127.23992270609568, 35.572756577738204], [127.23967542296305, 35.57326965945073], [127.23822172935056, 35.575045810164035], [127.23748913515118, 35.575910789675575], [127.23692554181349, 35.57655840729658], [127.23672271596386, 35.576817422902415], [127.23663288524037, 35.57703923935273], [127.23657720819824, 35.577334909175356], [127.23657790975999, 35.5775750240887], [127.23665359542248, 35.58025788687199], [127.23673364024442, 35.58055328860836], [127.23697208006678, 35.58086684639329], [127.23774277310125, 35.58140562488461], [127.23815118615968, 35.581820430680104], [127.23827458161674, 35.5820026146181], [127.23828793380594, 35.58217113842616], [127.23733234591197, 35.58415408894014], [127.23700558253117, 35.584579574635356], [127.23614826719309, 35.58537552924876], [127.2345908765048, 35.58660230525884], [127.23380050538516, 35.58709331852235], [127.23366183383993, 35.58714433608522], [127.23282876329789, 35.5874507730051], [127.23177796719258, 35.58785915302164], [127.23009764282102, 35.58964948217364], [127.22869930399803, 35.59117605235182], [127.22849646929676, 35.59145350114233], [127.22845172498292, 35.591629069296545], [127.22861112011125, 35.591993568784346], [127.22898674514565, 35.592814859083056], [127.22903330214615, 35.59327656195268], [127.2289666580398, 35.59371076322292], [127.2285157617147, 35.59427500312368], [127.22800432859493, 35.59460838633729], [127.2278834264215, 35.594687191906594], [127.22756720094385, 35.59487249551749], [127.22678745063774, 35.59516026343562], [127.22631072304577, 35.59532244297182], [127.22573638070172, 35.59551780651524], [127.22544278912117, 35.59571231679683], [127.22509336901163, 35.596165516351114], [127.22481168109708, 35.59657240561541], [127.22458658026527, 35.59698844454268], [127.2237857327293, 35.597839616426654], [127.22367325075668, 35.598075333373], [127.22376433547689, 35.59828759166025], [127.22438802766271, 35.59882211108489], [127.2247173447629, 35.59926482438797], [127.22480893719892, 35.599661805198934], [127.22468524765229, 35.59992985498161], [127.22383453545399, 35.601327504420944], [127.22430639760249, 35.60202247822912], [127.22599091421826, 35.605644411461405], [127.22648341312366, 35.607790813097836], [127.22921818813548, 35.61061643430442], [127.22929837858865, 35.610967244390835], [127.22928785010187, 35.611244339135375], [127.22924396050401, 35.61172930543488], [127.22689411840435, 35.61303136867268], [127.22436035707868, 35.617395364584986], [127.22429080494403, 35.61756695236222], [127.22425920600435, 35.61764491592522], [127.22421015002196, 35.617857713510375], [127.22416975613159, 35.61803298896209], [127.22455947567525, 35.619828618702215], [127.22547697026953, 35.62015018830385], [127.22646372991028, 35.62069218172789], [127.2276303451167, 35.62133295800626], [127.23331038468466, 35.62501184630691], [127.2367471579281, 35.62767893873439], [127.23898920991262, 35.62960250795642], [127.23986524877512, 35.630122988705075], [127.24071867665529, 35.630208318337694], [127.24135845868011, 35.630172255431106], [127.242658489479, 35.62982150550178], [127.2432170332831, 35.62971307237819], [127.24338327047, 35.62968080230148], [127.24409820471153, 35.629818614265766], [127.24480502463678, 35.63079198008379], [127.24505680756555, 35.63136843568724], [127.24542790699257, 35.63221809485797], [127.24551491821903, 35.632774944601756], [127.24577151819629, 35.63298330515039], [127.25048941440429, 35.634427272715094], [127.25075755670245, 35.634489364288065], [127.25105414388786, 35.634507232383505], [127.25136874590245, 35.63449305724753], [127.25176455069358, 35.634461490884995], [127.25196615172422, 35.63443161443043], [127.25216773986892, 35.63439548829865], [127.2525707788765, 35.63427550426978], [127.25271652125454, 35.63417318622297], [127.25303774427712, 35.633878863352095], [127.2531412193647, 35.63378149382012], [127.25327768862185, 35.63361041452923], [127.25333154006927, 35.63349729239903], [127.25337636606446, 35.633392725524736], [127.25338220613936, 35.633320171141044], [127.25337758178804, 35.633290702166924], [127.25335626181754, 35.63321585248588], [127.2533271304373, 35.633043856896904], [127.25333553707033, 35.63287178127819], [127.25335165653149, 35.63273043153995], [127.25339808990519, 35.63264679155313], [127.25347761949934, 35.63255568060989], [127.25359624298102, 35.63246693615897], [127.25373608541261, 35.6324211154952], [127.2538595238388, 35.632424561405806], [127.25754693630915, 35.63273880478908], [127.25978899168769, 35.6334491750603], [127.26051621567458, 35.633967469536856], [127.26100612468915, 35.63415929498374], [127.26128177561253, 35.634221438453814], [127.26156192114348, 35.63427237821098], [127.26203330604302, 35.63433157113353], [127.26340210763452, 35.63448342947409], [127.2635329859489, 35.634464771708785], [127.263675779564, 35.634414070105585], [127.26398974897901, 35.63420321517698], [127.2641023627408, 35.63410472074391], [127.26419082835936, 35.63401603123196], [127.26440825493458, 35.63375995611702], [127.26452060390625, 35.63358152524882], [127.26467057670305, 35.633426361743055], [127.2648193445143, 35.6333449125548], [127.26499987150666, 35.63328305211136], [127.26689802907947, 35.63283410865761], [127.2669837438021, 35.6328141848848], [127.26707105280973, 35.63281155772681], [127.26715080832149, 35.63282119994701], [127.26729411284136, 35.63289460675582], [127.2674796593469, 35.63301713552612], [127.27160026917848, 35.63589214619586], [127.27175721573433, 35.63601221392702], [127.27184783381638, 35.63610168198613], [127.27255627917985, 35.63681778232986], [127.2726364181142, 35.63694287840602], [127.27295583439249, 35.63753538575154], [127.27298852264677, 35.6377004216372], [127.27298324543108, 35.63780544269865], [127.27292713686838, 35.63799546534917], [127.27289084972737, 35.63807105951042], [127.27284966521178, 35.63813569032113], [127.27283030681357, 35.63819098155015], [127.27281560124656, 35.638281947079804], [127.27285346637558, 35.63926002534804], [127.27288248449936, 35.63938533316776], [127.27296869170661, 35.63960992266032], [127.27299248405689, 35.6396580883639], [127.27340051441413, 35.64045911095371], [127.27420248604386, 35.64174640036044], [127.27427616327665, 35.641821126214914], [127.2743801921574, 35.64192481114109], [127.27451692127167, 35.64203581273938], [127.27687941780441, 35.643940511909214], [127.27725676173863, 35.64418163774539], [127.27744871147127, 35.64429358924651], [127.27772713365502, 35.64440967179408], [127.2780265907455, 35.6445096629246], [127.27817632389645, 35.64455070036934], [127.27954405521218, 35.64327491758249], [127.28005329950925, 35.642613105424836], [127.28014462160606, 35.642457704848795], [127.28020566673933, 35.642291553629676], [127.28031731849329, 35.641951848466235], [127.28038213077798, 35.64172909506246], [127.28039763488646, 35.64160901414556], [127.28041019501353, 35.641511647537364], [127.28037188819144, 35.641420698074405], [127.2796719934678, 35.64046190855779], [127.2794311318667, 35.64022372615537], [127.27924815584439, 35.640053891368645], [127.2790772284413, 35.63992153278959], [127.2790140885636, 35.63988027935471], [127.27891555466861, 35.63981590222486], [127.27869714676531, 35.63965266292009], [127.27861164734216, 35.63957570086294], [127.2785786690255, 35.63952016464757], [127.27854548301373, 35.63940460814236], [127.27854914193394, 35.63931466661925], [127.27867423960177, 35.639092745272414], [127.27884409986507, 35.63888352452066], [127.27907544025864, 35.63863891666518], [127.27914152142516, 35.63858751324959], [127.27927429994648, 35.638484260220295], [127.27947589375363, 35.638387458995894], [127.27957552156546, 35.63836793946485], [127.2807813895157, 35.63825796256828], [127.281356263434, 35.63820959174861], [127.28263381569022, 35.63818742325353], [127.28277016739779, 35.63818916866108], [127.28517515721897, 35.63843111162606], [127.28744348486995, 35.642932139528824], [127.28778189264753, 35.644941193141314], [127.28778549532642, 35.64595061170465], [127.29030336658076, 35.64605275728465], [127.29209278826653, 35.648357427691], [127.29218925505232, 35.64848166147334], [127.29549570780483, 35.649816541805706], [127.29653466342259, 35.65008439315083], [127.29958324734017, 35.64823425206135], [127.30322306577476, 35.64630048460819], [127.3061430607553, 35.64760898511689], [127.30936391935853, 35.64961063455315], [127.31093790687055, 35.65116581926836], [127.3114586804681, 35.65240733908476], [127.31185182237641, 35.653344555701], [127.31519041837035, 35.65429127046959], [127.31566531840986, 35.65430804935473], [127.31651880755079, 35.65409220049352], [127.3175738354504, 35.65382536634675], [127.31950292454133, 35.65297309591676], [127.32022638679737, 35.65092258326647]]]]}}, {"type": "Feature", "properties": {"dong_cd": "5275031000", "dong_nm": "청웅면", "sigungu_cd": "52750", "source": "admdongkor-ver20250701"}, "geometry": {"type": "MultiPolygon", "coordinates": [[[[127.22664627163329, 35.536637507655804], [127.22653083384392, 35.53577877386618], [127.22562606394905, 35.53155964727109], [127.2255228693588, 35.53103339220068], [127.2249723160966, 35.52815743500257], [127.22499352292229, 35.52764941579072], [127.22504788912954, 35.526873497256204], [127.2249865950863, 35.52515111144709], [127.2244239008506, 35.52194266930459], [127.22420788398077, 35.52148126268426], [127.22348319152654, 35.52098847862246], [127.2219222229155, 35.52052031738347], [127.21745443074828, 35.51921688722466], [127.21614277438223, 35.5189744811727], [127.21524968706028, 35.51888370763309], [127.21454901339571, 35.51889881081361], [127.21369070973219, 35.519140441182735], [127.21303614986583, 35.519501811438275], [127.2132065712746, 35.51983861002603], [127.21323069978264, 35.52042042924593], [127.21316433966575, 35.52097472009877], [127.21301870956208, 35.521464461617356], [127.21272646419166, 35.522083785199314], [127.21206228323919, 35.523096282336056], [127.21107129251669, 35.52449261974015], [127.20922894874073, 35.528864405007965], [127.20893734423514, 35.529751565758474], [127.20881375450853, 35.53003807957059], [127.20841932359436, 35.53050055435809], [127.2075051078986, 35.53103318805249], [127.20624056981188, 35.53160797392418], [127.20572139280657, 35.53191826907946], [127.20479690182705, 35.53287112282745], [127.20398599895513, 35.53405468820728], [127.20352348145185, 35.534429509356116], [127.20330884285671, 35.534485278501506], [127.20310529846833, 35.53445791173236], [127.20293553111799, 35.534375077426056], [127.20278724112322, 35.53426294405857], [127.20241391692237, 35.5337201904735], [127.20215324341025, 35.533443562245914], [127.20172313946497, 35.53322260864707], [127.20119132295113, 35.533006440037155], [127.20071655601859, 35.532997990956524], [127.1999710199543, 35.53321164900983], [127.19973398222751, 35.53335058024599], [127.19940676631624, 35.53359125416576], [127.19909982984701, 35.533852253417336], [127.19894426939263, 35.53398453371072], [127.19884600612295, 35.53406359392151], [127.19835761446716, 35.53445653781533], [127.1978381603463, 35.53466978575117], [127.19752186721259, 35.53476265826194], [127.19719412011212, 35.53479090895229], [127.19380313847988, 35.53488870814721], [127.19269518136271, 35.534816592129644], [127.18986116498034, 35.536224916596545], [127.19005610943319, 35.53740680834145], [127.18996661387328, 35.537813333164024], [127.18965065576589, 35.538053960570174], [127.18881479936938, 35.5383415820068], [127.18818212424162, 35.538508800693705], [127.18588846956567, 35.53901567259129], [127.18457832239083, 35.5395395153807], [127.17973524159228, 35.54253919032898], [127.17969041571651, 35.54271474320821], [127.17967953024257, 35.54290872685822], [127.17972508113135, 35.543056415973226], [127.17999697349711, 35.543314627980685], [127.18075532786838, 35.54371988756147], [127.18438828920358, 35.54546461984517], [127.18511242685895, 35.54571751563784], [127.19222922224033, 35.548084698266436], [127.19429959750765, 35.54866789148289], [127.19717428214894, 35.54988703016548], [127.19751390799182, 35.5500711950723], [127.1976951932122, 35.55022790160174], [127.19820657172471, 35.55128919314427], [127.19743899026122, 35.55180303580614], [127.19722445858064, 35.551923443861874], [127.1971233220662, 35.55218223609591], [127.19664158941997, 35.554011703467715], [127.19659787317414, 35.55463520217028], [127.19661024869063, 35.55507849969659], [127.19695547637768, 35.56008365040981], [127.19711463797307, 35.56041955669064], [127.19805533819383, 35.56211564411566], [127.19905928919638, 35.56445833560212], [127.19953821181795, 35.56602199664871], [127.19934986258586, 35.56670755711016], [127.19630331694584, 35.5701934416453], [127.19376924045001, 35.57276051758136], [127.19208658957938, 35.573792986009266], [127.19144264156773, 35.574089572414685], [127.19091147886273, 35.574252024194195], [127.19002850809815, 35.573902441636875], [127.1871866896446, 35.57254456537571], [127.18681292741569, 35.572305006389435], [127.18590743637166, 35.57197853649114], [127.1850589513951, 35.57185052219281], [127.18469697923442, 35.57181413016204], [127.18452731204074, 35.57180515482432], [127.18288803218884, 35.5720523847043], [127.18257147898761, 35.572099032700386], [127.18219833469047, 35.57212729743841], [127.18130486646082, 35.57211478249686], [127.18061483000693, 35.572032692855885], [127.17995845878345, 35.57183970583997], [127.17842999069666, 35.57105230644495], [127.17777330854184, 35.57071152917733], [127.1758717518882, 35.569961575806204], [127.17557763833264, 35.56992505842843], [127.17439003190883, 35.5698482726121], [127.17348541290309, 35.569895734262005], [127.17331583070323, 35.56992368596412], [127.17309499187486, 35.56994349536302], [127.17190248279339, 35.57005037478141], [127.17126887055262, 35.569903494985844], [127.17107644845893, 35.56982065090348], [127.1704084778012, 35.56946601105079], [127.16971772218736, 35.569032884590726], [127.16950211027863, 35.568672993465924], [127.16912755421882, 35.568017768922736], [127.16894605358459, 35.56775017896694], [127.1687645787851, 35.567496445426414], [127.16862866551976, 35.56739042146033], [127.1684652523886, 35.56738676590005], [127.16815379101568, 35.56743263992473], [127.16789422777926, 35.56769159985265], [127.16737561281981, 35.568458886326255], [127.16470365573613, 35.57251247612864], [127.16344328195528, 35.57563125786812], [127.16327704411698, 35.57732626009625], [127.16323233317222, 35.577584933000814], [127.16204876600912, 35.57958607735117], [127.16182314831813, 35.579881920539854], [127.16149555436412, 35.58008555529853], [127.16036479945916, 35.580225574985164], [127.16008207020016, 35.58024443044141], [127.15901948003426, 35.58054598758006], [127.15812681477706, 35.58099046579711], [127.15784454502827, 35.58124020876674], [127.15740443573382, 35.58176260393248], [127.15693100238056, 35.58259444509602], [127.15661645741301, 35.58371238568547], [127.1556647603345, 35.58464190180878], [127.15622260252033, 35.585829010732944], [127.15721125360038, 35.5890301968615], [127.1573824149193, 35.58935485048135], [127.15764442435474, 35.58963295543544], [127.15789480511174, 35.58978115392221], [127.15826999848377, 35.58979922974892], [127.15921345832146, 35.589742305558524], [127.16028474875013, 35.58965340836161], [127.16666355484107, 35.591635122915136], [127.16740236891188, 35.59156914889222], [127.16805018760904, 35.59147541759259], [127.16826604976742, 35.59141014453299], [127.17116232067914, 35.590134487461306], [127.17667155774082, 35.58811238894774], [127.17718288388743, 35.58800955746422], [127.17804613645448, 35.58767878910501], [127.17835274503705, 35.58752982352574], [127.1785890045028, 35.58731123518041], [127.17870442830105, 35.587204432093905], [127.17881478140829, 35.587008781034], [127.1790554683026, 35.586582022936895], [127.17924747341551, 35.58602482803256], [127.17929676738316, 35.5856370829124], [127.17946205902835, 35.58538405195827], [127.17972308873091, 35.58518410479971], [127.17995044407063, 35.585193056206094], [127.18134997257758, 35.58577572412017], [127.18152659850557, 35.58588559199614], [127.1819305302868, 35.58613686345807], [127.18426473715924, 35.587818023007735], [127.18543968912651, 35.58958444838623], [127.18543009551348, 35.59036415362975], [127.18548769369573, 35.590688927351415], [127.18609313094753, 35.59195499252098], [127.18666323817226, 35.59268740868108], [127.18723067683742, 35.593235869302376], [127.18744943442483, 35.593447302362605], [127.18826865452243, 35.5941844031952], [127.1883608446365, 35.594267350066765], [127.18886212035744, 35.59471210605261], [127.18936305635182, 35.59501764775727], [127.19257218941833, 35.59630278745918], [127.19299283709215, 35.59630211957465], [127.19325428790734, 35.596283138344056], [127.1935724593735, 35.596208367765705], [127.19408351240023, 35.59597549832566], [127.19442399592847, 35.595733630457495], [127.19542218610137, 35.594780634315455], [127.19774682725807, 35.59232178295097], [127.19802985930504, 35.59183864451005], [127.19816566758077, 35.59158781519184], [127.19827890253872, 35.59141128661709], [127.19858549941546, 35.591262251538026], [127.19874456503561, 35.59122488084496], [127.19904663251579, 35.591202612721155], [127.19921141618575, 35.591202621943225], [127.20024535522928, 35.59128274895567], [127.20103029008547, 35.591485644341645], [127.20134950739853, 35.59184713796063], [127.20158979542013, 35.59246396882127], [127.20190936607668, 35.59297395118874], [127.2023989613313, 35.5932701689119], [127.20350259768631, 35.59361173332504], [127.20451474715857, 35.59373535238508], [127.20532212026806, 35.593817520240776], [127.20698315701503, 35.59427416313753], [127.20958922106604, 35.59527678516489], [127.21045500656099, 35.59594359101449], [127.21169615435137, 35.59667935299855], [127.2120488936185, 35.59678547132346], [127.21237877030812, 35.596849865141394], [127.21267341424047, 35.59684935074289], [127.21329967557706, 35.596848250860624], [127.2149362372249, 35.596622599630955], [127.21522040759959, 35.59659425270936], [127.2158342520617, 35.59656067249742], [127.21630054995467, 35.59662480913754], [127.21694928237592, 35.596874258017756], [127.21752987816208, 35.59716098569819], [127.2179627784715, 35.59748041234745], [127.21805430514526, 35.59769373811591], [127.2180434175537, 35.59787011982201], [127.21767054513445, 35.59873399712187], [127.2175917079348, 35.59901260654187], [127.21763798115582, 35.599309551133686], [127.21768561820727, 35.5994093745268], [127.21777521163358, 35.59959705746619], [127.21818531877264, 35.59990262556069], [127.21867489891925, 35.60015697467925], [127.21974404061586, 35.60029427882166], [127.22017458689676, 35.60030972195835], [127.22048314112365, 35.600320788975196], [127.22171164454666, 35.60052740346063], [127.2225422812335, 35.60075792332911], [127.22329348270469, 35.60104892179041], [127.22383453545399, 35.601327504420944], [127.22468524765229, 35.59992985498161], [127.22480893719892, 35.599661805198934], [127.2247173447629, 35.59926482438797], [127.22438802766271, 35.59882211108489], [127.22376433547689, 35.59828759166025], [127.22367325075668, 35.598075333373], [127.2237857327293, 35.597839616426654], [127.22458658026527, 35.59698844454268], [127.22481168109708, 35.59657240561541], [127.22509336901163, 35.596165516351114], [127.22544278912117, 35.59571231679683], [127.22573638070172, 35.59551780651524], [127.22631072304577, 35.59532244297182], [127.22678745063774, 35.59516026343562], [127.22756720094385, 35.59487249551749], [127.2278834264215, 35.594687191906594], [127.22800432859493, 35.59460838633729], [127.2285157617147, 35.59427500312368], [127.2289666580398, 35.59371076322292], [127.22903330214615, 35.59327656195268], [127.22898674514565, 35.592814859083056], [127.22861112011125, 35.591993568784346], [127.22845172498292, 35.591629069296545], [127.22849646929676, 35.59145350114233], [127.22869930399803, 35.59117605235182], [127.23009764282102, 35.58964948217364], [127.23177796719258, 35.58785915302164], [127.23282876329789, 35.5874507730051], [127.23366183383993, 35.58714433608522], [127.23380050538516, 35.58709331852235], [127.2345908765048, 35.58660230525884], [127.23614826719309, 35.58537552924876], [127.23700558253117, 35.584579574635356], [127.23733234591197, 35.58415408894014], [127.23828793380594, 35.58217113842616], [127.23827458161674, 35.5820026146181], [127.23815118615968, 35.581820430680104], [127.23774277310125, 35.58140562488461], [127.23697208006678, 35.58086684639329], [127.23673364024442, 35.58055328860836], [127.23665359542248, 35.58025788687199], [127.23657790975999, 35.5775750240887], [127.23657720819824, 35.577334909175356], [127.23663288524037, 35.57703923935273], [127.23672271596386, 35.576817422902415], [127.23692554181349, 35.57655840729658], [127.23748913515118, 35.575910789675575], [127.23822172935056, 35.575045810164035], [127.23967542296305, 35.57326965945073], [127.23992270609568, 35.572756577738204], [127.24006531943675, 35.57126933375025], [127.24021014401075, 35.57053018713127], [127.24037696426961, 35.570263850202906], [127.24070538881679, 35.56973954528587], [127.24114507522646, 35.56928611501432], [127.24161933800407, 35.569045036829074], [127.24244426443676, 35.56884018930668], [127.24312247293622, 35.56873263239136], [127.24357437763362, 35.5685839483579], [127.24398080032826, 35.56835223169479], [127.24416075232506, 35.56802861972684], [127.24421662792953, 35.56780683884337], [127.2441702855227, 35.56743750588132], [127.24330202958726, 35.56450685846855], [127.24281280718085, 35.563519601483485], [127.24251759312426, 35.5631138126712], [127.24142862725675, 35.561975367049776], [127.24116752909869, 35.561634159790714], [127.24025764650074, 35.55985805955308], [127.24025715333033, 35.55969182620192], [127.24034705827333, 35.559506914061], [127.24053825316777, 35.559155575499204], [127.24079735261354, 35.55883180833282], [127.24101141202463, 35.558563540967455], [127.24112372815353, 35.55831395174256], [127.24108890229225, 35.558009236547974], [127.24090423754289, 35.55674890637801], [127.24075527249776, 35.55608422198617], [127.24034547138054, 35.555161453321496], [127.23882327516903, 35.55275850926148], [127.23604210366537, 35.548958769809815], [127.23473678331105, 35.54718800517174], [127.23422619090121, 35.546556330703844], [127.23358081792654, 35.54622508769791], [127.23301534580307, 35.54616152608287], [127.23225769997657, 35.546098326944815], [127.2312288741362, 35.546095675790355], [127.23073144033924, 35.5460966227548], [127.23032414825154, 35.54599578981126], [127.22993920645428, 35.54580256652774], [127.22971248003003, 35.54558596235882], [127.22954197423908, 35.545263023129145], [127.22952825135872, 35.54440409944623], [127.22924314807963, 35.54353647784546], [127.22878771863907, 35.54239669330757], [127.22747128320435, 35.540598171559026], [127.22697087558691, 35.53952311553194], [127.22665206652898, 35.53871096488863], [127.22654803160088, 35.537889152294134], [127.22664627163329, 35.536637507655804]]]]}}, {"type": "Feature", "properties": {"dong_cd": "5275032000", "dong_nm": "운암면", "sigungu_cd": "52750", "source": "admdongkor-ver20250701"}, "geometry": {"type": "MultiPolygon", "coordinates": [[[[127.19163213963934, 35.65243205589618], [127.19131635649816, 35.65232776634913], [127.19025980697306, 35.651467479947534], [127.18982795778157, 35.650477232346894], [127.18921668977539, 35.64876221427757], [127.18895381462973, 35.64717957411566], [127.18880386817088, 35.646394318994666], [127.18866929763337, 35.64585075638198], [127.1881941709597, 35.645331866825465], [127.18771911697141, 35.64484923965422], [127.18676083706178, 35.643533521950935], [127.18643349073722, 35.64286939046742], [127.1861805235169, 35.6423501584605], [127.18609150476595, 35.642008313492035], [127.18606099679761, 35.641891114050864], [127.18597103689655, 35.64141996176132], [127.18597042458812, 35.64115412126407], [127.18613977224926, 35.64073091979626], [127.18726384279108, 35.6401128847828], [127.18860954721455, 35.63927699620202], [127.1899840702159, 35.638379034252246], [127.19132165304346, 35.63701296487058], [127.19204532817113, 35.636190080800304], [127.19225199530894, 35.63591182035678], [127.1927899328042, 35.63483546977556], [127.1929951181333, 35.633940900851556], [127.19306746560292, 35.633227800822105], [127.19300668972059, 35.63303994502869], [127.1927392516309, 35.63221324777075], [127.19262725126003, 35.631814654728444], [127.19280327962059, 35.63111347017193], [127.19300910744437, 35.6304968490265], [127.19398173057208, 35.628549716277256], [127.19412198681214, 35.62838030152769], [127.19463951559804, 35.62807737557391], [127.19482940649057, 35.62807362080807], [127.19509487729619, 35.62806837638522], [127.19530579246035, 35.628064221451], [127.19554170743254, 35.62809525926906], [127.1960315765219, 35.62815972512026], [127.19846904227225, 35.628856659427456], [127.19904694188996, 35.62902489820965], [127.2011993135429, 35.628199607088256], [127.20111003633579, 35.62803456828045], [127.20064410179829, 35.62705596717877], [127.20052878704462, 35.626187980128925], [127.20043603579055, 35.625292281843066], [127.20044461073721, 35.62505873337412], [127.20047843664722, 35.624137750956365], [127.20062422340796, 35.62360644636138], [127.20109580528695, 35.62210945483338], [127.20258197612435, 35.619082278947154], [127.20283639374648, 35.61880819988704], [127.20297695954469, 35.61865677572965], [127.20432165785977, 35.61791103922114], [127.20514673192301, 35.61753096437994], [127.20614200305013, 35.617330722525786], [127.20913293132847, 35.61872482023763], [127.21160276317303, 35.619861151636435], [127.21498662108368, 35.62000297423078], [127.2186466725381, 35.62019498461932], [127.22082689936676, 35.62044503214247], [127.22185748092782, 35.62074332757334], [127.22229863140105, 35.620677868491555], [127.22253612647937, 35.62063124865221], [127.22310135027543, 35.62041778725925], [127.22455947567525, 35.619828618702215], [127.22416975613159, 35.61803298896209], [127.22421015002196, 35.617857713510375], [127.22425920600435, 35.61764491592522], [127.22429080494403, 35.61756695236222], [127.22436035707868, 35.617395364584986], [127.22689411840435, 35.61303136867268], [127.22924396050401, 35.61172930543488], [127.22928785010187, 35.611244339135375], [127.22929837858865, 35.610967244390835], [127.22921818813548, 35.61061643430442], [127.22648341312366, 35.607790813097836], [127.22599091421826, 35.605644411461405], [127.22430639760249, 35.60202247822912], [127.22383453545399, 35.601327504420944], [127.22329348270469, 35.60104892179041], [127.2225422812335, 35.60075792332911], [127.22171164454666, 35.60052740346063], [127.22048314112365, 35.600320788975196], [127.22017458689676, 35.60030972195835], [127.21974404061586, 35.60029427882166], [127.21867489891925, 35.60015697467925], [127.21818531877264, 35.59990262556069], [127.21777521163358, 35.59959705746619], [127.21768561820727, 35.5994093745268], [127.21763798115582, 35.599309551133686], [127.2175917079348, 35.59901260654187], [127.21767054513445, 35.59873399712187], [127.2180434175537, 35.59787011982201], [127.21805430514526, 35.59769373811591], [127.2179627784715, 35.59748041234745], [127.21752987816208, 35.59716098569819], [127.21694928237592, 35.596874258017756], [127.21630054995467, 35.59662480913754], [127.2158342520617, 35.59656067249742], [127.21522040759959, 35.59659425270936], [127.2149362372249, 35.596622599630955], [127.21329967557706, 35.596848250860624], [127.21267341424047, 35.59684935074289], [127.21237877030812, 35.596849865141394], [127.2120488936185, 35.59678547132346], [127.21169615435137, 35.59667935299855], [127.21045500656099, 35.59594359101449], [127.20958922106604, 35.59527678516489], [127.20698315701503, 35.59427416313753], [127.20532212026806, 35.593817520240776], [127.20451474715857, 35.59373535238508], [127.20350259768631, 35.59361173332504], [127.2023989613313, 35.5932701689119], [127.20190936607668, 35.59297395118874], [127.20158979542013, 35.59246396882127], [127.20134950739853, 35.59184713796063], [127.20103029008547, 35.591485644341645], [127.20024535522928, 35.59128274895567], [127.19921141618575, 35.591202621943225], [127.19904663251579, 35.591202612721155], [127.19874456503561, 35.59122488084496], [127.19858549941546, 35.591262251538026], [127.19827890253872, 35.59141128661709], [127.19816566758077, 35.59158781519184], [127.19802985930504, 35.59183864451005], [127.19774682725807, 35.59232178295097], [127.19542218610137, 35.594780634315455], [127.19442399592847, 35.595733630457495], [127.19408351240023, 35.59597549832566], [127.1935724593735, 35.596208367765705], [127.19325428790734, 35.596283138344056], [127.19299283709215, 35.59630211957465], [127.19257218941833, 35.59630278745918], [127.18936305635182, 35.59501764775727], [127.18886212035744, 35.59471210605261], [127.1883608446365, 35.594267350066765], [127.18826865452243, 35.5941844031952], [127.18744943442483, 35.593447302362605], [127.18723067683742, 35.593235869302376], [127.18666323817226, 35.59268740868108], [127.18609313094753, 35.59195499252098], [127.18548769369573, 35.590688927351415], [127.18543009551348, 35.59036415362975], [127.18543968912651, 35.58958444838623], [127.18426473715924, 35.587818023007735], [127.1819305302868, 35.58613686345807], [127.18152659850557, 35.58588559199614], [127.18134997257758, 35.58577572412017], [127.17995044407063, 35.585193056206094], [127.17972308873091, 35.58518410479971], [127.17946205902835, 35.58538405195827], [127.17929676738316, 35.5856370829124], [127.17924747341551, 35.58602482803256], [127.1790554683026, 35.586582022936895], [127.17881478140829, 35.587008781034], [127.17870442830105, 35.587204432093905], [127.1785890045028, 35.58731123518041], [127.17835274503705, 35.58752982352574], [127.17804613645448, 35.58767878910501], [127.17718288388743, 35.58800955746422], [127.17667155774082, 35.58811238894774], [127.17116232067914, 35.590134487461306], [127.16826604976742, 35.59141014453299], [127.16805018760904, 35.59147541759259], [127.16740236891188, 35.59156914889222], [127.16666355484107, 35.591635122915136], [127.16028474875013, 35.58965340836161], [127.15921345832146, 35.589742305558524], [127.15826999848377, 35.58979922974892], [127.15789480511174, 35.58978115392221], [127.15764442435474, 35.58963295543544], [127.1573824149193, 35.58935485048135], [127.15721125360038, 35.5890301968615], [127.15622260252033, 35.585829010732944], [127.1556647603345, 35.58464190180878], [127.15534013086196, 35.58465145387523], [127.15495539684153, 35.58456881137138], [127.15443483810837, 35.584440174580976], [127.154299019386, 35.58439417868072], [127.15278201912092, 35.58368955237505], [127.15243585081444, 35.58346059732731], [127.15205723312437, 35.58321018929248], [127.15097057917069, 35.582772850945624], [127.15063110374214, 35.582690129134654], [127.15051650065392, 35.58268176950214], [127.15038222624268, 35.58267197858792], [127.14902482978299, 35.58260437266109], [127.14789404307491, 35.58277199452206], [127.14762268670981, 35.58282774771221], [127.14648082617437, 35.58312005117031], [127.1454632602897, 35.58334293964803], [127.14269306883129, 35.58390037092879], [127.14241420359686, 35.58385664067675], [127.14234233599174, 35.58384536148159], [127.14213858185317, 35.58376247382654], [127.14114236838441, 35.58326488414904], [127.13962478529011, 35.582144479974474], [127.13945843234002, 35.582056042639486], [127.13907005224813, 35.58184957068214], [127.13884363833482, 35.58172975369639], [127.13791551641683, 35.581338283553926], [127.13671623376547, 35.581136443369715], [127.13586787254889, 35.5810866153705], [127.13579099264251, 35.58107200987448], [127.13533610656852, 35.580985589899726], [127.13520480699148, 35.580950493453734], [127.13447612946496, 35.58075566439188], [127.13365002771394, 35.580493349213356], [127.13305009127708, 35.58019845606974], [127.13229154097503, 35.579737480675234], [127.13148721564988, 35.5789394566447], [127.13099978697046, 35.57826576347078], [127.13094272016271, 35.57794259097153], [127.13113824074576, 35.57746682785337], [127.13128069662382, 35.5771202070666], [127.13161831656927, 35.576080813185335], [127.13174175285329, 35.575480339302736], [127.13180614013866, 35.573342177389456], [127.13164609143041, 35.57228022521285], [127.13149796528356, 35.57159693381754], [127.13036306258277, 35.56909060801221], [127.12971329264644, 35.565872589903734], [127.12971212906855, 35.56514758022783], [127.12965683950715, 35.565096888944225], [127.12962155923447, 35.56506455185666], [127.12931612116918, 35.565000234087144], [127.12884751912891, 35.56497821033535], [127.12854709965421, 35.564964102928755], [127.12823276603157, 35.56496748181739], [127.1275972245413, 35.56497434033006], [127.12734848721894, 35.565002306540585], [127.12655721571487, 35.565190677773295], [127.12643283911409, 35.56522029406403], [127.12509935751834, 35.56579429764652], [127.12449194458861, 35.56591324413666], [127.12436453669338, 35.56593819090163], [127.12378779858173, 35.5659387882306], [127.11839109907525, 35.56499889453827], [127.11781921636938, 35.56485195650993], [127.11749556529183, 35.56475122617879], [127.11730747875612, 35.56469267913247], [127.11694361574921, 35.56430179297319], [127.11664452727878, 35.563980484893165], [127.1164635685493, 35.563685680929886], [127.11639211119557, 35.563367805600464], [127.11664707772292, 35.562814500029575], [127.11706555458134, 35.56155872549875], [127.11712641920764, 35.561376076043885], [127.11717085076408, 35.56089670412486], [127.11688432704376, 35.560417646962236], [127.11467077699432, 35.558858882497745], [127.11432918979767, 35.55876263607533], [127.1138882405734, 35.55863839966938], [127.11337681583493, 35.55866345697295], [127.11211354401715, 35.55891040914307], [127.11140700092312, 35.55924289558549], [127.10990424331206, 35.560424127743985], [127.10966404676843, 35.56078075141061], [127.1093797231766, 35.56189944436594], [127.10910948302707, 35.562305264668026], [127.10861328006222, 35.56249783132021], [127.10853811795464, 35.56252699381859], [127.10240135883869, 35.56336803036037], [127.10199385717951, 35.56340536850409], [127.10131832311477, 35.563467255756], [127.10077675706133, 35.563479997408834], [127.10029531997739, 35.56344352631607], [127.10014239634137, 35.56340757254883], [127.09961813094615, 35.563284306961926], [127.09921156072468, 35.56296508918586], [127.09895569968991, 35.562866956321756], [127.09866989378672, 35.56289178533285], [127.09828997550142, 35.563032557440884], [127.09803835492505, 35.563125790936866], [127.09414487961996, 35.56562379607861], [127.09331824270046, 35.56632496548453], [127.09270667044049, 35.56703914628251], [127.09134533104329, 35.56900238736582], [127.08964235494125, 35.5702930512957], [127.0887598119914, 35.57142837060522], [127.08844684829363, 35.57390425972287], [127.08497950698522, 35.57849699260759], [127.08359121128764, 35.57911685610426], [127.08271073074425, 35.58246989179876], [127.08271114761045, 35.582882495193516], [127.0829266046853, 35.58440521484754], [127.08536504926349, 35.58573074056321], [127.08601544979186, 35.58620808122582], [127.08611337407015, 35.586632694731925], [127.08855133809905, 35.587400736912684], [127.09046826981434, 35.58713389366335], [127.09672292639515, 35.587254125115365], [127.0987300103849, 35.58811498231983], [127.1009498483528, 35.590211807673434], [127.10115098184018, 35.590420461301264], [127.10250046507103, 35.59182042215658], [127.10422892680992, 35.59483753362187], [127.10437101818398, 35.59584358679551], [127.10405518460786, 35.5965913196269], [127.1030936751555, 35.597406656601024], [127.10178299667368, 35.59887743123053], [127.10129818167174, 35.60055497716499], [127.10110934821317, 35.60192106555481], [127.10062385956928, 35.603097189833115], [127.10022085178899, 35.60398493144136], [127.10013809687914, 35.604048561989224], [127.09831958401364, 35.60588277563058], [127.09719894373983, 35.607111292379955], [127.09677687220903, 35.60827004326532], [127.09671373691879, 35.608581323628776], [127.09347814675104, 35.61190354842147], [127.09220810278495, 35.61221572984885], [127.09206019541858, 35.61247518974552], [127.09141347861888, 35.6137231438828], [127.0911869265705, 35.61571600060836], [127.091494362047, 35.61786413407309], [127.09218301769525, 35.61988745848928], [127.09325229154297, 35.621256608538154], [127.09359570963221, 35.62144314995272], [127.0939254567538, 35.62143146026411], [127.09424279727764, 35.62142020305632], [127.09726802283853, 35.62121209884272], [127.0991583361146, 35.620723070101626], [127.09983768742593, 35.620498885831786], [127.10048374731709, 35.61995272190861], [127.10090543181737, 35.61956258756516], [127.1012337579012, 35.619258836780595], [127.10145684450092, 35.6191708684299], [127.10214311884447, 35.61890027186466], [127.103258230089, 35.61865113591678], [127.10517752710264, 35.61896478612095], [127.10589279880139, 35.61932643425463], [127.10627512375405, 35.61953742845141], [127.10654666241236, 35.61984914308016], [127.10674422915145, 35.62013577174874], [127.10719366577098, 35.62102042127739], [127.108785978658, 35.62315689210685], [127.11113879999823, 35.624223728371895], [127.11230682298154, 35.624620707869695], [127.11243840533541, 35.62462954176823], [127.11527606282866, 35.62741329582409], [127.11585844900047, 35.6285769393716], [127.11834076286355, 35.63173168943584], [127.12007224675375, 35.63348106688076], [127.12411094137607, 35.63588748722612], [127.12469958459373, 35.63605761966773], [127.12501478962797, 35.635750627133525], [127.12524791607999, 35.635523550723214], [127.12579644292938, 35.635117551002125], [127.12645023647725, 35.63515954190899], [127.12702581578388, 35.63532966396579], [127.12891102529892, 35.63684280251282], [127.12940866996401, 35.63733309981092], [127.13104753853645, 35.64008418080565], [127.13227400031258, 35.64304613932178], [127.13222999009211, 35.64353995060391], [127.13246650679748, 35.6442438946428], [127.13327924987068, 35.64545937768763], [127.13385547397952, 35.64597090993412], [127.13552648105302, 35.64680064566864], [127.13613897335368, 35.64675451128137], [127.13656124223793, 35.6467227058741], [127.13759628268828, 35.646823907914786], [127.13822362611104, 35.64689995030276], [127.13891442085648, 35.64741093594666], [127.13947930110155, 35.64764057753717], [127.14062415133856, 35.64774160615981], [127.14115726176148, 35.64774098934159], [127.14131252061307, 35.64769856973364], [127.14190955796333, 35.64753541886563], [127.14241087797159, 35.64727894768804], [127.14370486743323, 35.64649863538102], [127.14419649499067, 35.64620215823165], [127.14510505845658, 35.64571492343324], [127.14573217125799, 35.64566298663426], [127.14645439482132, 35.646199461510164], [127.14832298288728, 35.64765570272762], [127.14917141376377, 35.64857582752458], [127.149674796571, 35.64944518421877], [127.1496137653329, 35.650366420375846], [127.14955222546622, 35.65100618316793], [127.14955326518655, 35.65156911968111], [127.14983844998724, 35.65315519494558], [127.15002766316704, 35.65371790551475], [127.15146040922431, 35.65678663667816], [127.1518854407356, 35.65725427297539], [127.1519947123746, 35.657374492553735], [127.15252857372091, 35.657732040519186], [127.15303174591583, 35.65844786370855], [127.15259496153375, 35.659676631230276], [127.15235889817818, 35.66027231195053], [127.15218914244858, 35.6607006418148], [127.15185701409148, 35.66145968077088], [127.15167381286143, 35.661878331506806], [127.15112295029144, 35.66231238579261], [127.15082817200286, 35.662544653998175], [127.15070591310378, 35.66279052462524], [127.15048443996588, 35.66323594570455], [127.14942255637227, 35.665719250477366], [127.14926784139406, 35.666870888289466], [127.14939745966578, 35.66912244525832], [127.15001004983142, 35.669607852823695], [127.15057532502952, 35.6699397990175], [127.15110865100198, 35.669964719575056], [127.15170430954932, 35.66978487561561], [127.1519234080757, 35.669528722457116], [127.15276844562676, 35.66850415232147], [127.15326976044518, 35.66819647267889], [127.15424173824638, 35.667964948680584], [127.15612906730107, 35.66810960047305], [127.1608753184117, 35.66754694855053], [127.16415344810414, 35.66761933557057], [127.16540838697281, 35.6677199816774], [127.16609827865106, 35.6676166915681], [127.16681306835811, 35.667462204582826], [127.16728975258813, 35.66735917135899], [127.17313670338883, 35.665866898044555], [127.17656869812546, 35.6646081668162], [127.17668508982561, 35.66456048506321], [127.17738351574886, 35.66427434999298], [127.18385215460525, 35.66047776157793], [127.18441562241415, 35.65999072495489], [127.18469720630063, 35.659683257242754], [127.18485315599514, 35.65929920203458], [127.18525726060152, 35.657712142025474], [127.18600951979728, 35.65750629806892], [127.18669960802842, 35.65753082119323], [127.18729570225997, 35.65760666482664], [127.18804844082989, 35.65760550093461], [127.1889890111741, 35.65745050520483], [127.18948999976575, 35.65709150916933], [127.18977125452459, 35.65665608105004], [127.18989976108155, 35.65639732975256], [127.19011463346972, 35.65596466917663], [127.1911747716289, 35.65332747444737], [127.19163213963934, 35.65243205589618]]]]}}, {"type": "Feature", "properties": {"dong_cd": "5275033000", "dong_nm": "신평면", "sigungu_cd": "52750", "source": "admdongkor-ver20250701"}, "geometry": {"type": "MultiPolygon", "coordinates": [[[[127.27817632389645, 35.64455070036934], [127.2780265907455, 35.6445096629246], [127.27772713365502, 35.64440967179408], [127.27744871147127, 35.64429358924651], [127.27725676173863, 35.64418163774539], [127.27687941780441, 35.643940511909214], [127.27451692127167, 35.64203581273938], [127.2743801921574, 35.64192481114109], [127.27427616327665, 35.641821126214914], [127.27420248604386, 35.64174640036044], [127.27340051441413, 35.64045911095371], [127.27299248405689, 35.6396580883639], [127.27296869170661, 35.63960992266032], [127.27288248449936, 35.63938533316776], [127.27285346637558, 35.63926002534804], [127.27281560124656, 35.638281947079804], [127.27283030681357, 35.63819098155015], [127.27284966521178, 35.63813569032113], [127.27289084972737, 35.63807105951042], [127.27292713686838, 35.63799546534917], [127.27298324543108, 35.63780544269865], [127.27298852264677, 35.6377004216372], [127.27295583439249, 35.63753538575154], [127.2726364181142, 35.63694287840602], [127.27255627917985, 35.63681778232986], [127.27184783381638, 35.63610168198613], [127.27175721573433, 35.63601221392702], [127.27160026917848, 35.63589214619586], [127.2674796593469, 35.63301713552612], [127.26729411284136, 35.63289460675582], [127.26715080832149, 35.63282119994701], [127.26707105280973, 35.63281155772681], [127.2669837438021, 35.6328141848848], [127.26689802907947, 35.63283410865761], [127.26499987150666, 35.63328305211136], [127.2648193445143, 35.6333449125548], [127.26467057670305, 35.633426361743055], [127.26452060390625, 35.63358152524882], [127.26440825493458, 35.63375995611702], [127.26419082835936, 35.63401603123196], [127.2641023627408, 35.63410472074391], [127.26398974897901, 35.63420321517698], [127.263675779564, 35.634414070105585], [127.2635329859489, 35.634464771708785], [127.26340210763452, 35.63448342947409], [127.26203330604302, 35.63433157113353], [127.26156192114348, 35.63427237821098], [127.26128177561253, 35.634221438453814], [127.26100612468915, 35.63415929498374], [127.26051621567458, 35.633967469536856], [127.25978899168769, 35.6334491750603], [127.25754693630915, 35.63273880478908], [127.2538595238388, 35.632424561405806], [127.25373608541261, 35.6324211154952], [127.25359624298102, 35.63246693615897], [127.25347761949934, 35.63255568060989], [127.25339808990519, 35.63264679155313], [127.25335165653149, 35.63273043153995], [127.25333553707033, 35.63287178127819], [127.2533271304373, 35.633043856896904], [127.25335626181754, 35.63321585248588], [127.25337758178804, 35.633290702166924], [127.25338220613936, 35.633320171141044], [127.25337636606446, 35.633392725524736], [127.25333154006927, 35.63349729239903], [127.25327768862185, 35.63361041452923], [127.2531412193647, 35.63378149382012], [127.25303774427712, 35.633878863352095], [127.25271652125454, 35.63417318622297], [127.2525707788765, 35.63427550426978], [127.25216773986892, 35.63439548829865], [127.25196615172422, 35.63443161443043], [127.25176455069358, 35.634461490884995], [127.25136874590245, 35.63449305724753], [127.25105414388786, 35.634507232383505], [127.25075755670245, 35.634489364288065], [127.25048941440429, 35.634427272715094], [127.24577151819629, 35.63298330515039], [127.24551491821903, 35.632774944601756], [127.24542790699257, 35.63221809485797], [127.24505680756555, 35.63136843568724], [127.24480502463678, 35.63079198008379], [127.24409820471153, 35.629818614265766], [127.24338327047, 35.62968080230148], [127.2432170332831, 35.62971307237819], [127.242658489479, 35.62982150550178], [127.24135845868011, 35.630172255431106], [127.24071867665529, 35.630208318337694], [127.23986524877512, 35.630122988705075], [127.23898920991262, 35.62960250795642], [127.2367471579281, 35.62767893873439], [127.23331038468466, 35.62501184630691], [127.2276303451167, 35.62133295800626], [127.22646372991028, 35.62069218172789], [127.22547697026953, 35.62015018830385], [127.22455947567525, 35.619828618702215], [127.22310135027543, 35.62041778725925], [127.22253612647937, 35.62063124865221], [127.22229863140105, 35.620677868491555], [127.22185748092782, 35.62074332757334], [127.22082689936676, 35.62044503214247], [127.2186466725381, 35.62019498461932], [127.21498662108368, 35.62000297423078], [127.21160276317303, 35.619861151636435], [127.20913293132847, 35.61872482023763], [127.20614200305013, 35.617330722525786], [127.20514673192301, 35.61753096437994], [127.20432165785977, 35.61791103922114], [127.20297695954469, 35.61865677572965], [127.20283639374648, 35.61880819988704], [127.20258197612435, 35.619082278947154], [127.20109580528695, 35.62210945483338], [127.20062422340796, 35.62360644636138], [127.20047843664722, 35.624137750956365], [127.20044461073721, 35.62505873337412], [127.20043603579055, 35.625292281843066], [127.20052878704462, 35.626187980128925], [127.20064410179829, 35.62705596717877], [127.20111003633579, 35.62803456828045], [127.2011993135429, 35.628199607088256], [127.19904694188996, 35.62902489820965], [127.19846904227225, 35.628856659427456], [127.1960315765219, 35.62815972512026], [127.19554170743254, 35.62809525926906], [127.19530579246035, 35.628064221451], [127.19509487729619, 35.62806837638522], [127.19482940649057, 35.62807362080807], [127.19463951559804, 35.62807737557391], [127.19412198681214, 35.62838030152769], [127.19398173057208, 35.628549716277256], [127.19300910744437, 35.6304968490265], [127.19280327962059, 35.63111347017193], [127.19262725126003, 35.631814654728444], [127.1927392516309, 35.63221324777075], [127.19300668972059, 35.63303994502869], [127.19306746560292, 35.633227800822105], [127.1929951181333, 35.633940900851556], [127.1927899328042, 35.63483546977556], [127.19225199530894, 35.63591182035678], [127.19204532817113, 35.636190080800304], [127.19132165304346, 35.63701296487058], [127.1899840702159, 35.638379034252246], [127.18860954721455, 35.63927699620202], [127.18726384279108, 35.6401128847828], [127.18613977224926, 35.64073091979626], [127.18597042458812, 35.64115412126407], [127.18597103689655, 35.64141996176132], [127.18606099679761, 35.641891114050864], [127.18609150476595, 35.642008313492035], [127.1861805235169, 35.6423501584605], [127.18643349073722, 35.64286939046742], [127.18676083706178, 35.643533521950935], [127.18771911697141, 35.64484923965422], [127.1881941709597, 35.645331866825465], [127.18866929763337, 35.64585075638198], [127.18880386817088, 35.646394318994666], [127.18895381462973, 35.64717957411566], [127.18921668977539, 35.64876221427757], [127.18982795778157, 35.650477232346894], [127.19025980697306, 35.651467479947534], [127.19131635649816, 35.65232776634913], [127.19163213963934, 35.65243205589618], [127.19228303800436, 35.65209266991772], [127.19292015168323, 35.652188324741125], [127.19412836405607, 35.652633520567846], [127.1945138719413, 35.65280208189562], [127.19532958646826, 35.6532478906138], [127.19602699383394, 35.65376640213755], [127.1972211390075, 35.65450160597392], [127.19827419722064, 35.65507991855452], [127.19925262668465, 35.6554166966086], [127.20035599223819, 35.655366524099925], [127.20177613110278, 35.65463911020277], [127.20342476974153, 35.65348834317289], [127.2040610834586, 35.65325767232866], [127.20453496138501, 35.653220613384285], [127.20503856513375, 35.65321976321843], [127.20589792092096, 35.65332707568975], [127.2065057734482, 35.65355565796575], [127.20725716585694, 35.65488363526804], [127.20748080452213, 35.65545121980588], [127.20748204578942, 35.65593458248181], [127.20741034769655, 35.65685311777477], [127.20773067443658, 35.65757761489701], [127.20823562381226, 35.658096382743864], [127.21095934465772, 35.66024266876703], [127.21135925586019, 35.660229894138546], [127.21205500961584, 35.66005950752917], [127.2138967462129, 35.65912576208883], [127.21423315214273, 35.65891573076422], [127.21451785535855, 35.65873797374007], [127.21525767555724, 35.658434559955325], [127.21590930625608, 35.65838505874575], [127.21710349630337, 35.659047561809295], [127.2174897024386, 35.659445647179325], [127.21756526068154, 35.66000139999991], [127.2174778693322, 35.66055742784827], [127.21719811932364, 35.66118632010802], [127.21662235756658, 35.66191239946881], [127.21595048798665, 35.662711159651444], [127.2150192215412, 35.66344995271722], [127.21476891855794, 35.66403044182237], [127.21326310193156, 35.668794304732536], [127.21311640491442, 35.669338347837204], [127.21342111489128, 35.66972451840431], [127.21517362552513, 35.671364866182856], [127.21549981553355, 35.67146097045523], [127.2163814403644, 35.671507726558424], [127.21766935669706, 35.67114289033141], [127.22117086686397, 35.67032689508629], [127.22174867256153, 35.67033793242806], [127.22206016749345, 35.670482381451926], [127.22228343251999, 35.67085656707845], [127.22251469366263, 35.671448278827796], [127.22244284408991, 35.672258049535245], [127.22228178192604, 35.67294714621262], [127.22223893157792, 35.673527268123145], [127.22222556398388, 35.67405901556795], [127.22231546504214, 35.6744213774504], [127.22253842895252, 35.67468682121333], [127.22475715136954, 35.676048250404676], [127.22588464765099, 35.676577848136866], [127.22654415384895, 35.67664912117709], [127.22695907535348, 35.676672516349974], [127.22741832454678, 35.676659566176816], [127.22780344068924, 35.67662258658882], [127.22826236422618, 35.67648880822027], [127.23264238579402, 35.67458324180244], [127.2330118261964, 35.674256239607935], [127.23345496986376, 35.67379618748939], [127.23352785389596, 35.673385186384856], [127.2336451595218, 35.67296201395613], [127.23389617186893, 35.67267151670639], [127.2341448274617, 35.67252969874413], [127.23423635613257, 35.67247750015545], [127.23469537820127, 35.67239202795853], [127.23521379740643, 35.67235477093525], [127.23571021549725, 35.672390058080005], [127.23642164874315, 35.67249741782938], [127.24129402773805, 35.674360864420024], [127.24160666945728, 35.67486778248636], [127.24200954498963, 35.67582164229905], [127.24233735329327, 35.676437276367565], [127.24284266321251, 35.67695588545696], [127.24348354697162, 35.6775129738779], [127.2462021660323, 35.67677399307548], [127.24816943819205, 35.675004654961334], [127.24893787603072, 35.67346651001188], [127.24896266765761, 35.67342348671819], [127.24900997087366, 35.67334143504005], [127.25012837847797, 35.67200703709749], [127.25048016830897, 35.67161490719607], [127.250640691421, 35.671624313846614], [127.25085538904659, 35.6716515261928], [127.2510389579755, 35.671689271687406], [127.25123161117341, 35.67173303519011], [127.25143269633445, 35.67178651925209], [127.2516272350679, 35.67183099650745], [127.25176203567098, 35.67184873206108], [127.25198131869017, 35.67186098641595], [127.25208767277455, 35.67185554853888], [127.25371327148748, 35.6717406577165], [127.25389390968535, 35.671718549144295], [127.25407453729335, 35.67169193568025], [127.25425503542766, 35.671663182987956], [127.25443563765427, 35.6716343148269], [127.2546445206063, 35.671571797973954], [127.25478984637483, 35.671516892834326], [127.2548616396762, 35.671489767977924], [127.25563823594632, 35.67114312726775], [127.25581764686338, 35.671049184966265], [127.25599342880712, 35.67092832826308], [127.25612968717252, 35.67081573234265], [127.25617532583179, 35.67077161458914], [127.25626777773246, 35.670682235420394], [127.25637539707186, 35.67052634573814], [127.25644656120393, 35.67039523236111], [127.25652316991791, 35.67024241662049], [127.25657508946581, 35.67013868496389], [127.25659966458946, 35.670089580760035], [127.25668171612865, 35.66994645232721], [127.25676671690675, 35.66982576443428], [127.25685978327937, 35.66970661653888], [127.25692998504577, 35.66963731204175], [127.256967665887, 35.66960012145402], [127.25843974432097, 35.66822065239062], [127.25857797173583, 35.66813508249129], [127.25870164035085, 35.66809138435339], [127.26397619430209, 35.666310814949675], [127.26401223018775, 35.666299308490984], [127.2641107934214, 35.66626787921569], [127.26425927599993, 35.66624655041368], [127.26444824448805, 35.66624542167607], [127.26483730337287, 35.6663365951569], [127.2649273074397, 35.666367850494815], [127.26503583784806, 35.66645439634863], [127.26509286613812, 35.6665328693268], [127.26513180305278, 35.66661391634457], [127.26520373619854, 35.666766145611604], [127.2652886327957, 35.66692314273791], [127.26536883905796, 35.66705985994571], [127.26545544213424, 35.66717044013542], [127.26547485727075, 35.667193983757464], [127.26553187296642, 35.66726310827101], [127.2655599676922, 35.66728536139812], [127.26562839756342, 35.66733473147139], [127.26567814182043, 35.66735705014878], [127.26577617165778, 35.66740102460262], [127.2661157281062, 35.66748479976041], [127.26627366685592, 35.6675143737188], [127.26683428687379, 35.667613456427446], [127.26699758317422, 35.667628066242145], [127.26716341495036, 35.66761426458923], [127.26733211136789, 35.66758992173644], [127.2674998117003, 35.667539441728685], [127.26766734975617, 35.667469390131785], [127.267840330814, 35.667376272168255], [127.2685576760808, 35.66687249364222], [127.26887422688266, 35.66664727814635], [127.26903518841921, 35.66652941054534], [127.2738196364778, 35.66264833906411], [127.27399723853596, 35.66249156303762], [127.27407175040169, 35.66241668255717], [127.27417950193632, 35.66226979424312], [127.27428207107354, 35.66212772170789], [127.27432744036577, 35.66206486845234], [127.2744226332794, 35.66193293627187], [127.27447529848435, 35.66185994412438], [127.27501198741187, 35.661074350990916], [127.2753807575697, 35.66043252665395], [127.27563326001383, 35.65999230658507], [127.27572309799962, 35.65981562200103], [127.27583552870853, 35.659590775742885], [127.27593795174792, 35.659315207735716], [127.27599804553671, 35.65906153395181], [127.27602315865914, 35.658911606697295], [127.27604178148248, 35.65832031826729], [127.27600980970934, 35.65788561429961], [127.27595188322275, 35.65764095554553], [127.27593500994799, 35.65759941788905], [127.2759062316833, 35.65752858531457], [127.2756714455344, 35.65707657978926], [127.27504354480203, 35.65620999461546], [127.2745849425717, 35.655598170592505], [127.27443170761977, 35.65541482832421], [127.27416466236002, 35.65501761893301], [127.27378776645644, 35.654430121647074], [127.27372137103178, 35.65429724605369], [127.27369910501234, 35.65411125995169], [127.27364607855024, 35.65329113653779], [127.27370839943254, 35.651676175927115], [127.27374063368735, 35.651444560729544], [127.27378200935286, 35.65123988038168], [127.27382772944641, 35.65101446493479], [127.27402623748593, 35.650075858460276], [127.2740554379099, 35.65000819341], [127.27409433704669, 35.64994807978565], [127.27738898290714, 35.64609422283071], [127.27817632389645, 35.64455070036934]]]]}}, {"type": "Feature", "properties": {"dong_cd": "5275034000", "dong_nm": "성수면", "sigungu_cd": "52750", "source": "admdongkor-ver20250701"}, "geometry": {"type": "MultiPolygon", "coordinates": [[[[127.43599083900715, 35.62185752007255], [127.43434655703652, 35.62107526261614], [127.43279484987481, 35.62030275230515], [127.42950399339321, 35.61811808092235], [127.42937335584519, 35.61799947870654], [127.42688574468427, 35.6151615199785], [127.42660424825539, 35.614882310973215], [127.42653907153489, 35.61483221874461], [127.426489169309, 35.61480492595801], [127.425946192169, 35.61469022160808], [127.42569253038653, 35.61464523710294], [127.42228413278806, 35.61463477009402], [127.41309651212332, 35.614343182347795], [127.4129682209449, 35.6144228625137], [127.41281672874571, 35.61449602935383], [127.4123533573478, 35.614707420912076], [127.41226390128351, 35.61474079266997], [127.41208618461282, 35.614780436806385], [127.41196036996591, 35.61480330370719], [127.41114763355654, 35.61485807306235], [127.41107245998253, 35.61485715562542], [127.40247623989045, 35.61373187823465], [127.40240743161114, 35.61372124524327], [127.4023068861649, 35.6136995592804], [127.40226119815499, 35.61367997080577], [127.40214535801636, 35.613603663743454], [127.40198102179659, 35.613469292210105], [127.40184344093373, 35.61334699192716], [127.4014473117073, 35.61303250232521], [127.40139513300473, 35.61299482016774], [127.40132345107288, 35.612943057145216], [127.40120498962236, 35.612890805809144], [127.4011297260241, 35.612871320684945], [127.3999617317546, 35.612793989405965], [127.39989196812076, 35.6127942199945], [127.39902263815597, 35.61287062824694], [127.39618685117375, 35.61313438250862], [127.39611734212698, 35.61314499455619], [127.39607225549317, 35.61315188036472], [127.39595211839627, 35.61318436870247], [127.39591837748416, 35.61319349674051], [127.39554633671058, 35.613310252517046], [127.39501224404336, 35.61351242832117], [127.39434450159534, 35.61378067941066], [127.39180341286782, 35.61453663523202], [127.38861310535027, 35.61490806880724], [127.38680782780929, 35.61493169758237], [127.38150125719983, 35.6132931731535], [127.377229728931, 35.60951001655867], [127.37560094303365, 35.60874962714604], [127.37547848182007, 35.608689815770624], [127.37535255955665, 35.60861638663841], [127.37477738942758, 35.60827405315719], [127.37468746613217, 35.60820799206767], [127.37461354158242, 35.60814252371494], [127.37459315302576, 35.608100222203625], [127.37435750975838, 35.60758091153322], [127.3724239021807, 35.606299578007864], [127.37019060701205, 35.60632166560326], [127.36749070389673, 35.60629556078856], [127.36743701587639, 35.60628427616219], [127.36735979151216, 35.606240693649994], [127.36731348640257, 35.606212744632586], [127.36724989222894, 35.60617434713425], [127.36648607005827, 35.60566382866438], [127.36637600772657, 35.60558224052731], [127.36622389035121, 35.60545111838934], [127.36610669799246, 35.60533142184225], [127.36572336945288, 35.60490743391828], [127.36558984257339, 35.60476491044251], [127.36502407466162, 35.60421386486443], [127.36497139511675, 35.60417967016366], [127.36488955968291, 35.60414368182553], [127.36460939513674, 35.604074046489316], [127.36445890136987, 35.604058534784684], [127.3643037593365, 35.60404254609348], [127.3641031313106, 35.60404124614101], [127.36111452789918, 35.60439331370604], [127.36094916288017, 35.60443192925044], [127.36076287929077, 35.60450685701495], [127.36067236822707, 35.60455265375147], [127.36060002359577, 35.60458926916538], [127.36042566546203, 35.60471559630446], [127.36020360455274, 35.60488786748593], [127.36006874761023, 35.60498353232598], [127.36001058217181, 35.60500848293333], [127.35990104579966, 35.60502214461452], [127.35964912712359, 35.605030556028744], [127.34903249098701, 35.6049755268611], [127.34896181998532, 35.60497217612495], [127.34769070564256, 35.60467012119064], [127.34764995919615, 35.60463707099446], [127.34562490362738, 35.60271656262283], [127.34509919001962, 35.60215501200668], [127.34498735693457, 35.6020167223208], [127.34493017025193, 35.60193361640916], [127.33863988514385, 35.59183473620433], [127.33862431140973, 35.59180405819493], [127.33861167978992, 35.591763343297394], [127.33825270533912, 35.59014978735491], [127.33824499963235, 35.59009915540558], [127.3382513023437, 35.59005155197963], [127.33827470931449, 35.59000335206817], [127.33845361481822, 35.589777534492576], [127.33856663707924, 35.58962778038808], [127.33858217557304, 35.58960430497354], [127.33860798005612, 35.589565310494514], [127.33864387135397, 35.589495003316124], [127.33866547640636, 35.589424818563714], [127.33865561094521, 35.589371658207725], [127.33804639282529, 35.58804785439726], [127.33624790137529, 35.58447025974376], [127.3354672419492, 35.583737055823356], [127.33508456035447, 35.58356516235086], [127.33468756320832, 35.58339879230954], [127.33462857298463, 35.58338364111623], [127.33356816356505, 35.58321377844901], [127.33126491089875, 35.582866806398435], [127.33027333113702, 35.58279939951099], [127.3302023786771, 35.58279834022081], [127.32699046248733, 35.58342965655224], [127.32257940853557, 35.58621617890322], [127.31950682227824, 35.58805727950301], [127.31939879227807, 35.58805279153904], [127.31818090633541, 35.58806040533819], [127.31810181079531, 35.58806476722071], [127.31797499140589, 35.588079861517414], [127.31754727199281, 35.58815415945775], [127.3133356534802, 35.588965954892934], [127.3095009902378, 35.58984113208607], [127.30807213089622, 35.58997277713381], [127.3058638994569, 35.59174843779282], [127.30622524514678, 35.592232096685855], [127.30737765592399, 35.593912686535475], [127.30740608984905, 35.59396264121859], [127.30741917013094, 35.594017900135746], [127.30736996969631, 35.594152641286875], [127.30722724861322, 35.59440274191921], [127.30715021696571, 35.59451811601303], [127.30706109613334, 35.59470111456388], [127.30702741842613, 35.59478322473613], [127.3069476258832, 35.59503992937855], [127.30694166497115, 35.595069247015324], [127.30693693987911, 35.595250509688064], [127.30694819451541, 35.5953925111044], [127.30697630303541, 35.59555971818593], [127.30710330799083, 35.596169662000186], [127.30712175687846, 35.59623135380304], [127.30720268443086, 35.596443941692854], [127.30894863307326, 35.60008267998386], [127.31040523038395, 35.603023526914114], [127.31090942403567, 35.60490673116228], [127.31194070109771, 35.60883835989351], [127.31192820094229, 35.608946623334276], [127.30974885598776, 35.611374691806766], [127.30869190528156, 35.61228506912506], [127.30847169929162, 35.612453996174054], [127.30828790338605, 35.61253260195794], [127.30813153134419, 35.61256905566756], [127.30691895040862, 35.61272840965398], [127.3058600454227, 35.61310674504606], [127.30573876030917, 35.613170234073195], [127.30564330632718, 35.61323356447937], [127.30558488244542, 35.61336592724583], [127.30491698293719, 35.61490645677853], [127.3049413732805, 35.615050695441425], [127.30552927174138, 35.61666918143249], [127.3062525803751, 35.61856086556189], [127.3062491776484, 35.61862702317243], [127.30506987455719, 35.620286007031574], [127.30450083895867, 35.62221401929425], [127.30449011180552, 35.62229524771985], [127.30448308294483, 35.62239143419828], [127.30448767196324, 35.62310975327836], [127.30451082574682, 35.623395209753106], [127.3046135851605, 35.62380369914934], [127.30468803415357, 35.62399285243302], [127.30486358045302, 35.624175731678186], [127.30499659099185, 35.62428958910269], [127.3051591275004, 35.624421483837324], [127.30527371138037, 35.62453837134801], [127.3053331063295, 35.624655486065365], [127.30565721981976, 35.626145370351246], [127.30568748342795, 35.626355745006066], [127.3056992703484, 35.6265510232959], [127.30568865724217, 35.626665243286226], [127.30565212532701, 35.62675554850799], [127.30560452508212, 35.62680677823404], [127.30554578946185, 35.62686397240788], [127.30028119771883, 35.62906977455055], [127.30006857194262, 35.629157741033076], [127.29987633973933, 35.6292358048524], [127.29975804531118, 35.629280082993056], [127.29962658766551, 35.62931412434978], [127.29922974634789, 35.62940982370733], [127.29874675875168, 35.62949601786163], [127.29852080427011, 35.62953215873834], [127.29828279983731, 35.62956158878437], [127.29669286346387, 35.629703929971974], [127.29626389963623, 35.62892869751654], [127.29604793340289, 35.62853839892251], [127.2955380313916, 35.62796282389407], [127.29491868536574, 35.62764888471596], [127.2943340388054, 35.62776746828294], [127.29353441239486, 35.62948184537143], [127.29355743749917, 35.629743168051085], [127.29394228052193, 35.63070259353738], [127.29398591831901, 35.63080317217177], [127.29406366132015, 35.63090040537404], [127.29419272271788, 35.63105430552125], [127.29434941326215, 35.63121876140297], [127.294499536967, 35.631364035938475], [127.29486014394796, 35.63170899169017], [127.29505498886316, 35.63188841223941], [127.29544824449376, 35.632196849108034], [127.29681194389305, 35.63314644435033], [127.29705782764502, 35.63330004967919], [127.29726400051129, 35.633377677959665], [127.2974741617038, 35.633455398248664], [127.29960115846421, 35.634091591070835], [127.30317634822418, 35.635055622306815], [127.3055767297862, 35.63532538197871], [127.30592011180977, 35.63536093315004], [127.3061094857494, 35.63533953184339], [127.30646789951734, 35.63520758133095], [127.30679267688606, 35.63505668989246], [127.30709519209842, 35.63488757659356], [127.30723090738694, 35.634837202396874], [127.30738025408425, 35.63482953023773], [127.30790871970407, 35.634911011148475], [127.30829237351479, 35.63497095343689], [127.3083770428647, 35.63499652904243], [127.31044907054753, 35.63663228344182], [127.31667444971262, 35.642742318473566], [127.31890983123009, 35.645277047177586], [127.31890065476367, 35.64533060920276], [127.31926427788454, 35.64915638040527], [127.31929148808618, 35.64928042366533], [127.31945495256966, 35.64995917789662], [127.31953367364072, 35.65020782095402], [127.31963362371313, 35.65040493243948], [127.31975492280368, 35.65058558649495], [127.32001174172048, 35.650805269680504], [127.32022638679737, 35.65092258326647], [127.32164500936774, 35.65113342512943], [127.32176180177882, 35.651180146374266], [127.32324188736395, 35.65191238002287], [127.32338851878629, 35.6520203101946], [127.32349979228829, 35.65215034811261], [127.32820433226313, 35.65032782003605], [127.33141441971432, 35.64763705419982], [127.33143269351233, 35.64760302279848], [127.3315626754782, 35.64752524651446], [127.33193073515818, 35.64734605537402], [127.33216711662925, 35.64725797587474], [127.3323130832723, 35.64720521558174], [127.33244928980007, 35.647165372944315], [127.33265285067637, 35.64713434267232], [127.33441384346227, 35.6469767343106], [127.33450857398759, 35.64697492416386], [127.33457554025222, 35.646976515593956], [127.33465848531517, 35.646992990758186], [127.33471855872445, 35.647019767348205], [127.33524155869472, 35.64730348450946], [127.33538877820591, 35.64741284540621], [127.33595890539017, 35.64787415706921], [127.33634927913083, 35.648200519583064], [127.3369122244324, 35.64868276397007], [127.33794852049759, 35.649577537017784], [127.33882690768787, 35.65073240940288], [127.34156814660525, 35.65536130561371], [127.34238171119146, 35.657397048608736], [127.34280912295841, 35.65898641792266], [127.34758524385296, 35.661659029199676], [127.3476627344578, 35.66170171190786], [127.34782836464011, 35.66174674295252], [127.3505113109037, 35.66229608133732], [127.35061761763778, 35.66231289367184], [127.3507284352336, 35.66232213318455], [127.35647007988935, 35.66113060618286], [127.35660534738571, 35.66109975165802], [127.35683133240725, 35.6610081519778], [127.35700141111697, 35.660932929691555], [127.35709798824884, 35.660871644145345], [127.35903158020949, 35.65949696748165], [127.35911646293886, 35.659414331890986], [127.35918264223858, 35.65934366263932], [127.35929021263678, 35.65912766141707], [127.35932003783135, 35.659032563719045], [127.359333999968, 35.65898802434852], [127.35938998425554, 35.65873927632895], [127.35942210435226, 35.65861300059599], [127.35945886636458, 35.6584862785448], [127.35952031689735, 35.658372248883545], [127.35957010407482, 35.65829540204835], [127.35962949204028, 35.658261965257424], [127.3600274568924, 35.65825647309373], [127.3619931467734, 35.65859343411772], [127.36214256570307, 35.6586192101642], [127.3622711166303, 35.65864540937731], [127.36242057183273, 35.65867977599284], [127.36254228751109, 35.65872986610701], [127.36266035181553, 35.65878521844165], [127.36469721351912, 35.660393001806185], [127.36603825606615, 35.66049711360694], [127.36618618225654, 35.660523224696185], [127.36625489844832, 35.660535372250116], [127.36633387087612, 35.66055803260441], [127.36641623462883, 35.66058167044497], [127.36652053783845, 35.66064191317368], [127.36662488639789, 35.66073676729454], [127.36669316266091, 35.66083959431444], [127.36676827504978, 35.6610106941733], [127.36682039779456, 35.661186846620836], [127.36684576923204, 35.66127262558276], [127.36693388621364, 35.661512999529585], [127.3671205654271, 35.66198064791658], [127.36733295226891, 35.662418195856766], [127.36742064306937, 35.662565126119745], [127.36748667858646, 35.66263413402259], [127.36752500846086, 35.6626599722394], [127.36762057281135, 35.66269259062464], [127.3713289257559, 35.66339028741184], [127.37451530215588, 35.66394670586003], [127.37712958409662, 35.66423537257019], [127.37728382357905, 35.66410081518111], [127.37769493118174, 35.66371637016291], [127.3777299582425, 35.66364929183759], [127.37868700901109, 35.6609674552234], [127.37871675558229, 35.66081243114118], [127.37868744238887, 35.66072986866058], [127.37832219553395, 35.658280456662425], [127.37789624723585, 35.654535830269324], [127.37789081205275, 35.65441380865249], [127.37789818927666, 35.65426805157638], [127.37791862973614, 35.654176152219605], [127.37796983325632, 35.6541208178166], [127.37801480650256, 35.6541036698938], [127.37813675715313, 35.654072205995384], [127.37818498656826, 35.65405976518954], [127.37835684385284, 35.654019953606834], [127.37874086739123, 35.65396221266488], [127.37893546193628, 35.653966936497014], [127.38011465194856, 35.654142075998244], [127.3836197379545, 35.65476592748953], [127.38515540128152, 35.65514560957375], [127.38759019033301, 35.65556827288668], [127.3877493148088, 35.65556651883173], [127.38812192295828, 35.65547994870796], [127.38818204426997, 35.65545804045479], [127.38831450823555, 35.65540976483303], [127.3886241649182, 35.655274929171895], [127.38868645218128, 35.65524438580481], [127.39082730044339, 35.653674471140505], [127.39096503678712, 35.653566312744125], [127.39212807952993, 35.652393246469195], [127.39262366631347, 35.65189241010466], [127.3926803507359, 35.65183383198236], [127.39620421058592, 35.65149642362299], [127.3990766866571, 35.65172186637319], [127.39915046386857, 35.651724663767844], [127.39919336529192, 35.651713807795936], [127.3992373244326, 35.651671742205885], [127.39934421197188, 35.65155982095973], [127.40017471845935, 35.6504943810875], [127.40024120847067, 35.650408909595285], [127.40141522316526, 35.64952214027863], [127.4031569017286, 35.64826508790229], [127.40331990751403, 35.64815973158058], [127.40343524487153, 35.648093050841396], [127.40350212050691, 35.64805438952442], [127.40363557238635, 35.648000848377905], [127.40703611072462, 35.64685610396542], [127.41070477428187, 35.645630953340444], [127.41079913515496, 35.645643780666916], [127.41084468836466, 35.64564882665143], [127.41103063705731, 35.6456152236016], [127.41107268948655, 35.64560255134702], [127.41117605640572, 35.645571391849856], [127.41266354613114, 35.64507025299055], [127.41444757669407, 35.644221741403115], [127.41448926223788, 35.644190403586386], [127.41508473341366, 35.64367715259706], [127.41516077664457, 35.64360822833194], [127.41524982361652, 35.64351147930408], [127.4153589780214, 35.643374108880955], [127.41550467696734, 35.64315197935484], [127.41559697703737, 35.642999634939876], [127.41567741246612, 35.64284099585641], [127.41578014062125, 35.642634520952384], [127.41582749800916, 35.642546220518796], [127.41588206127683, 35.642485560604236], [127.41593008113819, 35.64243739834669], [127.41660206291525, 35.64180432167813], [127.41664009440753, 35.64177111326012], [127.41667990456465, 35.6417492722345], [127.41671979537058, 35.64172739518546], [127.41695344679181, 35.64164528743652], [127.41862320655358, 35.64109813220084], [127.41871735693543, 35.641070488124825], [127.42071728648992, 35.64066357283563], [127.42185265040379, 35.6406683586658], [127.42395317405419, 35.64077268304543], [127.4251572438089, 35.64097177724606], [127.42527495307093, 35.64099388840935], [127.42858316260569, 35.640954797231686], [127.43142788712319, 35.637620962375955], [127.43154958243504, 35.63746072837019], [127.43213320399052, 35.636622885895186], [127.43219192588323, 35.63651777318432], [127.43222408875363, 35.636420868540384], [127.43258655719866, 35.63453185757894], [127.43258635007125, 35.634493103680654], [127.43250675072616, 35.6343900970859], [127.43235889335844, 35.634280946160764], [127.43075382507976, 35.63245212596442], [127.43060462930902, 35.63227682437443], [127.43055161836845, 35.632149558459695], [127.43046333518826, 35.63190779874044], [127.43044181603304, 35.631764295103686], [127.4304416077166, 35.631725564626606], [127.43051058904953, 35.63002954096183], [127.4305163389061, 35.62999086079614], [127.43110623094637, 35.62903033833825], [127.43138961268095, 35.62861790772582], [127.43152018296357, 35.62844800385137], [127.43160518711625, 35.628377992126744], [127.43166185499321, 35.6283313215161], [127.43173026497347, 35.62829714628833], [127.43188953190433, 35.62821758376631], [127.4320335147656, 35.62816054915517], [127.43221326350329, 35.6281260270648], [127.43257086324752, 35.6281134802163], [127.432642075821, 35.62811322611529], [127.43268451000088, 35.628101793466946], [127.43286015263877, 35.62804304348249], [127.43313375845963, 35.627904785143286], [127.43330965041518, 35.627814860986824], [127.43338881010985, 35.6277742683098], [127.43438441318125, 35.62697235588408], [127.43443878677992, 35.62692313283829], [127.43453884320793, 35.626829211841084], [127.43491021416493, 35.62642365957855], [127.43499023207265, 35.626318820105226], [127.43500938706647, 35.62626693504931], [127.43520004017347, 35.62565619120353], [127.43556384262044, 35.62430159498688], [127.43563633965485, 35.624010323012264], [127.43565686327523, 35.62390713373423], [127.43599083900715, 35.62185752007255]]]]}}, {"type": "Feature", "properties": {"dong_cd": "5275035500", "dong_nm": "오수면", "sigungu_cd": "52750", "source": "admdongkor-ver20250701"}, "geometry": {"type": "MultiPolygon", "coordinates": [[[[127.3354672419492, 35.583737055823356], [127.3357061502934, 35.58138008699765], [127.33685910754765, 35.57723157539609], [127.33709218023934, 35.57643599271904], [127.33666805649344, 35.57467544564493], [127.33663494924045, 35.574615227792194], [127.33659651015272, 35.57457739175136], [127.33653072608648, 35.574519533389285], [127.33632394473761, 35.574428547900034], [127.3359377295273, 35.57424430303129], [127.33585271929735, 35.57417533045089], [127.33575111624542, 35.574068437649075], [127.33508252247952, 35.573014151089026], [127.33501374224197, 35.57289601199289], [127.3328407630948, 35.568271014736226], [127.33279079932396, 35.568085842263756], [127.33278778552912, 35.56802104132813], [127.33290605241547, 35.56386982942946], [127.3329856109662, 35.56179080090543], [127.33298795359937, 35.56169028720314], [127.33296575918673, 35.561603298656465], [127.33223056410309, 35.55995749018237], [127.33148567175733, 35.55857290828025], [127.33081837168346, 35.55746721904491], [127.33011645356251, 35.556226523943835], [127.32957654388551, 35.555165184604974], [127.32917888077587, 35.554143585686184], [127.3290958114648, 35.55389595325572], [127.32876699601614, 35.55266469079563], [127.33226785441632, 35.55021326002199], [127.33233208127078, 35.550169734211714], [127.33245855374314, 35.55011107844166], [127.33273812419435, 35.550056420170236], [127.33291084176169, 35.55005594550862], [127.33307892440351, 35.55005917181278], [127.33322765766856, 35.55007555340359], [127.33349653985049, 35.55010518026552], [127.33366257811004, 35.5501479786277], [127.33377779412186, 35.5501928111904], [127.33391177087955, 35.55029220733705], [127.33403888989994, 35.55041993399379], [127.33411730078201, 35.55052283571774], [127.33458593659097, 35.54874823370392], [127.33888570768539, 35.54515418330026], [127.3392459553449, 35.544882069221806], [127.340701597406, 35.54388024670199], [127.34316097826806, 35.54273633731061], [127.3432804105629, 35.54268327107749], [127.34337699539986, 35.54265289964231], [127.34492075135404, 35.542326654574104], [127.34505420154662, 35.54229984838128], [127.34516826511637, 35.54231152984512], [127.34532959437361, 35.542358122875264], [127.345534971065, 35.542476142277295], [127.34568295732899, 35.542630024545836], [127.34578382312654, 35.54269913793645], [127.34632579909395, 35.54292344920051], [127.34639778257565, 35.54295215875967], [127.3464517170414, 35.542973664459495], [127.34655992918724, 35.54297901289914], [127.34664734447458, 35.542971204794796], [127.34671857600956, 35.54294468640708], [127.34778505035791, 35.54227402397384], [127.34788506805899, 35.54220408651757], [127.34800456801298, 35.54211485091366], [127.3489866998888, 35.54041363632563], [127.3497976753708, 35.537234247670256], [127.34935131035934, 35.53528945829573], [127.34766096827626, 35.533108692750226], [127.34662144356635, 35.529591939712034], [127.34550982562378, 35.52811365827028], [127.34442454150097, 35.527013565507986], [127.34274701531278, 35.52594208460834], [127.34242271559758, 35.52577690021455], [127.34231222396436, 35.525744416715696], [127.34074275618686, 35.525817238832694], [127.34067601098965, 35.5258529467686], [127.34062279823809, 35.52591870879668], [127.34060010749378, 35.52608288724261], [127.34062810792865, 35.52639457103339], [127.34062255317193, 35.526596026178886], [127.34052218691048, 35.52731760819459], [127.34046585534797, 35.527424382719886], [127.34033579274076, 35.52751227797202], [127.34013883320594, 35.52761405211776], [127.33991834683259, 35.52766387959612], [127.33791551344994, 35.52781143917778], [127.33787538503265, 35.527811551152155], [127.33783178533014, 35.52780077265455], [127.33779821960675, 35.52776533359503], [127.33776446732432, 35.527677925958095], [127.33772318852648, 35.52661137021067], [127.33770811352788, 35.52614489910636], [127.33771395647219, 35.52593154971973], [127.33774682576322, 35.52580572067925], [127.33779618962018, 35.525639997122525], [127.337885732638, 35.52545373443323], [127.338238738071, 35.5249206167977], [127.33840888573425, 35.52468308130819], [127.34296666978908, 35.52048747016075], [127.34316889551759, 35.52031827065973], [127.34540391587309, 35.51887506916926], [127.3498656199956, 35.51588413173601], [127.35469578887344, 35.51230543811897], [127.35482244854637, 35.5120057593664], [127.35480400440258, 35.5106110487655], [127.35465510778307, 35.51049009478322], [127.35450970848255, 35.51038930340238], [127.35421876250845, 35.51015454850447], [127.35418000551152, 35.51011156878833], [127.35414799923075, 35.51002551286427], [127.3541333322417, 35.5098976531678], [127.35415052693655, 35.50979855369401], [127.35444277040833, 35.508342549107645], [127.35499621877533, 35.50635439682068], [127.35534337263066, 35.50463316374755], [127.35286288378165, 35.503811812170696], [127.35296266725541, 35.50371831273136], [127.35385189714296, 35.50288512840259], [127.3555804340468, 35.50232133371261], [127.35607871716145, 35.5016866118494], [127.35624552937, 35.50025574207795], [127.35225145539059, 35.497294890105195], [127.35024465498597, 35.496689807257134], [127.34686407009806, 35.49649838126339], [127.34514278756292, 35.49661506135582], [127.34453236617011, 35.49660188384828], [127.34137949889725, 35.49640220647085], [127.34107799921173, 35.49619447367542], [127.34083995651534, 35.49591203490862], [127.3403638412104, 35.4953397198285], [127.33865624380084, 35.49396627130223], [127.33481554175128, 35.492613609232336], [127.33443757706341, 35.49257477298439], [127.33425048746295, 35.49255555673623], [127.33220920983483, 35.492367472219726], [127.33213743207824, 35.49239117826384], [127.33179643446586, 35.49250380520816], [127.33175752412264, 35.492516670080995], [127.33149253475922, 35.4930920801951], [127.33117555048372, 35.4935473894335], [127.32960417373938, 35.494669179698136], [127.32732972010635, 35.49540543118236], [127.32600138917093, 35.49582622262415], [127.32527254719886, 35.495813275487855], [127.32467074391397, 35.49567332192094], [127.32114024346805, 35.49440879379695], [127.32045447607396, 35.493762476110426], [127.32003399009623, 35.49339851856619], [127.31942355917683, 35.49337778159338], [127.31874145174551, 35.493655211401645], [127.3178588418374, 35.49527388100764], [127.31782432240618, 35.49533719095955], [127.31780985434732, 35.49536371424175], [127.3168168051809, 35.49534395734428], [127.31552280530018, 35.49523558630333], [127.31055304200365, 35.49394467958281], [127.31040709648946, 35.49389290645683], [127.31025996745159, 35.493535675645774], [127.3077320872943, 35.48753745803831], [127.3072204918873, 35.486395967328896], [127.30493450123583, 35.48691204148887], [127.30245927216605, 35.48825829317158], [127.29915388988971, 35.49126699908332], [127.29913332918069, 35.49130297030569], [127.29912837498107, 35.49134089437167], [127.29916764248706, 35.49150447018924], [127.2992117254985, 35.491614136003015], [127.29925875178724, 35.49173110660711], [127.3008618873807, 35.49472512201901], [127.30175630527614, 35.49628296468213], [127.30187308588357, 35.49648322947485], [127.30194424381074, 35.496562171940454], [127.30208011925595, 35.496672691464596], [127.30230617076627, 35.49676181054873], [127.30267398294701, 35.49680315360503], [127.3030804176282, 35.49685487186089], [127.30322621946354, 35.49691111233961], [127.30407231818785, 35.497262576321646], [127.30416938862612, 35.49734147118014], [127.3042267836116, 35.497409136234424], [127.3042989001316, 35.497494180448015], [127.30610734667623, 35.49999108495153], [127.30780126857817, 35.50243067740523], [127.30786828323316, 35.5025066342135], [127.3078983378597, 35.50253595831163], [127.30819518613339, 35.502572164573444], [127.30858231578453, 35.50261337155798], [127.3088790253438, 35.50263903091652], [127.30923911597507, 35.502641237317405], [127.30947884488386, 35.50264270532748], [127.30953898632677, 35.50264623112703], [127.30965302464958, 35.50265292113426], [127.30971500405919, 35.50267568772326], [127.30974287121097, 35.50269215013393], [127.30976933098056, 35.502710655300966], [127.30982767099346, 35.50277909817461], [127.31011615194606, 35.50319052985516], [127.31173605408054, 35.50765788591593], [127.31211123562943, 35.5090510489959], [127.31360476488571, 35.51244967600308], [127.31586785455852, 35.517481328374345], [127.31642315415878, 35.518559536716594], [127.31726756531825, 35.52006673211664], [127.31728708789095, 35.520095809729], [127.31733413154119, 35.52011684559002], [127.31738098336302, 35.52011935643478], [127.3174262472514, 35.52010471969786], [127.31749896451086, 35.520066126668226], [127.31757810577139, 35.520035453616735], [127.31766380633891, 35.52001676363805], [127.31773865546427, 35.52000931899893], [127.3177877782471, 35.520004440365426], [127.31784258475858, 35.520008599568584], [127.31791730092269, 35.520029252303374], [127.3179837854463, 35.52005953948533], [127.31803240894773, 35.520087262402704], [127.31811677681364, 35.52015184156116], [127.31818338515914, 35.52021386382093], [127.31833757737816, 35.520427329082395], [127.31838813582287, 35.52053039969695], [127.3184470269426, 35.5206745500619], [127.3184618086506, 35.520733534883924], [127.31847008363444, 35.520790392802496], [127.31848012817265, 35.52087642584939], [127.3184953928235, 35.52105502896156], [127.31851068402486, 35.521244893900565], [127.31851445817645, 35.52136394999514], [127.31851394007234, 35.52139812862446], [127.31851313613664, 35.521450023635666], [127.31850250927747, 35.521635345749544], [127.31849166447564, 35.52173668376678], [127.31815219396846, 35.524678584329656], [127.3189576936622, 35.52845922553999], [127.31897556829757, 35.52854793460747], [127.31894811189558, 35.52868556392706], [127.31860624209378, 35.529199458425836], [127.31604810684614, 35.53256926123473], [127.3135484809851, 35.53450513880941], [127.3132559905444, 35.53451447562865], [127.31304174504197, 35.534569185707475], [127.31276190464534, 35.5346601387114], [127.3119866532039, 35.53500650739814], [127.31095889539489, 35.53548257283592], [127.31090831179965, 35.535528041925545], [127.31087807541189, 35.535558725880925], [127.31029177635642, 35.53653154196064], [127.30993613333094, 35.53712693395451], [127.30995950465437, 35.537305849769034], [127.30996680022223, 35.53736172916294], [127.30996649083522, 35.5377117972495], [127.30992999457779, 35.53779932179602], [127.30928668314347, 35.53881047696541], [127.30924604209079, 35.538846334906395], [127.30405229808366, 35.542069950503766], [127.30399815304493, 35.54209728745014], [127.30386716174274, 35.542101947058185], [127.30369547399037, 35.54210237731386], [127.29817587261954, 35.54138194726089], [127.29687869317952, 35.54037120143164], [127.29541016965551, 35.539246732749056], [127.29535030358718, 35.53922244860592], [127.29465074894179, 35.53903614470302], [127.29437463267476, 35.53897291496523], [127.2941276707425, 35.53891966887715], [127.29404422337603, 35.53891562941476], [127.29398816178379, 35.5389193260508], [127.2915439945376, 35.53946294505748], [127.29136297688899, 35.53950492086298], [127.2911650599196, 35.539563436969296], [127.29102727920144, 35.539629602975104], [127.2910017042456, 35.53964464525825], [127.29089889383587, 35.53970513444228], [127.29079804173101, 35.53977865955157], [127.29013571394667, 35.540378164145736], [127.29004792176903, 35.54046103001463], [127.29001194930683, 35.54049499248073], [127.28958412921696, 35.541086453496376], [127.28955066694313, 35.54114286435505], [127.28951124312073, 35.541248219600156], [127.28950233254201, 35.54134792959494], [127.28951638770044, 35.54142116542043], [127.2896188886705, 35.541774422220165], [127.28970912531234, 35.5419395827158], [127.28973488597744, 35.54199366419245], [127.28977624310585, 35.542080491433474], [127.28979947223475, 35.54215394337849], [127.28979514270813, 35.542221393615606], [127.28904799517242, 35.54350544924289], [127.28886952488892, 35.543769055787315], [127.28782542222926, 35.54497665523352], [127.28778650606742, 35.54501252875671], [127.28774751707603, 35.545025786683965], [127.28770152463254, 35.54502778585474], [127.28726269207932, 35.54500209960849], [127.28603466482024, 35.54571228937555], [127.28423183560851, 35.5469385840334], [127.2840211565871, 35.54717785558453], [127.2838515338996, 35.54733425211361], [127.28266124687268, 35.54817936855575], [127.28248934590819, 35.54829887391444], [127.28243879477387, 35.54833401418941], [127.28195693489104, 35.54864159095999], [127.2818642212912, 35.548687342122435], [127.27910338790095, 35.549900353322116], [127.27833858024873, 35.550163398555824], [127.27822380810626, 35.5502050308476], [127.2781667339038, 35.55023557688597], [127.27813200359223, 35.55025417914932], [127.27705374464614, 35.55096732734128], [127.27696666319873, 35.55104267669182], [127.2769156082551, 35.55112676119077], [127.27685689099093, 35.55122346914855], [127.27626812767629, 35.5525370951007], [127.2762499036523, 35.55259356286967], [127.27625490613424, 35.55269881022912], [127.27633507849282, 35.55305058087008], [127.27716218135555, 35.55535284529764], [127.27723495243313, 35.55547679738108], [127.28221830091525, 35.56249914030567], [127.28244072917687, 35.56270484400149], [127.28267334917096, 35.562891755264914], [127.28294672808516, 35.56309310647893], [127.28308218677483, 35.56318858698936], [127.28367733704873, 35.56358711072595], [127.28379480626882, 35.56364721676925], [127.28416738224207, 35.56379425135429], [127.28511801636742, 35.56449393268061], [127.2860131779897, 35.56540826213394], [127.28790924185981, 35.5682321117334], [127.28796329504165, 35.568358975318716], [127.28913944213137, 35.57361514618632], [127.28951291503475, 35.57547202620985], [127.29104583284376, 35.578145381197224], [127.29332713887568, 35.58155745612931], [127.29338884064781, 35.5816276097097], [127.29341032090755, 35.581646766128756], [127.29343929004366, 35.58166634472906], [127.29347389079346, 35.58168364186522], [127.29352845497931, 35.58170217239035], [127.2959139354082, 35.58226175560409], [127.2959876685298, 35.5822731817696], [127.29617999757956, 35.58227993684185], [127.29623030029983, 35.58227748823818], [127.29649045154517, 35.58224438797064], [127.2970689625129, 35.582141027360805], [127.29715637350452, 35.58211909385154], [127.29722268632935, 35.58209632321603], [127.29738127672306, 35.582041838684276], [127.2975661319037, 35.58196658153731], [127.29762464784055, 35.58194769183487], [127.2978227794005, 35.581912855252945], [127.29794706245448, 35.58192786792818], [127.29802754468277, 35.581942908977915], [127.29812155952139, 35.58197261191662], [127.29817593123367, 35.581998416375946], [127.29913318712765, 35.58248745297902], [127.29917167924208, 35.58251573081501], [127.29919150911493, 35.582537858916524], [127.30069256841348, 35.5848248442927], [127.30197597169537, 35.58767627908409], [127.30279379314742, 35.58778422077183], [127.30289725500016, 35.58780550495614], [127.30294796474021, 35.58782027221866], [127.30298951064233, 35.58783636614361], [127.30302245323496, 35.5878529707574], [127.3030601759139, 35.58787702272495], [127.30421839323671, 35.588617954421586], [127.30426777589692, 35.588661717083475], [127.30473351781622, 35.58913181795326], [127.3047785275879, 35.58918652391182], [127.30486260500611, 35.58930608149088], [127.30493138498454, 35.58943272920698], [127.3058638994569, 35.59174843779282], [127.30807213089622, 35.58997277713381], [127.3095009902378, 35.58984113208607], [127.3133356534802, 35.588965954892934], [127.31754727199281, 35.58815415945775], [127.31797499140589, 35.588079861517414], [127.31810181079531, 35.58806476722071], [127.31818090633541, 35.58806040533819], [127.31939879227807, 35.58805279153904], [127.31950682227824, 35.58805727950301], [127.32257940853557, 35.58621617890322], [127.32699046248733, 35.58342965655224], [127.3302023786771, 35.58279834022081], [127.33027333113702, 35.58279939951099], [127.33126491089875, 35.582866806398435], [127.33356816356505, 35.58321377844901], [127.33462857298463, 35.58338364111623], [127.33468756320832, 35.58339879230954], [127.33508456035447, 35.58356516235086], [127.3354672419492, 35.583737055823356]]]]}}, {"type": "Feature", "properties": {"dong_cd": "5275036000", "dong_nm": "신덕면", "sigungu_cd": "52750", "source": "admdongkor-ver20250701"}, "geometry": {"type": "MultiPolygon", "coordinates": [[[[127.1863091972378, 35.73581713319235], [127.18738147451428, 35.735257314138835], [127.1880735083116, 35.73436618450664], [127.1883496058379, 35.733701995506024], [127.18847778856907, 35.73311344929164], [127.18804982522606, 35.73214861940384], [127.1878812815982, 35.73130407497393], [127.1879543285699, 35.730881564689625], [127.18849077057034, 35.73074496008444], [127.19032239235257, 35.73044037990454], [127.19427233965054, 35.72975526197721], [127.19504037781782, 35.72946382291224], [127.19515067185084, 35.729421963760835], [127.195668441584, 35.729225012939374], [127.19722135484255, 35.72849837390106], [127.19784944281322, 35.72801461177219], [127.19799658617276, 35.72763722918517], [127.20062862056115, 35.72549071982945], [127.20123905185855, 35.72536901721884], [127.20315330804209, 35.724867995915545], [127.2045216923873, 35.72441311825203], [127.20557498379223, 35.72377773481526], [127.20595294869524, 35.72321891759522], [127.20668614644808, 35.72045698525269], [127.20675777245872, 35.71952153190935], [127.20670108096948, 35.719069060788456], [127.20639280119873, 35.71792305759201], [127.20592773306333, 35.71697344642498], [127.2054619802484, 35.7157522930656], [127.20553485047884, 35.71529959536634], [127.20571859525093, 35.714786369801104], [127.20610616009353, 35.71437839359117], [127.20685420230903, 35.71383402906205], [127.20737097729256, 35.71330514048958], [127.20755481890538, 35.712837168757304], [127.20762658499126, 35.711962064884005], [127.20758692766047, 35.71093630211572], [127.2077698343912, 35.71010626193823], [127.20793563062901, 35.70981934690231], [127.20835118770134, 35.709516923991636], [127.20877197882233, 35.70933562703356], [127.20953486566222, 35.709303674602644], [127.21568973875227, 35.71019803816502], [127.21899463386045, 35.71091621645588], [127.22022610470233, 35.71126095630455], [127.22218864805939, 35.71166469830524], [127.22341038332314, 35.71182839714325], [127.22395597076257, 35.71172177909947], [127.22643081620268, 35.71004265988712], [127.22692846402977, 35.70934778385329], [127.22705704842808, 35.70901565086157], [127.22740751876111, 35.708622760668], [127.22774889014754, 35.708290234041606], [127.23222551439355, 35.70466113576591], [127.23324131030185, 35.70402558231623], [127.23383311759224, 35.70393392117659], [127.23429568005066, 35.703933027187695], [127.23472122738784, 35.703932203125525], [127.23483220770927, 35.70391691338525], [127.2351281157673, 35.703871077471476], [127.23600587455756, 35.70349222696264], [127.24055207847432, 35.69859546815059], [127.2412159449964, 35.697870021924054], [127.24152779748194, 35.69697934717307], [127.24170709983545, 35.69507816841389], [127.24156563553818, 35.69417330610288], [127.24117379311943, 35.69305772648927], [127.24067124428859, 35.69203289485426], [127.23994674141115, 35.691023581275225], [127.2398530865719, 35.69063153339874], [127.24002792884576, 35.69032945754613], [127.24124381743158, 35.68863742930371], [127.24217633071078, 35.687074618513186], [127.2424302061915, 35.685615721844826], [127.24330636139558, 35.68247828898044], [127.24337920349927, 35.68210098830998], [127.24337792923008, 35.68167857568078], [127.24282999131242, 35.68092538695652], [127.24260414188973, 35.680632276333405], [127.24245859556207, 35.68044337996796], [127.24238371241853, 35.68014180707195], [127.2424934951806, 35.67974937787536], [127.24315392114336, 35.67793773792387], [127.24336352379251, 35.677667627070875], [127.24348354697162, 35.6775129738779], [127.24284266321251, 35.67695588545696], [127.24233735329327, 35.676437276367565], [127.24200954498963, 35.67582164229905], [127.24160666945728, 35.67486778248636], [127.24129402773805, 35.674360864420024], [127.23642164874315, 35.67249741782938], [127.23571021549725, 35.672390058080005], [127.23521379740643, 35.67235477093525], [127.23469537820127, 35.67239202795853], [127.23423635613257, 35.67247750015545], [127.2341448274617, 35.67252969874413], [127.23389617186893, 35.67267151670639], [127.2336451595218, 35.67296201395613], [127.23352785389596, 35.673385186384856], [127.23345496986376, 35.67379618748939], [127.2330118261964, 35.674256239607935], [127.23264238579402, 35.67458324180244], [127.22826236422618, 35.67648880822027], [127.22780344068924, 35.67662258658882], [127.22741832454678, 35.676659566176816], [127.22695907535348, 35.676672516349974], [127.22654415384895, 35.67664912117709], [127.22588464765099, 35.676577848136866], [127.22475715136954, 35.676048250404676], [127.22253842895252, 35.67468682121333], [127.22231546504214, 35.6744213774504], [127.22222556398388, 35.67405901556795], [127.22223893157792, 35.673527268123145], [127.22228178192604, 35.67294714621262], [127.22244284408991, 35.672258049535245], [127.22251469366263, 35.671448278827796], [127.22228343251999, 35.67085656707845], [127.22206016749345, 35.670482381451926], [127.22174867256153, 35.67033793242806], [127.22117086686397, 35.67032689508629], [127.21766935669706, 35.67114289033141], [127.2163814403644, 35.671507726558424], [127.21549981553355, 35.67146097045523], [127.21517362552513, 35.671364866182856], [127.21342111489128, 35.66972451840431], [127.21311640491442, 35.669338347837204], [127.21326310193156, 35.668794304732536], [127.21476891855794, 35.66403044182237], [127.2150192215412, 35.66344995271722], [127.21595048798665, 35.662711159651444], [127.21662235756658, 35.66191239946881], [127.21719811932364, 35.66118632010802], [127.2174778693322, 35.66055742784827], [127.21756526068154, 35.66000139999991], [127.2174897024386, 35.659445647179325], [127.21710349630337, 35.659047561809295], [127.21590930625608, 35.65838505874575], [127.21525767555724, 35.658434559955325], [127.21451785535855, 35.65873797374007], [127.21423315214273, 35.65891573076422], [127.2138967462129, 35.65912576208883], [127.21205500961584, 35.66005950752917], [127.21135925586019, 35.660229894138546], [127.21095934465772, 35.66024266876703], [127.20823562381226, 35.658096382743864], [127.20773067443658, 35.65757761489701], [127.20741034769655, 35.65685311777477], [127.20748204578942, 35.65593458248181], [127.20748080452213, 35.65545121980588], [127.20725716585694, 35.65488363526804], [127.2065057734482, 35.65355565796575], [127.20589792092096, 35.65332707568975], [127.20503856513375, 35.65321976321843], [127.20453496138501, 35.653220613384285], [127.2040610834586, 35.65325767232866], [127.20342476974153, 35.65348834317289], [127.20177613110278, 35.65463911020277], [127.20035599223819, 35.655366524099925], [127.19925262668465, 35.6554166966086], [127.19827419722064, 35.65507991855452], [127.1972211390075, 35.65450160597392], [127.19602699383394, 35.65376640213755], [127.19532958646826, 35.6532478906138], [127.1945138719413, 35.65280208189562], [127.19412836405607, 35.652633520567846], [127.19292015168323, 35.652188324741125], [127.19228303800436, 35.65209266991772], [127.19163213963934, 35.65243205589618], [127.1911747716289, 35.65332747444737], [127.19011463346972, 35.65596466917663], [127.18989976108155, 35.65639732975256], [127.18977125452459, 35.65665608105004], [127.18948999976575, 35.65709150916933], [127.1889890111741, 35.65745050520483], [127.18804844082989, 35.65760550093461], [127.18729570225997, 35.65760666482664], [127.18669960802842, 35.65753082119323], [127.18600951979728, 35.65750629806892], [127.18525726060152, 35.657712142025474], [127.18485315599514, 35.65929920203458], [127.18469720630063, 35.659683257242754], [127.18441562241415, 35.65999072495489], [127.18385215460525, 35.66047776157793], [127.17738351574886, 35.66427434999298], [127.17668508982561, 35.66456048506321], [127.17656869812546, 35.6646081668162], [127.17313670338883, 35.665866898044555], [127.16728975258813, 35.66735917135899], [127.16681306835811, 35.667462204582826], [127.16609827865106, 35.6676166915681], [127.16540838697281, 35.6677199816774], [127.16415344810414, 35.66761933557057], [127.1608753184117, 35.66754694855053], [127.15612906730107, 35.66810960047305], [127.15424173824638, 35.667964948680584], [127.15326976044518, 35.66819647267889], [127.15276844562676, 35.66850415232147], [127.1519234080757, 35.669528722457116], [127.15170430954932, 35.66978487561561], [127.15110865100198, 35.669964719575056], [127.15057532502952, 35.6699397990175], [127.15001004983142, 35.669607852823695], [127.14939745966578, 35.66912244525832], [127.14926784139406, 35.666870888289466], [127.14942255637227, 35.665719250477366], [127.15048443996588, 35.66323594570455], [127.15070591310378, 35.66279052462524], [127.15082817200286, 35.662544653998175], [127.15112295029144, 35.66231238579261], [127.15167381286143, 35.661878331506806], [127.15185701409148, 35.66145968077088], [127.15218914244858, 35.6607006418148], [127.15235889817818, 35.66027231195053], [127.15259496153375, 35.659676631230276], [127.15303174591583, 35.65844786370855], [127.15252857372091, 35.657732040519186], [127.1519947123746, 35.657374492553735], [127.1518854407356, 35.65725427297539], [127.15146040922431, 35.65678663667816], [127.15002766316704, 35.65371790551475], [127.14983844998724, 35.65315519494558], [127.14955326518655, 35.65156911968111], [127.14955222546622, 35.65100618316793], [127.1496137653329, 35.650366420375846], [127.149674796571, 35.64944518421877], [127.14917141376377, 35.64857582752458], [127.14832298288728, 35.64765570272762], [127.14645439482132, 35.646199461510164], [127.14573217125799, 35.64566298663426], [127.14510505845658, 35.64571492343324], [127.14419649499067, 35.64620215823165], [127.14370486743323, 35.64649863538102], [127.14241087797159, 35.64727894768804], [127.14190955796333, 35.64753541886563], [127.14131252061307, 35.64769856973364], [127.14115726176148, 35.64774098934159], [127.14062415133856, 35.64774160615981], [127.13947930110155, 35.64764057753717], [127.13891442085648, 35.64741093594666], [127.13822362611104, 35.64689995030276], [127.13759628268828, 35.646823907914786], [127.13656124223793, 35.6467227058741], [127.13613897335368, 35.64675451128137], [127.13552648105302, 35.64680064566864], [127.13537185577067, 35.64810578973203], [127.13465251413766, 35.64928362208634], [127.13203932862363, 35.65263845554925], [127.13075598411999, 35.65420070254411], [127.12947210206039, 35.65545587651733], [127.12821905934423, 35.656403937503576], [127.12756094419616, 35.656737269008204], [127.12732325940276, 35.65693692497814], [127.12698148760977, 35.65722403094582], [127.12706326204537, 35.65788284907499], [127.12707676516975, 35.65799157092907], [127.12767341639976, 35.65845151671741], [127.12839586074254, 35.65911603756192], [127.12864786892794, 35.65980663044726], [127.12940536238636, 35.66277401448255], [127.1309000674294, 35.66574057528451], [127.13091497160056, 35.6659735917619], [127.130990316039, 35.667151808877485], [127.13099660122607, 35.66725014549569], [127.1309689503127, 35.669553081941814], [127.12981103848003, 35.671268657237746], [127.12893313796238, 35.67155106729711], [127.12836848401629, 35.67155166382756], [127.12767835057812, 35.671552389121274], [127.12738013580112, 35.67177058982667], [127.12708301150015, 35.67198799430723], [127.12634844507845, 35.67367755762826], [127.12633355856951, 35.67429392745673], [127.12631814938959, 35.6749315733317], [127.12619649824896, 35.676824993091785], [127.12604113223829, 35.67779747947021], [127.12562204153848, 35.678292559584996], [127.12547747646298, 35.67846333256834], [127.12494492705008, 35.67897562204522], [127.12475744262946, 35.67946200358083], [127.124970867347, 35.68073463122226], [127.1249068167782, 35.6847840616668], [127.12469045578155, 35.68690802542487], [127.12508688876666, 35.689645502188], [127.1252756938317, 35.690003519727235], [127.12599848513905, 35.690719227422626], [127.12772556794327, 35.69156182966559], [127.12830811271938, 35.69163158685254], [127.12857291913586, 35.69166328697147], [127.12885598794813, 35.69164650691687], [127.12945139912007, 35.69161118296271], [127.13023606020872, 35.691738278239264], [127.13111595319866, 35.6925561357074], [127.13330017641914, 35.69465192784152], [127.13399263567023, 35.69593056911446], [127.13506179303177, 35.6972855054312], [127.13631845213509, 35.69815407580522], [127.13661287032967, 35.69821660427437], [127.13737599248881, 35.69837866793612], [127.13763689315351, 35.69843407190234], [127.13824923950251, 35.698689253932756], [127.1389407575644, 35.69935372902905], [127.13906683981097, 35.69968622307871], [127.13855572882005, 35.70056460099698], [127.13844107605767, 35.70076162517232], [127.13840474532252, 35.70082221581776], [127.13762746518051, 35.70211867236548], [127.13728409932679, 35.70374723841762], [127.13722275630016, 35.70403818908182], [127.13732034133213, 35.70605948172756], [127.1384730411647, 35.710280128377896], [127.13894553929443, 35.711277488730026], [127.13951206226344, 35.712197985130445], [127.13960679921502, 35.71253051391361], [127.1390937199466, 35.71532011977654], [127.13865891019144, 35.71800731090565], [127.13891032463908, 35.7181861385629], [127.14308937019112, 35.720688854877366], [127.14593218598965, 35.72186250401298], [127.14740819509208, 35.722244538963274], [127.15124136576854, 35.7241844602756], [127.15248283433664, 35.725001707613494], [127.1536759102257, 35.72512814491782], [127.1546805659788, 35.725203625998454], [127.15577909037442, 35.72512546612792], [127.15678314469656, 35.72489387494048], [127.15784959005418, 35.72445750579733], [127.15918261344028, 35.7239184320228], [127.15963922448661, 35.72395700229479], [127.15977912374481, 35.72396882427233], [127.16257528484638, 35.72516772447208], [127.16283170145724, 35.7252848392213], [127.16307799997398, 35.72539734210595], [127.16332974700276, 35.725704049341694], [127.16366560126995, 35.72614204767032], [127.16330115694544, 35.727085789429516], [127.16345955489261, 35.72780202880955], [127.1653307669772, 35.72946266880219], [127.16746891190715, 35.731122929155724], [127.16882090308005, 35.73211897737518], [127.17707398043767, 35.737710828704365], [127.1774825691931, 35.73791492737264], [127.17812684977532, 35.7382210463195], [127.17904924395236, 35.73805517168769], [127.17913111984515, 35.738040444659774], [127.17953807731469, 35.73750250098763], [127.18025834827995, 35.73668264149627], [127.18104230846406, 35.736272068957646], [127.18160713364021, 35.73614329117587], [127.18383569387386, 35.73593524261886], [127.1863091972378, 35.73581713319235]]]]}}, {"type": "Feature", "properties": {"dong_cd": "5275037000", "dong_nm": "삼계면", "sigungu_cd": "52750", "source": "admdongkor-ver20250701"}, "geometry": {"type": "MultiPolygon", "coordinates": [[[[127.3072204918873, 35.486395967328896], [127.30731342145627, 35.484398353094974], [127.30812185436446, 35.47965129534836], [127.30865960555225, 35.477660218904155], [127.30841695537462, 35.47765245377781], [127.30823408263356, 35.477662752567234], [127.30554903721573, 35.47788909385224], [127.3040419043113, 35.47812604169977], [127.30312876255462, 35.47832571297667], [127.3029228500159, 35.47836048166012], [127.30270719952274, 35.47838526790342], [127.30242370298092, 35.478389396331906], [127.30218249309175, 35.478386575708925], [127.30183217033749, 35.47834941838856], [127.2987948255511, 35.47801037872958], [127.2979523761202, 35.477720158851604], [127.29658456378533, 35.476432492090616], [127.29588941237364, 35.47561859708554], [127.29581838010532, 35.47550871558709], [127.2956652636377, 35.47530810057618], [127.29560698467633, 35.47524768368771], [127.29555459020098, 35.47520320476314], [127.2954050516836, 35.47513884072202], [127.29526783933633, 35.47509654507319], [127.29520444790629, 35.47508633609924], [127.29346803497556, 35.47504503177948], [127.29253144737751, 35.475094712475496], [127.29241701361607, 35.47510876752506], [127.2889044465919, 35.47630105269506], [127.28853712692252, 35.47643666658215], [127.28845001980238, 35.476479328874106], [127.28835687743019, 35.476530015309656], [127.28657806914929, 35.47778298791015], [127.28418613549846, 35.479132895750254], [127.2841284231082, 35.47914395070559], [127.28395938604054, 35.479078826230555], [127.28168304138518, 35.478037357836214], [127.28095322870496, 35.47767709746804], [127.27665598989907, 35.4754510049811], [127.27574595723922, 35.474697167899855], [127.27500672469846, 35.47377995033373], [127.27496999049869, 35.47373496780513], [127.27485842307685, 35.47361877416853], [127.27469542601416, 35.473509636487265], [127.2746383507278, 35.473476244736034], [127.27453329107998, 35.47342744573737], [127.2744619345949, 35.47340687333255], [127.27418286955724, 35.47334883211465], [127.27410461058443, 35.47333665737278], [127.27403275478866, 35.47333033198805], [127.27381633100605, 35.47332198738079], [127.27372123882375, 35.473322292432734], [127.27259901320629, 35.47337366856827], [127.2714735420757, 35.473449650054405], [127.27143256269639, 35.47345307454562], [127.27137939079893, 35.473463288053445], [127.27126065645403, 35.47350708898043], [127.26940778539462, 35.47421829073739], [127.26933830736982, 35.474265401925734], [127.26930559767864, 35.47430243505281], [127.2691927822596, 35.474603908536906], [127.26907901398191, 35.474885983332165], [127.26892827579947, 35.47514796112031], [127.26873329433201, 35.47539571573818], [127.26858620960245, 35.47553024350315], [127.26749951844184, 35.47625017046931], [127.26744630869212, 35.47628381748354], [127.267401332459, 35.476310773716364], [127.26735631552471, 35.47632429856832], [127.26731532317824, 35.4763243890573], [127.26667548605832, 35.476191594621234], [127.26655016269032, 35.47614564208008], [127.26644754781847, 35.47610233287173], [127.26504890508224, 35.475270528393764], [127.26468331732472, 35.47503310593285], [127.26460530563499, 35.474962881363254], [127.26449943010338, 35.47483241765517], [127.26440883663402, 35.47468840812836], [127.2643677425664, 35.474673400745004], [127.26432680332033, 35.474671824036555], [127.26427761044235, 35.474688693805525], [127.26378241479628, 35.474881031211005], [127.26370465376692, 35.474924744371584], [127.26133518042651, 35.47625909622225], [127.26125335019577, 35.476306229695865], [127.26121252413455, 35.47635670288585], [127.25930486257766, 35.479002066579405], [127.25928502255232, 35.47903396596484], [127.25928846700972, 35.47914685651268], [127.25929320297003, 35.479215520917066], [127.25933903022846, 35.479486257576056], [127.25934582676499, 35.479544113257504], [127.2593442340306, 35.47963209142911], [127.259324096724, 35.47967566053861], [127.25929349464381, 35.47972115998641], [127.25925758131348, 35.47975709383493], [127.25907369427779, 35.4799016071954], [127.25898901738654, 35.47995606038208], [127.25894203123988, 35.47997633165548], [127.25889436233867, 35.47998897792754], [127.25884865333201, 35.47999536870468], [127.25878573674346, 35.47999659186571], [127.25420951374879, 35.48022455800887], [127.25414571240003, 35.48029688262413], [127.25259752885145, 35.48174229423261], [127.25251137032788, 35.48181556937127], [127.25244550275099, 35.48186266462248], [127.25231297769183, 35.48194152681695], [127.24892901905504, 35.483792044838154], [127.24462794611881, 35.48444944151056], [127.24443878236136, 35.48444982280818], [127.24159536857468, 35.48248888356646], [127.23926418080154, 35.48007388874826], [127.23853196901439, 35.47919145916505], [127.23806934966412, 35.47808752380329], [127.23717542067115, 35.47733797803081], [127.23259979512682, 35.47424221039198], [127.23159957286681, 35.474089423901646], [127.23073502626345, 35.47413526956865], [127.23030362972194, 35.474467555491366], [127.22990000432709, 35.47506492083783], [127.22875205852198, 35.47766504034629], [127.22855746863448, 35.47810579693995], [127.22804602753759, 35.478813856313494], [127.22411035524973, 35.48231248791875], [127.22001065389526, 35.48524782723163], [127.21955272943124, 35.485801078806716], [127.2190416332376, 35.486685877045595], [127.21845248594882, 35.488697763976155], [127.21772440347067, 35.489306726402305], [127.21659089579977, 35.489905365405576], [127.21663888032752, 35.49024977437316], [127.2165629082214, 35.49098254235649], [127.21647874508709, 35.49129544677261], [127.21638036160596, 35.491590991253204], [127.21594311704675, 35.492327307309054], [127.2158087571349, 35.49241442649155], [127.21521454232406, 35.49273114355778], [127.21442939987945, 35.49317267544204], [127.21419624131978, 35.49340476247132], [127.21411871156333, 35.49355545651978], [127.213854444606, 35.49542952311433], [127.21380676657648, 35.49615646246877], [127.21382193255664, 35.49653289095091], [127.21410896005423, 35.49791947838045], [127.21428773687366, 35.49855623917382], [127.21448720949124, 35.49897288793337], [127.2150841526662, 35.49966971430599], [127.21516993998047, 35.499964934718975], [127.21512136334232, 35.5003530584067], [127.21497344199364, 35.50067186087069], [127.21474717427017, 35.50088154228539], [127.21423138031726, 35.501359493006866], [127.2138070320123, 35.5016382289326], [127.21254798905821, 35.50242230957086], [127.21036677934634, 35.50451158836408], [127.20984128440448, 35.505153537434396], [127.20877793797227, 35.50663714530427], [127.20871517247065, 35.50722574653612], [127.20879233591867, 35.51223838350195], [127.20971105937743, 35.51446996668984], [127.2101894064794, 35.51543754229626], [127.21037031436235, 35.51580345972686], [127.21172690261061, 35.51825492411054], [127.21241034200602, 35.51897886143769], [127.21303614986583, 35.519501811438275], [127.21369070973219, 35.519140441182735], [127.21454901339571, 35.51889881081361], [127.21524968706028, 35.51888370763309], [127.21614277438223, 35.5189744811727], [127.21745443074828, 35.51921688722466], [127.2219222229155, 35.52052031738347], [127.22348319152654, 35.52098847862246], [127.22420788398077, 35.52148126268426], [127.2244239008506, 35.52194266930459], [127.2249865950863, 35.52515111144709], [127.22504788912954, 35.526873497256204], [127.22499352292229, 35.52764941579072], [127.2249723160966, 35.52815743500257], [127.2255228693588, 35.53103339220068], [127.22562606394905, 35.53155964727109], [127.22653083384392, 35.53577877386618], [127.22664627163329, 35.536637507655804], [127.22845071471619, 35.536400864994626], [127.22911384882934, 35.53634257888561], [127.22977702132711, 35.536298549880804], [127.23037054219942, 35.536311683713045], [127.23110403891123, 35.53645289844632], [127.23234466407324, 35.53690689251993], [127.23428558908992, 35.53807973496282], [127.23467039443864, 35.53834994968578], [127.235055069442, 35.538577391716586], [127.23571891651089, 35.53876148956717], [127.23626035352753, 35.5388674054396], [127.2364695763897, 35.53878143593922], [127.23660892329744, 35.538681319710726], [127.23679985907539, 35.53831016311968], [127.23686905982372, 35.53809611110502], [127.23688534460071, 35.5376967478993], [127.23688446824528, 35.53739726026001], [127.2370053641947, 35.53695493020971], [127.23726606236772, 35.53656936034194], [127.23808489955672, 35.536040080217646], [127.23909569431405, 35.53549616386344], [127.2426002496935, 35.534198549573276], [127.2429841441551, 35.53416213146657], [127.24357799148306, 35.53428928729174], [127.24382312411828, 35.53454549956465], [127.24401723311742, 35.535243922025515], [127.24417526836635, 35.53555735562311], [127.24431550961846, 35.53575673351144], [127.24462999500476, 35.53585592524783], [127.2448218736896, 35.5358127595096], [127.24546688150735, 35.53554047644443], [127.24771336149895, 35.533831681963555], [127.25223049251221, 35.53171983371099], [127.25346645510528, 35.52852668148533], [127.25494648136895, 35.5258467216252], [127.25741010418956, 35.523948788527214], [127.25926470089915, 35.5247019414674], [127.2630568939112, 35.53136336116737], [127.26450216049525, 35.531630613284236], [127.26551522078148, 35.53310038495544], [127.26688413287881, 35.535086364947794], [127.26745766193696, 35.535130171253435], [127.26823765926143, 35.53426319823941], [127.2688111572722, 35.53429797691714], [127.26984002396449, 35.534719033638495], [127.27016924899456, 35.534853764752576], [127.27061627152038, 35.5360846773021], [127.2709705337647, 35.53706013792541], [127.2716443604355, 35.5383285900521], [127.27211351502517, 35.53921168912253], [127.27429717912781, 35.54255956710146], [127.27833858024873, 35.550163398555824], [127.27910338790095, 35.549900353322116], [127.2818642212912, 35.548687342122435], [127.28195693489104, 35.54864159095999], [127.28243879477387, 35.54833401418941], [127.28248934590819, 35.54829887391444], [127.28266124687268, 35.54817936855575], [127.2838515338996, 35.54733425211361], [127.2840211565871, 35.54717785558453], [127.28423183560851, 35.5469385840334], [127.28603466482024, 35.54571228937555], [127.28726269207932, 35.54500209960849], [127.28770152463254, 35.54502778585474], [127.28774751707603, 35.545025786683965], [127.28778650606742, 35.54501252875671], [127.28782542222926, 35.54497665523352], [127.28886952488892, 35.543769055787315], [127.28904799517242, 35.54350544924289], [127.28979514270813, 35.542221393615606], [127.28979947223475, 35.54215394337849], [127.28977624310585, 35.542080491433474], [127.28973488597744, 35.54199366419245], [127.28970912531234, 35.5419395827158], [127.2896188886705, 35.541774422220165], [127.28951638770044, 35.54142116542043], [127.28950233254201, 35.54134792959494], [127.28951124312073, 35.541248219600156], [127.28955066694313, 35.54114286435505], [127.28958412921696, 35.541086453496376], [127.29001194930683, 35.54049499248073], [127.29004792176903, 35.54046103001463], [127.29013571394667, 35.540378164145736], [127.29079804173101, 35.53977865955157], [127.29089889383587, 35.53970513444228], [127.2910017042456, 35.53964464525825], [127.29102727920144, 35.539629602975104], [127.2911650599196, 35.539563436969296], [127.29136297688899, 35.53950492086298], [127.2915439945376, 35.53946294505748], [127.29398816178379, 35.5389193260508], [127.29404422337603, 35.53891562941476], [127.2941276707425, 35.53891966887715], [127.29437463267476, 35.53897291496523], [127.29465074894179, 35.53903614470302], [127.29535030358718, 35.53922244860592], [127.29541016965551, 35.539246732749056], [127.29687869317952, 35.54037120143164], [127.29817587261954, 35.54138194726089], [127.30369547399037, 35.54210237731386], [127.30386716174274, 35.542101947058185], [127.30399815304493, 35.54209728745014], [127.30405229808366, 35.542069950503766], [127.30924604209079, 35.538846334906395], [127.30928668314347, 35.53881047696541], [127.30992999457779, 35.53779932179602], [127.30996649083522, 35.5377117972495], [127.30996680022223, 35.53736172916294], [127.30995950465437, 35.537305849769034], [127.30993613333094, 35.53712693395451], [127.31029177635642, 35.53653154196064], [127.31087807541189, 35.535558725880925], [127.31090831179965, 35.535528041925545], [127.31095889539489, 35.53548257283592], [127.3119866532039, 35.53500650739814], [127.31276190464534, 35.5346601387114], [127.31304174504197, 35.534569185707475], [127.3132559905444, 35.53451447562865], [127.3135484809851, 35.53450513880941], [127.31604810684614, 35.53256926123473], [127.31860624209378, 35.529199458425836], [127.31894811189558, 35.52868556392706], [127.31897556829757, 35.52854793460747], [127.3189576936622, 35.52845922553999], [127.31815219396846, 35.524678584329656], [127.31849166447564, 35.52173668376678], [127.31850250927747, 35.521635345749544], [127.31851313613664, 35.521450023635666], [127.31851394007234, 35.52139812862446], [127.31851445817645, 35.52136394999514], [127.31851068402486, 35.521244893900565], [127.3184953928235, 35.52105502896156], [127.31848012817265, 35.52087642584939], [127.31847008363444, 35.520790392802496], [127.3184618086506, 35.520733534883924], [127.3184470269426, 35.5206745500619], [127.31838813582287, 35.52053039969695], [127.31833757737816, 35.520427329082395], [127.31818338515914, 35.52021386382093], [127.31811677681364, 35.52015184156116], [127.31803240894773, 35.520087262402704], [127.3179837854463, 35.52005953948533], [127.31791730092269, 35.520029252303374], [127.31784258475858, 35.520008599568584], [127.3177877782471, 35.520004440365426], [127.31773865546427, 35.52000931899893], [127.31766380633891, 35.52001676363805], [127.31757810577139, 35.520035453616735], [127.31749896451086, 35.520066126668226], [127.3174262472514, 35.52010471969786], [127.31738098336302, 35.52011935643478], [127.31733413154119, 35.52011684559002], [127.31728708789095, 35.520095809729], [127.31726756531825, 35.52006673211664], [127.31642315415878, 35.518559536716594], [127.31586785455852, 35.517481328374345], [127.31360476488571, 35.51244967600308], [127.31211123562943, 35.5090510489959], [127.31173605408054, 35.50765788591593], [127.31011615194606, 35.50319052985516], [127.30982767099346, 35.50277909817461], [127.30976933098056, 35.502710655300966], [127.30974287121097, 35.50269215013393], [127.30971500405919, 35.50267568772326], [127.30965302464958, 35.50265292113426], [127.30953898632677, 35.50264623112703], [127.30947884488386, 35.50264270532748], [127.30923911597507, 35.502641237317405], [127.3088790253438, 35.50263903091652], [127.30858231578453, 35.50261337155798], [127.30819518613339, 35.502572164573444], [127.3078983378597, 35.50253595831163], [127.30786828323316, 35.5025066342135], [127.30780126857817, 35.50243067740523], [127.30610734667623, 35.49999108495153], [127.3042989001316, 35.497494180448015], [127.3042267836116, 35.497409136234424], [127.30416938862612, 35.49734147118014], [127.30407231818785, 35.497262576321646], [127.30322621946354, 35.49691111233961], [127.3030804176282, 35.49685487186089], [127.30267398294701, 35.49680315360503], [127.30230617076627, 35.49676181054873], [127.30208011925595, 35.496672691464596], [127.30194424381074, 35.496562171940454], [127.30187308588357, 35.49648322947485], [127.30175630527614, 35.49628296468213], [127.3008618873807, 35.49472512201901], [127.29925875178724, 35.49173110660711], [127.2992117254985, 35.491614136003015], [127.29916764248706, 35.49150447018924], [127.29912837498107, 35.49134089437167], [127.29913332918069, 35.49130297030569], [127.29915388988971, 35.49126699908332], [127.30245927216605, 35.48825829317158], [127.30493450123583, 35.48691204148887], [127.3072204918873, 35.486395967328896]]]]}}, {"type": "Feature", "properties": {"dong_cd": "5275038000", "dong_nm": "관촌면", "sigungu_cd": "52750", "source": "admdongkor-ver20250701"}, "geometry": {"type": "MultiPolygon", "coordinates": [[[[127.27080086958864, 35.77796495915963], [127.27108491331474, 35.77733841146138], [127.2714509222292, 35.776778285598276], [127.27204607239462, 35.776284203508084], [127.27264989169356, 35.775943248011394], [127.27299212124602, 35.77560955446561], [127.27306498897389, 35.77539630507691], [127.27306153791, 35.775295130722625], [127.27305590423362, 35.77512998909728], [127.27275197006372, 35.77470453835146], [127.27203898988483, 35.77419341867523], [127.27161305228974, 35.773948028264115], [127.27041713095669, 35.773258217150875], [127.2695406304658, 35.77273412863273], [127.26882775557684, 35.772242997109906], [127.26852445695584, 35.77199728138656], [127.2661295709161, 35.769658778189594], [127.26578428806506, 35.76906692499263], [127.26562776905678, 35.76870769870469], [127.2652227201052, 35.76735022532938], [127.26516443593366, 35.767030746239044], [127.26513245753998, 35.76477356375555], [127.26513974419734, 35.76450720388852], [127.26546096417852, 35.762761930784805], [127.26557439488849, 35.76245538299543], [127.26826833454221, 35.758953673028], [127.2687647883861, 35.758313362349384], [127.27243063748108, 35.75613682158669], [127.27347016687075, 35.75562110262873], [127.27383953692843, 35.75545287925895], [127.27410807873973, 35.75524506696913], [127.27610361237019, 35.753005952680944], [127.27657664961875, 35.75192849685681], [127.27658801297645, 35.751887921188924], [127.27658324156394, 35.751850246753214], [127.27656722010605, 35.7518229012284], [127.27651753225004, 35.751778386545396], [127.27646124939793, 35.75174120967125], [127.27639677552749, 35.75170818758278], [127.27609670602327, 35.751573679764256], [127.27587196462115, 35.75148766054783], [127.27584311022584, 35.75146959132519], [127.27582935234418, 35.75144216787042], [127.27583364001748, 35.751402142604256], [127.2760092959672, 35.75007490570492], [127.27602717631632, 35.74999916061604], [127.2761521427813, 35.74956229297425], [127.27627785556624, 35.74914320579746], [127.27631861787856, 35.74903639877269], [127.2764022126202, 35.7488481144081], [127.27666739896902, 35.74828936014205], [127.27701512867952, 35.747602863817], [127.27726937791363, 35.74710093020079], [127.27731081769669, 35.747029985496894], [127.27790389258371, 35.7460555240827], [127.27797976601934, 35.74593657407163], [127.27815339645514, 35.745696710829996], [127.27835575464466, 35.7454546146219], [127.27841621542044, 35.74538893942276], [127.2794680013651, 35.744017686684785], [127.28084439616289, 35.74212174840007], [127.28169052116876, 35.739121012129104], [127.2817179312702, 35.73898963733791], [127.28172503950236, 35.738934717427746], [127.28172395286661, 35.738879845764195], [127.2817148813937, 35.73878251801083], [127.28170666679145, 35.73874118403519], [127.28168595985552, 35.73866869675706], [127.28165125798778, 35.738580354131], [127.28158010344694, 35.73842892217317], [127.28155451285511, 35.73838121456278], [127.28151750759478, 35.738328932077884], [127.28142772267374, 35.73821954895011], [127.28117868808071, 35.737973365585134], [127.28101907927245, 35.7378240526062], [127.28098876452266, 35.737787777078694], [127.28097454498732, 35.737761952805315], [127.28096572351323, 35.737734026735644], [127.28096237558204, 35.73770349048793], [127.28096510450979, 35.73765517881297], [127.28097278990543, 35.73760892196291], [127.28100959989774, 35.73744995284018], [127.28104000079607, 35.73735938786073], [127.28106401574118, 35.73730255121669], [127.28109092378408, 35.737253738944474], [127.28112470466885, 35.7372065999744], [127.28231359216232, 35.73576002901398], [127.28302310349093, 35.73499298654722], [127.28315892636265, 35.73485451979121], [127.28321192991436, 35.73481194465377], [127.28330117540885, 35.73475910296525], [127.2833468701691, 35.734738623528635], [127.28341068709952, 35.73471909726365], [127.28346239377817, 35.73471391668122], [127.2836032520821, 35.7347207204516], [127.28382184961276, 35.73473957431492], [127.28413346847186, 35.73480356271072], [127.28463025509922, 35.734873688392774], [127.2847452517733, 35.73488486343283], [127.28496570890368, 35.734895509183794], [127.28527463757769, 35.73488702833748], [127.28565909913753, 35.734856126042025], [127.28576793607684, 35.73484305145299], [127.28586766492921, 35.73482389707941], [127.28591992570496, 35.73481080730848], [127.28598285129888, 35.73478901229069], [127.28602821321275, 35.73476827878569], [127.28607486996881, 35.73474219908281], [127.28614203458213, 35.73469832693625], [127.2864768364652, 35.734443939012024], [127.28671085392799, 35.73425661888047], [127.28676978261704, 35.734200717527486], [127.28718474040835, 35.733764968308364], [127.28733612135775, 35.733594241358006], [127.28737736038445, 35.733535398865236], [127.2881316291658, 35.732136090858695], [127.28815057735831, 35.732090094066535], [127.28816038748161, 35.73205023302362], [127.2881670257644, 35.731988382785964], [127.28816457533154, 35.731952875780614], [127.28815572176167, 35.73192090903341], [127.28813991344268, 35.73188949265917], [127.28809358658401, 35.731827401288356], [127.28739565161173, 35.73095710969607], [127.28708862678411, 35.730591742710224], [127.28703752595528, 35.73052245646012], [127.28692089956277, 35.73033283854688], [127.28689416218793, 35.73027081565092], [127.28687225306477, 35.73017378818618], [127.28686588241958, 35.730123242175644], [127.28686598069709, 35.730056469212066], [127.28687642959198, 35.72998451486322], [127.28688931843735, 35.72993889251861], [127.28691298258188, 35.729877260022036], [127.2904199753064, 35.722352705286504], [127.29058480150574, 35.72212149763338], [127.29090155996235, 35.7219066849703], [127.29134319476314, 35.721843692453774], [127.29154985323814, 35.72174749096998], [127.29175588769638, 35.72144858711504], [127.29200126175257, 35.72099708614431], [127.293587511679, 35.71731932166691], [127.2935475262883, 35.71687103314774], [127.29351721707035, 35.71671303901883], [127.2934487474898, 35.716575120116644], [127.29335834961365, 35.71642230457537], [127.29323729162668, 35.716263172631876], [127.29311806611592, 35.71611258039556], [127.2928947569966, 35.71588034081374], [127.29278271092097, 35.715765316579244], [127.29250898393082, 35.71558592355806], [127.29158027068547, 35.715159243741915], [127.29058478577636, 35.71394645520754], [127.29030146010048, 35.71349372043131], [127.29009648766966, 35.7131008018017], [127.28994118849758, 35.712750677285044], [127.28980422183614, 35.71232213234253], [127.28973964259701, 35.71159626584645], [127.28972391601188, 35.71130772661688], [127.2897188607368, 35.711195248625195], [127.28966070888279, 35.70836020021047], [127.28966049572733, 35.708300791020356], [127.28968926615012, 35.70813021473228], [127.2897143280019, 35.70799946534666], [127.29109803996009, 35.704122661496534], [127.29220434422061, 35.701750655936124], [127.29276399186415, 35.70102251797652], [127.29276683510933, 35.69809871017219], [127.29260048446491, 35.69798582622576], [127.29235933354109, 35.69778190449565], [127.29202959838216, 35.69747319868298], [127.29090049283455, 35.696207473357255], [127.2907983149956, 35.6960308055625], [127.29074006013892, 35.69587069598567], [127.29075975478203, 35.69569371699699], [127.2908132502259, 35.695486400712646], [127.29090720844736, 35.6952539962727], [127.29096779630693, 35.69514605907855], [127.29114310624469, 35.69492185361858], [127.2914532699855, 35.694536991430475], [127.29167588172716, 35.69425734601085], [127.29179710247033, 35.694080114177055], [127.29185083139484, 35.693936321814675], [127.29206359325414, 35.692833111803566], [127.2921863141562, 35.692125402955526], [127.29222236757515, 35.69180195627526], [127.29214361457095, 35.691564464793046], [127.29193904286512, 35.69117815494615], [127.29138749620239, 35.690377960584414], [127.29031310612497, 35.68924208174403], [127.29023166862352, 35.68917864209285], [127.29079308555181, 35.68617333853154], [127.29627243856488, 35.68242932609161], [127.29631979497374, 35.682418126695765], [127.29650603344159, 35.682417669817326], [127.29683803521023, 35.68243073896789], [127.29734289524782, 35.682526207973076], [127.29773278204281, 35.682630240293044], [127.29834432821193, 35.68283927277017], [127.2990090430532, 35.68308449168719], [127.30013431004166, 35.68365985687665], [127.30021005288147, 35.68370997223146], [127.30028873895826, 35.68377377300751], [127.30036179399947, 35.68384441505652], [127.3005108951856, 35.68401314359119], [127.30074975646036, 35.684227409989816], [127.30096597461714, 35.68435486012403], [127.30188065364139, 35.68479130736315], [127.30219203785818, 35.684929972276265], [127.30238273292674, 35.68499571475673], [127.30261260774338, 35.685052292892024], [127.30288453056818, 35.685095064101326], [127.30328241921568, 35.68514660256134], [127.30447323831883, 35.68527619032845], [127.3046804628325, 35.68527340702595], [127.30513958141064, 35.68521735850381], [127.30549234567019, 35.68516393694228], [127.3057498222502, 35.685099284892026], [127.30595120798802, 35.68503705837289], [127.30632571170027, 35.68483954403115], [127.3124753113779, 35.680952387551386], [127.31571275587909, 35.67876598036046], [127.31801308983881, 35.67638050639847], [127.31976439067402, 35.67379192755786], [127.32202134318902, 35.67017725106579], [127.3221132530626, 35.66998458142519], [127.32217498334256, 35.66979028295652], [127.3222246170606, 35.669607637454156], [127.32275855725639, 35.66655514061986], [127.32287687152426, 35.66540507308945], [127.32316328000914, 35.66408853017674], [127.32324631204914, 35.66375817897625], [127.32329673797108, 35.663605290947054], [127.323363444409, 35.66346818930799], [127.32346034300869, 35.66333916103069], [127.3235871006154, 35.66317472469004], [127.32367964906861, 35.66308672997229], [127.32414136746986, 35.662721298097374], [127.32444128695982, 35.66249264425223], [127.32479677253131, 35.66224240670759], [127.32512301107579, 35.662047757059085], [127.32581590795822, 35.66166978951464], [127.32721555578087, 35.66092497500864], [127.32742463006198, 35.66081905211224], [127.32751111073304, 35.66079106545324], [127.32761850393895, 35.66077878645611], [127.32769442730213, 35.660791196241284], [127.32788958435242, 35.66087521280344], [127.33052529228392, 35.66271042783194], [127.33070461821029, 35.662863345501606], [127.33240320732733, 35.66375499379308], [127.3345179105398, 35.66462392727726], [127.3358862164194, 35.665110611789345], [127.33857973638716, 35.66551525397925], [127.33883251952753, 35.66550760941248], [127.3389794382557, 35.66548700954726], [127.33923665522721, 35.66543139721281], [127.34266278879663, 35.665371907545804], [127.34642270652891, 35.665420594851184], [127.35426011603232, 35.6674809938127], [127.35438121830211, 35.66751867754188], [127.3545321888521, 35.66758923599119], [127.35463437017314, 35.66767113934921], [127.35474731566525, 35.66778851633903], [127.35483470552211, 35.667893802033355], [127.35489246316399, 35.66799575194323], [127.35494403634065, 35.66814186858836], [127.35500026401384, 35.66839532874887], [127.3550499202276, 35.66858381756216], [127.35507998739452, 35.66866159343788], [127.35511827933058, 35.66870474527909], [127.3551799015841, 35.66873405428843], [127.35599821714978, 35.669082138580826], [127.35615758607906, 35.66913187525987], [127.3563381218044, 35.669168459466896], [127.35651427751856, 35.66919218435803], [127.35713771182829, 35.66912809026305], [127.3591470865374, 35.66873177422512], [127.35932075896291, 35.66867069615691], [127.36195189321504, 35.66690854871631], [127.36211475835378, 35.66584355053888], [127.36222348811528, 35.664551964592206], [127.36215261449001, 35.66436696711397], [127.36214368602309, 35.66427182983996], [127.36215815531939, 35.66417226252192], [127.36219544666913, 35.663967949374175], [127.36266966945794, 35.66281368687729], [127.36277715234168, 35.66267062468254], [127.36420313506676, 35.66088432979149], [127.36469721351912, 35.660393001806185], [127.36266035181553, 35.65878521844165], [127.36254228751109, 35.65872986610701], [127.36242057183273, 35.65867977599284], [127.3622711166303, 35.65864540937731], [127.36214256570307, 35.6586192101642], [127.3619931467734, 35.65859343411772], [127.3600274568924, 35.65825647309373], [127.35962949204028, 35.658261965257424], [127.35957010407482, 35.65829540204835], [127.35952031689735, 35.658372248883545], [127.35945886636458, 35.6584862785448], [127.35942210435226, 35.65861300059599], [127.35938998425554, 35.65873927632895], [127.359333999968, 35.65898802434852], [127.35932003783135, 35.659032563719045], [127.35929021263678, 35.65912766141707], [127.35918264223858, 35.65934366263932], [127.35911646293886, 35.659414331890986], [127.35903158020949, 35.65949696748165], [127.35709798824884, 35.660871644145345], [127.35700141111697, 35.660932929691555], [127.35683133240725, 35.6610081519778], [127.35660534738571, 35.66109975165802], [127.35647007988935, 35.66113060618286], [127.3507284352336, 35.66232213318455], [127.35061761763778, 35.66231289367184], [127.3505113109037, 35.66229608133732], [127.34782836464011, 35.66174674295252], [127.3476627344578, 35.66170171190786], [127.34758524385296, 35.661659029199676], [127.34280912295841, 35.65898641792266], [127.34238171119146, 35.657397048608736], [127.34156814660525, 35.65536130561371], [127.33882690768787, 35.65073240940288], [127.33794852049759, 35.649577537017784], [127.3369122244324, 35.64868276397007], [127.33634927913083, 35.648200519583064], [127.33595890539017, 35.64787415706921], [127.33538877820591, 35.64741284540621], [127.33524155869472, 35.64730348450946], [127.33471855872445, 35.647019767348205], [127.33465848531517, 35.646992990758186], [127.33457554025222, 35.646976515593956], [127.33450857398759, 35.64697492416386], [127.33441384346227, 35.6469767343106], [127.33265285067637, 35.64713434267232], [127.33244928980007, 35.647165372944315], [127.3323130832723, 35.64720521558174], [127.33216711662925, 35.64725797587474], [127.33193073515818, 35.64734605537402], [127.3315626754782, 35.64752524651446], [127.33143269351233, 35.64760302279848], [127.33141441971432, 35.64763705419982], [127.32820433226313, 35.65032782003605], [127.32349979228829, 35.65215034811261], [127.32338851878629, 35.6520203101946], [127.32324188736395, 35.65191238002287], [127.32176180177882, 35.651180146374266], [127.32164500936774, 35.65113342512943], [127.32022638679737, 35.65092258326647], [127.31950292454133, 35.65297309591676], [127.3175738354504, 35.65382536634675], [127.31651880755079, 35.65409220049352], [127.31566531840986, 35.65430804935473], [127.31519041837035, 35.65429127046959], [127.31185182237641, 35.653344555701], [127.3114586804681, 35.65240733908476], [127.31093790687055, 35.65116581926836], [127.30936391935853, 35.64961063455315], [127.3061430607553, 35.64760898511689], [127.30322306577476, 35.64630048460819], [127.29958324734017, 35.64823425206135], [127.29653466342259, 35.65008439315083], [127.29549570780483, 35.649816541805706], [127.29218925505232, 35.64848166147334], [127.29209278826653, 35.648357427691], [127.29030336658076, 35.64605275728465], [127.28778549532642, 35.64595061170465], [127.28778189264753, 35.644941193141314], [127.28744348486995, 35.642932139528824], [127.28517515721897, 35.63843111162606], [127.28277016739779, 35.63818916866108], [127.28263381569022, 35.63818742325353], [127.281356263434, 35.63820959174861], [127.2807813895157, 35.63825796256828], [127.27957552156546, 35.63836793946485], [127.27947589375363, 35.638387458995894], [127.27927429994648, 35.638484260220295], [127.27914152142516, 35.63858751324959], [127.27907544025864, 35.63863891666518], [127.27884409986507, 35.63888352452066], [127.27867423960177, 35.639092745272414], [127.27854914193394, 35.63931466661925], [127.27854548301373, 35.63940460814236], [127.2785786690255, 35.63952016464757], [127.27861164734216, 35.63957570086294], [127.27869714676531, 35.63965266292009], [127.27891555466861, 35.63981590222486], [127.2790140885636, 35.63988027935471], [127.2790772284413, 35.63992153278959], [127.27924815584439, 35.640053891368645], [127.2794311318667, 35.64022372615537], [127.2796719934678, 35.64046190855779], [127.28037188819144, 35.641420698074405], [127.28041019501353, 35.641511647537364], [127.28039763488646, 35.64160901414556], [127.28038213077798, 35.64172909506246], [127.28031731849329, 35.641951848466235], [127.28020566673933, 35.642291553629676], [127.28014462160606, 35.642457704848795], [127.28005329950925, 35.642613105424836], [127.27954405521218, 35.64327491758249], [127.27817632389645, 35.64455070036934], [127.27738898290714, 35.64609422283071], [127.27409433704669, 35.64994807978565], [127.2740554379099, 35.65000819341], [127.27402623748593, 35.650075858460276], [127.27382772944641, 35.65101446493479], [127.27378200935286, 35.65123988038168], [127.27374063368735, 35.651444560729544], [127.27370839943254, 35.651676175927115], [127.27364607855024, 35.65329113653779], [127.27369910501234, 35.65411125995169], [127.27372137103178, 35.65429724605369], [127.27378776645644, 35.654430121647074], [127.27416466236002, 35.65501761893301], [127.27443170761977, 35.65541482832421], [127.2745849425717, 35.655598170592505], [127.27504354480203, 35.65620999461546], [127.2756714455344, 35.65707657978926], [127.2759062316833, 35.65752858531457], [127.27593500994799, 35.65759941788905], [127.27595188322275, 35.65764095554553], [127.27600980970934, 35.65788561429961], [127.27604178148248, 35.65832031826729], [127.27602315865914, 35.658911606697295], [127.27599804553671, 35.65906153395181], [127.27593795174792, 35.659315207735716], [127.27583552870853, 35.659590775742885], [127.27572309799962, 35.65981562200103], [127.27563326001383, 35.65999230658507], [127.2753807575697, 35.66043252665395], [127.27501198741187, 35.661074350990916], [127.27447529848435, 35.66185994412438], [127.2744226332794, 35.66193293627187], [127.27432744036577, 35.66206486845234], [127.27428207107354, 35.66212772170789], [127.27417950193632, 35.66226979424312], [127.27407175040169, 35.66241668255717], [127.27399723853596, 35.66249156303762], [127.2738196364778, 35.66264833906411], [127.26903518841921, 35.66652941054534], [127.26887422688266, 35.66664727814635], [127.2685576760808, 35.66687249364222], [127.267840330814, 35.667376272168255], [127.26766734975617, 35.667469390131785], [127.2674998117003, 35.667539441728685], [127.26733211136789, 35.66758992173644], [127.26716341495036, 35.66761426458923], [127.26699758317422, 35.667628066242145], [127.26683428687379, 35.667613456427446], [127.26627366685592, 35.6675143737188], [127.2661157281062, 35.66748479976041], [127.26577617165778, 35.66740102460262], [127.26567814182043, 35.66735705014878], [127.26562839756342, 35.66733473147139], [127.2655599676922, 35.66728536139812], [127.26553187296642, 35.66726310827101], [127.26547485727075, 35.667193983757464], [127.26545544213424, 35.66717044013542], [127.26536883905796, 35.66705985994571], [127.2652886327957, 35.66692314273791], [127.26520373619854, 35.666766145611604], [127.26513180305278, 35.66661391634457], [127.26509286613812, 35.6665328693268], [127.26503583784806, 35.66645439634863], [127.2649273074397, 35.666367850494815], [127.26483730337287, 35.6663365951569], [127.26444824448805, 35.66624542167607], [127.26425927599993, 35.66624655041368], [127.2641107934214, 35.66626787921569], [127.26401223018775, 35.666299308490984], [127.26397619430209, 35.666310814949675], [127.25870164035085, 35.66809138435339], [127.25857797173583, 35.66813508249129], [127.25843974432097, 35.66822065239062], [127.256967665887, 35.66960012145402], [127.25692998504577, 35.66963731204175], [127.25685978327937, 35.66970661653888], [127.25676671690675, 35.66982576443428], [127.25668171612865, 35.66994645232721], [127.25659966458946, 35.670089580760035], [127.25657508946581, 35.67013868496389], [127.25652316991791, 35.67024241662049], [127.25644656120393, 35.67039523236111], [127.25637539707186, 35.67052634573814], [127.25626777773246, 35.670682235420394], [127.25617532583179, 35.67077161458914], [127.25612968717252, 35.67081573234265], [127.25599342880712, 35.67092832826308], [127.25581764686338, 35.671049184966265], [127.25563823594632, 35.67114312726775], [127.2548616396762, 35.671489767977924], [127.25478984637483, 35.671516892834326], [127.2546445206063, 35.671571797973954], [127.25443563765427, 35.6716343148269], [127.25425503542766, 35.671663182987956], [127.25407453729335, 35.67169193568025], [127.25389390968535, 35.671718549144295], [127.25371327148748, 35.6717406577165], [127.25208767277455, 35.67185554853888], [127.25198131869017, 35.67186098641595], [127.25176203567098, 35.67184873206108], [127.2516272350679, 35.67183099650745], [127.25143269633445, 35.67178651925209], [127.25123161117341, 35.67173303519011], [127.2510389579755, 35.671689271687406], [127.25085538904659, 35.6716515261928], [127.250640691421, 35.671624313846614], [127.25048016830897, 35.67161490719607], [127.25012837847797, 35.67200703709749], [127.24900997087366, 35.67334143504005], [127.24896266765761, 35.67342348671819], [127.24893787603072, 35.67346651001188], [127.24816943819205, 35.675004654961334], [127.2462021660323, 35.67677399307548], [127.24348354697162, 35.6775129738779], [127.24336352379251, 35.677667627070875], [127.24315392114336, 35.67793773792387], [127.2424934951806, 35.67974937787536], [127.24238371241853, 35.68014180707195], [127.24245859556207, 35.68044337996796], [127.24260414188973, 35.680632276333405], [127.24282999131242, 35.68092538695652], [127.24337792923008, 35.68167857568078], [127.24337920349927, 35.68210098830998], [127.24330636139558, 35.68247828898044], [127.2424302061915, 35.685615721844826], [127.24217633071078, 35.687074618513186], [127.2423312237552, 35.68726628864404], [127.2431954593304, 35.688111748788515], [127.24355130805924, 35.68812206921606], [127.24406829882169, 35.688137049217744], [127.24575960129663, 35.68847610007449], [127.24636762627128, 35.6886100595944], [127.24799736994919, 35.68951928335159], [127.24869896878165, 35.68996939254417], [127.24875809468023, 35.69001037278894], [127.24885201065459, 35.690087052921996], [127.2490047980075, 35.6903023284337], [127.24925008848867, 35.690558951731255], [127.24991995665121, 35.69121298058018], [127.25002194331265, 35.69129252753526], [127.25008461420063, 35.69133530243223], [127.25017488766812, 35.69137377696513], [127.25022289595168, 35.691394048031626], [127.25031665068073, 35.691413143561185], [127.25127175010124, 35.69155977953284], [127.25130590506326, 35.69156349271485], [127.25135716304976, 35.69156599785473], [127.25139839246977, 35.691568005296716], [127.25478072618047, 35.69149396559112], [127.25491372596065, 35.69149034406554], [127.25504196034431, 35.69147971237774], [127.25532107610415, 35.69142531524136], [127.25546256764008, 35.691380679519824], [127.25560184156221, 35.69133180683958], [127.25600776697009, 35.69116438005414], [127.25759201146914, 35.69167817829035], [127.25949304910971, 35.69308478332022], [127.25951970973594, 35.6931328632323], [127.25954911736424, 35.69327582258111], [127.25958649805185, 35.693560733689424], [127.25959787324628, 35.69369563062151], [127.25960757877225, 35.69382819438301], [127.25961716940226, 35.69396075069833], [127.25961416722816, 35.694088638429044], [127.25928392861155, 35.696424353475045], [127.25926973659125, 35.69647540466219], [127.25921161720392, 35.69657790107759], [127.25901595039451, 35.696852856079985], [127.2587066387413, 35.6972513435502], [127.25855856475845, 35.69741531234552], [127.25757718748595, 35.69830822754542], [127.25672319075869, 35.69907027872438], [127.25654150438987, 35.69918988952875], [127.25632005135631, 35.69938576657377], [127.2562852239251, 35.6994209735134], [127.25625909472083, 35.699461921647675], [127.2562337007763, 35.69950715404056], [127.25621379479641, 35.6996043498646], [127.25619686264197, 35.699735164732374], [127.25612920803172, 35.701565430645246], [127.25624606382546, 35.70283867810508], [127.25632705770511, 35.70287102961838], [127.25636824254988, 35.70289545717149], [127.25640552646483, 35.70292315065799], [127.25644590722611, 35.70296046545045], [127.25646281736034, 35.702997651596256], [127.25653469350273, 35.70322326742396], [127.25657155828449, 35.703349273543544], [127.25660693437761, 35.7035650507708], [127.25662191441158, 35.70374707726323], [127.25662705795482, 35.70380962155383], [127.25662469661529, 35.70386496282434], [127.25655192553286, 35.7050955247862], [127.25643847259822, 35.7057951415922], [127.25642240147685, 35.70585152984688], [127.2555451090273, 35.70862757939213], [127.25517883016738, 35.709612171950205], [127.25515881978012, 35.709645003971595], [127.25507242902083, 35.70975795819755], [127.2549309006621, 35.70990793575836], [127.25415390417054, 35.71066619348864], [127.25406407901194, 35.710704053571185], [127.25385745818633, 35.71074962990933], [127.25382284498959, 35.710750947634416], [127.25371105922663, 35.710755178422716], [127.25362239100222, 35.710741743808455], [127.25356395532073, 35.71072540465575], [127.25352737779242, 35.71071374464429], [127.25341228727791, 35.71073462068864], [127.25332192540577, 35.71077718204574], [127.2532702309366, 35.7108208234241], [127.25322141880332, 35.710865078391976], [127.25315647084398, 35.710948673754515], [127.25283573628938, 35.71173912009899], [127.25282260060072, 35.711780243746915], [127.25280937521656, 35.71182749742567], [127.25224862616871, 35.714075994671745], [127.2522383854608, 35.714119548693816], [127.25162179116651, 35.7189112360246], [127.25250283045534, 35.72327946374035], [127.25270629408666, 35.72338179815101], [127.25346592331725, 35.72379568451512], [127.25391535146659, 35.72406143664488], [127.25505357991385, 35.72484340113156], [127.25509294916176, 35.724887286207064], [127.25514149430758, 35.72496057326333], [127.25519067985492, 35.72506635105025], [127.25664020199105, 35.72949410839275], [127.25664728054711, 35.72953174422583], [127.25626570498387, 35.73282339112785], [127.25624029840408, 35.73286055091442], [127.25602222119495, 35.73310821910698], [127.25592470114589, 35.733202791861935], [127.25587441838249, 35.733243715909694], [127.25582115191628, 35.73327961449633], [127.25578578696118, 35.73329941559258], [127.25570586818935, 35.73334317094864], [127.25565219519956, 35.73336874945726], [127.25561310892878, 35.733383165612636], [127.25552940467799, 35.73340740274961], [127.25545185867432, 35.73342478100784], [127.25518227535811, 35.73346554196799], [127.25507712987171, 35.73347502503841], [127.25498779206946, 35.733483086776005], [127.25467574405553, 35.73352149973197], [127.25455941645919, 35.73354319108789], [127.2543426966596, 35.733591415301234], [127.25424540442734, 35.73361747755556], [127.25419896938905, 35.7336351872294], [127.2541425004435, 35.73365672544958], [127.25233654402761, 35.73446814284635], [127.25229152338918, 35.73449697361256], [127.25221857263739, 35.73455289587865], [127.2521752911766, 35.73458608055494], [127.25162288567512, 35.73502993547392], [127.25153954113026, 35.73509976787608], [127.25150425669696, 35.735133984958885], [127.25146859136002, 35.73517689207067], [127.2514514511695, 35.73521197250851], [127.25143469729878, 35.735262939587464], [127.25172817016768, 35.73822730676254], [127.25173611668917, 35.7382937030426], [127.25175103163564, 35.738360753857556], [127.25175933715124, 35.73838881712958], [127.25177203570107, 35.73843171047551], [127.25182051315794, 35.73855553770136], [127.25250557196419, 35.74014412581653], [127.25252817180105, 35.74019617115534], [127.25254341853089, 35.74022208743351], [127.25257313870237, 35.74026007024622], [127.25260285569152, 35.740285863898244], [127.25282900038636, 35.74044951304784], [127.2528931413445, 35.74049291766739], [127.2530355659369, 35.74057832224143], [127.25318329517373, 35.740659680190156], [127.25331760088775, 35.74072780334812], [127.25338616115184, 35.74077028267524], [127.25341520649145, 35.74079418493056], [127.25344637061751, 35.74082819158816], [127.2535010318328, 35.74091225803334], [127.25352517863448, 35.74096286374016], [127.25360951951103, 35.74117303529627], [127.2536715077088, 35.74140976273469], [127.25368961323629, 35.741574482637404], [127.25369347041503, 35.74167368973716], [127.25368684593958, 35.74175013445002], [127.2536692541751, 35.741814979770666], [127.25361814430572, 35.74190791978507], [127.25355131389173, 35.74199529516997], [127.25236096746134, 35.743527219455665], [127.25112317928536, 35.744498473701704], [127.25107982225389, 35.74452669518921], [127.25017254413407, 35.74503318789061], [127.25000994620495, 35.745111490305526], [127.24994192144302, 35.74513658736348], [127.2490707799169, 35.745894982829256], [127.24677673147299, 35.748382763741944], [127.24645823512188, 35.74893419847531], [127.24463598991454, 35.75302793611793], [127.24456396105782, 35.75382052755543], [127.24455921001557, 35.7538933095485], [127.24444693120697, 35.75618593553485], [127.24444714793707, 35.756262757424444], [127.24451195413269, 35.75640820328793], [127.24459667377278, 35.75658190875049], [127.24637861362316, 35.75960669351169], [127.24652786268074, 35.75983683301549], [127.2466074352884, 35.759949884456454], [127.24673658977173, 35.760087063215785], [127.24703936460901, 35.76032093607789], [127.24718827010217, 35.76043586313724], [127.24736574706414, 35.76057139991917], [127.24743641203845, 35.76062536376253], [127.24787884282891, 35.760912107868634], [127.25108835573725, 35.76342897722473], [127.25210699545, 35.76503825838828], [127.25244349653238, 35.76546369891717], [127.25320185934899, 35.76640969898354], [127.25326417293977, 35.76648740280499], [127.25387010634986, 35.76681905445613], [127.25616999036933, 35.76770647025309], [127.2568082934165, 35.76791819592856], [127.25793728218936, 35.768195445192184], [127.25842839897184, 35.768394152118226], [127.25895266641592, 35.76873261790954], [127.2605592343054, 35.7700608943646], [127.26242951572713, 35.77202778013936], [127.26271524358616, 35.77247038989088], [127.26300470139023, 35.772918786611925], [127.2630905899418, 35.774183718045165], [127.26314972381444, 35.774762897430485], [127.26443319282414, 35.777223766463365], [127.26476149754238, 35.77761591650647], [127.26546529594833, 35.77782743294545], [127.26644707360997, 35.77803836020176], [127.2674117640026, 35.77802290505721], [127.26858063041085, 35.77794707019154], [127.26892389620005, 35.77791300954755], [127.27080086958864, 35.77796495915963]]]]}}, {"type": "Feature", "properties": {"dong_cd": "5275039000", "dong_nm": "강진면", "sigungu_cd": "52750", "source": "admdongkor-ver20250701"}, "geometry": {"type": "MultiPolygon", "coordinates": [[[[127.1556647603345, 35.58464190180878], [127.15661645741301, 35.58371238568547], [127.15693100238056, 35.58259444509602], [127.15740443573382, 35.58176260393248], [127.15784454502827, 35.58124020876674], [127.15812681477706, 35.58099046579711], [127.15901948003426, 35.58054598758006], [127.16008207020016, 35.58024443044141], [127.16036479945916, 35.580225574985164], [127.16149555436412, 35.58008555529853], [127.16182314831813, 35.579881920539854], [127.16204876600912, 35.57958607735117], [127.16323233317222, 35.577584933000814], [127.16327704411698, 35.57732626009625], [127.16344328195528, 35.57563125786812], [127.16470365573613, 35.57251247612864], [127.16737561281981, 35.568458886326255], [127.16789422777926, 35.56769159985265], [127.16815379101568, 35.56743263992473], [127.1684652523886, 35.56738676590005], [127.16862866551976, 35.56739042146033], [127.1687645787851, 35.567496445426414], [127.16894605358459, 35.56775017896694], [127.16912755421882, 35.568017768922736], [127.16950211027863, 35.568672993465924], [127.16971772218736, 35.569032884590726], [127.1704084778012, 35.56946601105079], [127.17107644845893, 35.56982065090348], [127.17126887055262, 35.569903494985844], [127.17190248279339, 35.57005037478141], [127.17309499187486, 35.56994349536302], [127.17331583070323, 35.56992368596412], [127.17348541290309, 35.569895734262005], [127.17439003190883, 35.5698482726121], [127.17557763833264, 35.56992505842843], [127.1758717518882, 35.569961575806204], [127.17777330854184, 35.57071152917733], [127.17842999069666, 35.57105230644495], [127.17995845878345, 35.57183970583997], [127.18061483000693, 35.572032692855885], [127.18130486646082, 35.57211478249686], [127.18219833469047, 35.57212729743841], [127.18257147898761, 35.572099032700386], [127.18288803218884, 35.5720523847043], [127.18452731204074, 35.57180515482432], [127.18469697923442, 35.57181413016204], [127.1850589513951, 35.57185052219281], [127.18590743637166, 35.57197853649114], [127.18681292741569, 35.572305006389435], [127.1871866896446, 35.57254456537571], [127.19002850809815, 35.573902441636875], [127.19091147886273, 35.574252024194195], [127.19144264156773, 35.574089572414685], [127.19208658957938, 35.573792986009266], [127.19376924045001, 35.57276051758136], [127.19630331694584, 35.5701934416453], [127.19934986258586, 35.56670755711016], [127.19953821181795, 35.56602199664871], [127.19905928919638, 35.56445833560212], [127.19805533819383, 35.56211564411566], [127.19711463797307, 35.56041955669064], [127.19695547637768, 35.56008365040981], [127.19661024869063, 35.55507849969659], [127.19659787317414, 35.55463520217028], [127.19664158941997, 35.554011703467715], [127.1971233220662, 35.55218223609591], [127.19722445858064, 35.551923443861874], [127.19743899026122, 35.55180303580614], [127.19820657172471, 35.55128919314427], [127.1976951932122, 35.55022790160174], [127.19751390799182, 35.5500711950723], [127.19717428214894, 35.54988703016548], [127.19429959750765, 35.54866789148289], [127.19222922224033, 35.548084698266436], [127.18511242685895, 35.54571751563784], [127.18438828920358, 35.54546461984517], [127.18075532786838, 35.54371988756147], [127.17999697349711, 35.543314627980685], [127.17972508113135, 35.543056415973226], [127.17967953024257, 35.54290872685822], [127.17969041571651, 35.54271474320821], [127.17973524159228, 35.54253919032898], [127.18457832239083, 35.5395395153807], [127.18588846956567, 35.53901567259129], [127.18818212424162, 35.538508800693705], [127.18881479936938, 35.5383415820068], [127.18965065576589, 35.538053960570174], [127.18996661387328, 35.537813333164024], [127.19005610943319, 35.53740680834145], [127.18986116498034, 35.536224916596545], [127.18917312690525, 35.53554798062565], [127.18803103047892, 35.53430432875726], [127.18387966413005, 35.529119223368625], [127.18360577674117, 35.52862147737729], [127.1836373615745, 35.528398569606274], [127.18406867020654, 35.527572000733066], [127.18432392589392, 35.52692923749755], [127.18428517844158, 35.526813982248775], [127.1842270023287, 35.52664095629159], [127.18401782167359, 35.52636598342397], [127.18122273159796, 35.52479045784699], [127.18048234460205, 35.52459315844471], [127.18019536140376, 35.52451668539505], [127.1789915193128, 35.52424316321856], [127.1779965480286, 35.52410696611924], [127.177836111803, 35.524107201338126], [127.17740338310375, 35.524304484185386], [127.17497606340656, 35.525477349541774], [127.17147146188967, 35.526213902566575], [127.17095820121695, 35.5262801650055], [127.17049296717114, 35.526293921124505], [127.17020409773308, 35.52625501121729], [127.16969008774497, 35.52595419472854], [127.16911164613818, 35.52553548839673], [127.1682112348872, 35.52457317537504], [127.16434682559819, 35.52422996909112], [127.16411971719644, 35.524323128550364], [127.16370254663721, 35.5242974716445], [127.16123090997269, 35.52379603482197], [127.15985047123642, 35.52341768383602], [127.15943285778158, 35.52315604448849], [127.15912748972676, 35.52287456251428], [127.15893377125737, 35.52225867192407], [127.15617367031629, 35.52186895465312], [127.15487561699953, 35.52259819692476], [127.15453903291619, 35.5227690511826], [127.15400983571507, 35.52288770683214], [127.15078635055673, 35.52348824660246], [127.150668844394, 35.523495779646886], [127.150589485008, 35.52350085876321], [127.15043341911004, 35.52350178070395], [127.15036490924521, 35.52349440492016], [127.1501927279532, 35.523475855363614], [127.14945453710541, 35.52335877853941], [127.14913080211032, 35.523242739407756], [127.14878030884684, 35.523117065698706], [127.14829860483712, 35.52289479497577], [127.14765629007182, 35.5225547391282], [127.14720662049882, 35.522306182237024], [127.14672511254294, 35.52217566960086], [127.14635741565492, 35.522148793827014], [127.14619564331369, 35.52213697744261], [127.14481603338992, 35.5221713904756], [127.1433081095835, 35.52222562899349], [127.14325197696203, 35.522236273899296], [127.1430996232332, 35.52226519930369], [127.13997123647994, 35.52223604599123], [127.13883256327104, 35.522224979629684], [127.13695516312815, 35.52220670601917], [127.13406719084273, 35.52203294573532], [127.13246219824156, 35.52158242043432], [127.13202876383411, 35.52141244704632], [127.13170749152978, 35.521150603622814], [127.1316154966432, 35.520982056671876], [127.13151440881597, 35.5207968462378], [127.1313516631515, 35.51935495195897], [127.13198573488428, 35.51464131624289], [127.13227325288734, 35.51388062465865], [127.13313739364821, 35.51261461171333], [127.13326475343395, 35.512024533226715], [127.13332838870144, 35.5116967057474], [127.13332772425744, 35.511290313962476], [127.13211601540169, 35.50593628089623], [127.13166381614369, 35.50401617925536], [127.1314384641208, 35.50351825104941], [127.13102117890055, 35.5033482798798], [127.1306522331769, 35.50332243910057], [127.12771701023779, 35.50325346792098], [127.12744452976968, 35.50337828074816], [127.1271558912377, 35.503417907125474], [127.12290508193041, 35.50390727264848], [127.12155226438885, 35.503374765284256], [127.11991004615744, 35.503430474080425], [127.11854340013281, 35.503503914837815], [127.11755149572295, 35.50356795930912], [127.11662572218783, 35.5036319397859], [127.11582163490303, 35.504011260350936], [127.1155796337312, 35.50435397412417], [127.11546999326609, 35.504768676051], [127.11529432733685, 35.505255540135444], [127.114160751305, 35.50650040634728], [127.11378643929052, 35.50682521890711], [127.11130894184461, 35.50873826216198], [127.11085736102248, 35.50900005182245], [127.10779315293917, 35.50912896578696], [127.10739263875337, 35.50911818747709], [127.10617272124358, 35.50908532924906], [127.1044967541835, 35.50870822772768], [127.102268789529, 35.507628543061294], [127.09774900191853, 35.50720104410947], [127.09747719592515, 35.507227400167636], [127.0967985208176, 35.50721004908463], [127.09396257671922, 35.506469797350746], [127.0925391434469, 35.50607727588995], [127.09223236106706, 35.50582703016639], [127.08948603443613, 35.50687567329516], [127.08790554282534, 35.50804827771316], [127.08789577528846, 35.50825259761789], [127.0885372942537, 35.51028907224385], [127.08941077927126, 35.5127219485795], [127.09006424819388, 35.51553353558581], [127.08927207847968, 35.51695816074095], [127.08866602067552, 35.51720195291721], [127.08811519562786, 35.51755386375245], [127.08761958713636, 35.5179958490192], [127.0872562171788, 35.5184016891092], [127.0869038621426, 35.51879851854069], [127.08648577187327, 35.519582943110514], [127.08731361271548, 35.520537729755695], [127.0880086879497, 35.52102394850637], [127.0889239244644, 35.521212553971665], [127.09012600188647, 35.52156317278976], [127.09093114852097, 35.52187804941694], [127.0915710588817, 35.52231018373529], [127.09292848685755, 35.52351689794903], [127.09305050413434, 35.52417475937585], [127.09330474755915, 35.52476041269526], [127.09373527239173, 35.525237775962445], [127.0968916673243, 35.527939222586674], [127.09902593712977, 35.5297056680166], [127.09952994302569, 35.52997362644812], [127.10032960641607, 35.5302681636364], [127.10074581566842, 35.53037516773283], [127.10138110938894, 35.530553541366224], [127.10212592724126, 35.53076761709562], [127.10379119198485, 35.53149972075499], [127.10396683326384, 35.531857382934], [127.10401140449822, 35.532465639660394], [127.10468064750334, 35.53349376363103], [127.1050315575089, 35.533887048666095], [127.10566725596435, 35.53435165384421], [127.10643399939826, 35.53454778660331], [127.10717856989608, 35.5345113553259], [127.10887545517983, 35.53425043686339], [127.11044918503418, 35.53321834806178], [127.11076839879551, 35.53282148071991], [127.1110434202338, 35.5323525582626], [127.11127438069965, 35.53191973076174], [127.11169265011851, 35.531396587292406], [127.11229817538369, 35.53073808606788], [127.11363050245048, 35.52943899279427], [127.11463317304661, 35.52895135126269], [127.11492288278876, 35.52886815452947], [127.11507401327431, 35.52882476404631], [127.11658849020304, 35.531599311119884], [127.11709833655455, 35.53387608181566], [127.11718694153805, 35.534573726874505], [127.11726539655864, 35.53583493689961], [127.11634839764251, 35.537803763159424], [127.11595476424367, 35.5382156153528], [127.11547354979113, 35.538645461787084], [127.11479512243973, 35.539003894613614], [127.10774773974488, 35.542642103960326], [127.10676262086862, 35.5430186686955], [127.10604020218551, 35.54328765428095], [127.10568992626254, 35.543413193033025], [127.10525201508284, 35.543520913026946], [127.09868319697655, 35.54510075404979], [127.08937794804928, 35.54827451770808], [127.08785624506297, 35.5488391629969], [127.08744038018514, 35.549125719431046], [127.08680593663375, 35.54984177526645], [127.08658720025775, 35.55014607954547], [127.08634667151381, 35.55053984021459], [127.08588773652922, 35.551542038687636], [127.0857791313713, 35.55241873608491], [127.08559479555916, 35.554198967285565], [127.08563920223078, 35.554771427422864], [127.08601298527276, 35.55609505839198], [127.08654035906876, 35.55763327984158], [127.08733058646442, 35.559135522808255], [127.08759393462175, 35.55958259604659], [127.0886034309243, 35.56122779512919], [127.08897643026246, 35.561746336463365], [127.09004049270725, 35.56316785495274], [127.0916090764011, 35.56510780005117], [127.092003986911, 35.565608435198676], [127.09270667044049, 35.56703914628251], [127.09331824270046, 35.56632496548453], [127.09414487961996, 35.56562379607861], [127.09803835492505, 35.563125790936866], [127.09828997550142, 35.563032557440884], [127.09866989378672, 35.56289178533285], [127.09895569968991, 35.562866956321756], [127.09921156072468, 35.56296508918586], [127.09961813094615, 35.563284306961926], [127.10014239634137, 35.56340757254883], [127.10029531997739, 35.56344352631607], [127.10077675706133, 35.563479997408834], [127.10131832311477, 35.563467255756], [127.10199385717951, 35.56340536850409], [127.10240135883869, 35.56336803036037], [127.10853811795464, 35.56252699381859], [127.10861328006222, 35.56249783132021], [127.10910948302707, 35.562305264668026], [127.1093797231766, 35.56189944436594], [127.10966404676843, 35.56078075141061], [127.10990424331206, 35.560424127743985], [127.11140700092312, 35.55924289558549], [127.11211354401715, 35.55891040914307], [127.11337681583493, 35.55866345697295], [127.1138882405734, 35.55863839966938], [127.11432918979767, 35.55876263607533], [127.11467077699432, 35.558858882497745], [127.11688432704376, 35.560417646962236], [127.11717085076408, 35.56089670412486], [127.11712641920764, 35.561376076043885], [127.11706555458134, 35.56155872549875], [127.11664707772292, 35.562814500029575], [127.11639211119557, 35.563367805600464], [127.1164635685493, 35.563685680929886], [127.11664452727878, 35.563980484893165], [127.11694361574921, 35.56430179297319], [127.11730747875612, 35.56469267913247], [127.11749556529183, 35.56475122617879], [127.11781921636938, 35.56485195650993], [127.11839109907525, 35.56499889453827], [127.12378779858173, 35.5659387882306], [127.12436453669338, 35.56593819090163], [127.12449194458861, 35.56591324413666], [127.12509935751834, 35.56579429764652], [127.12643283911409, 35.56522029406403], [127.12655721571487, 35.565190677773295], [127.12734848721894, 35.565002306540585], [127.1275972245413, 35.56497434033006], [127.12823276603157, 35.56496748181739], [127.12854709965421, 35.564964102928755], [127.12884751912891, 35.56497821033535], [127.12931612116918, 35.565000234087144], [127.12962155923447, 35.56506455185666], [127.12965683950715, 35.565096888944225], [127.12971212906855, 35.56514758022783], [127.12971329264644, 35.565872589903734], [127.13036306258277, 35.56909060801221], [127.13149796528356, 35.57159693381754], [127.13164609143041, 35.57228022521285], [127.13180614013866, 35.573342177389456], [127.13174175285329, 35.575480339302736], [127.13161831656927, 35.576080813185335], [127.13128069662382, 35.5771202070666], [127.13113824074576, 35.57746682785337], [127.13094272016271, 35.57794259097153], [127.13099978697046, 35.57826576347078], [127.13148721564988, 35.5789394566447], [127.13229154097503, 35.579737480675234], [127.13305009127708, 35.58019845606974], [127.13365002771394, 35.580493349213356], [127.13447612946496, 35.58075566439188], [127.13520480699148, 35.580950493453734], [127.13533610656852, 35.580985589899726], [127.13579099264251, 35.58107200987448], [127.13586787254889, 35.5810866153705], [127.13671623376547, 35.581136443369715], [127.13791551641683, 35.581338283553926], [127.13884363833482, 35.58172975369639], [127.13907005224813, 35.58184957068214], [127.13945843234002, 35.582056042639486], [127.13962478529011, 35.582144479974474], [127.14114236838441, 35.58326488414904], [127.14213858185317, 35.58376247382654], [127.14234233599174, 35.58384536148159], [127.14241420359686, 35.58385664067675], [127.14269306883129, 35.58390037092879], [127.1454632602897, 35.58334293964803], [127.14648082617437, 35.58312005117031], [127.14762268670981, 35.58282774771221], [127.14789404307491, 35.58277199452206], [127.14902482978299, 35.58260437266109], [127.15038222624268, 35.58267197858792], [127.15051650065392, 35.58268176950214], [127.15063110374214, 35.582690129134654], [127.15097057917069, 35.582772850945624], [127.15205723312437, 35.58321018929248], [127.15243585081444, 35.58346059732731], [127.15278201912092, 35.58368955237505], [127.154299019386, 35.58439417868072], [127.15443483810837, 35.584440174580976], [127.15495539684153, 35.58456881137138], [127.15534013086196, 35.58465145387523], [127.1556647603345, 35.58464190180878]]]]}}, {"type": "Feature", "properties": {"dong_cd": "5275040000", "dong_nm": "덕치면", "sigungu_cd": "52750", "source": "admdongkor-ver20250701"}, "geometry": {"type": "MultiPolygon", "coordinates": [[[[127.21303614986583, 35.519501811438275], [127.21241034200602, 35.51897886143769], [127.21172690261061, 35.51825492411054], [127.21037031436235, 35.51580345972686], [127.2101894064794, 35.51543754229626], [127.20971105937743, 35.51446996668984], [127.20879233591867, 35.51223838350195], [127.20871517247065, 35.50722574653612], [127.20877793797227, 35.50663714530427], [127.20984128440448, 35.505153537434396], [127.21036677934634, 35.50451158836408], [127.21254798905821, 35.50242230957086], [127.2138070320123, 35.5016382289326], [127.21423138031726, 35.501359493006866], [127.21474717427017, 35.50088154228539], [127.21497344199364, 35.50067186087069], [127.21512136334232, 35.5003530584067], [127.21516993998047, 35.499964934718975], [127.2150841526662, 35.49966971430599], [127.21448720949124, 35.49897288793337], [127.21428773687366, 35.49855623917382], [127.21410896005423, 35.49791947838045], [127.21382193255664, 35.49653289095091], [127.21380676657648, 35.49615646246877], [127.213854444606, 35.49542952311433], [127.21411871156333, 35.49355545651978], [127.21419624131978, 35.49340476247132], [127.21442939987945, 35.49317267544204], [127.21521454232406, 35.49273114355778], [127.2158087571349, 35.49241442649155], [127.21594311704675, 35.492327307309054], [127.21638036160596, 35.491590991253204], [127.21647874508709, 35.49129544677261], [127.2165629082214, 35.49098254235649], [127.21663888032752, 35.49024977437316], [127.21659089579977, 35.489905365405576], [127.21207734159292, 35.48985808877354], [127.21092263646281, 35.49001749922786], [127.21045634483258, 35.49008186033983], [127.20413191471185, 35.48999323257888], [127.20332079015054, 35.489861999705504], [127.20231960342274, 35.489377543372186], [127.2022394296338, 35.489313884430004], [127.20123642396814, 35.48851755948892], [127.20028972886443, 35.48819871859162], [127.19956002584978, 35.488199918301916], [127.19883083433281, 35.48839998388282], [127.19748120169469, 35.48908719565054], [127.19653581349905, 35.48930968949523], [127.19583318227946, 35.4893329182632], [127.19561676226407, 35.48924488470714], [127.19545391806025, 35.48895789792256], [127.19534469590963, 35.488494044550706], [127.19485436536124, 35.48688174552414], [127.19458291140097, 35.486384995706246], [127.18965506461092, 35.4824153289848], [127.18919515913625, 35.4822061243216], [127.18418390587313, 35.47954946351232], [127.17894019006192, 35.47633281097386], [127.17718011929391, 35.47465602854586], [127.17660993777922, 35.47339731898273], [127.176617792534, 35.47325359238511], [127.1766619148186, 35.47244707764112], [127.1774419350966, 35.470810753665816], [127.17717176284252, 35.470816678438794], [127.17677939251364, 35.47055207673126], [127.1766299794251, 35.47018770330784], [127.1763164546316, 35.468895474952326], [127.176233767016, 35.46813877682185], [127.17638042047263, 35.46723259992603], [127.17647429822512, 35.466923091978735], [127.17722809007543, 35.4656624747284], [127.17748273410344, 35.46472850589735], [127.17738706347039, 35.464220399863144], [127.17551924266968, 35.462554782667304], [127.17485492595851, 35.46144537590286], [127.17366135582422, 35.459171100922724], [127.17329600427873, 35.45888434884154], [127.17114927683936, 35.459379044395014], [127.17033931522653, 35.459634301790565], [127.16896320388338, 35.46045932614804], [127.1668045950811, 35.461788124251136], [127.16604902514206, 35.46223662249066], [127.16532711272603, 35.462514587146586], [127.16518515375134, 35.46256924223022], [127.16337546460684, 35.46279819418435], [127.1618759932152, 35.4628001958749], [127.16094381428954, 35.46275724036191], [127.15774072859541, 35.4619769718267], [127.15630694145197, 35.46098445128167], [127.15580690277739, 35.46087461511582], [127.15545565045134, 35.46086399853777], [127.15498315260022, 35.46101376343716], [127.15309352205804, 35.46184479701371], [127.15253993342837, 35.46197807203419], [127.14905511118862, 35.462192306234], [127.14899063945505, 35.46219133251721], [127.14770420396964, 35.462171852490485], [127.14432636295501, 35.461783700024895], [127.14334354732037, 35.46366308175091], [127.14315581194053, 35.464453269084466], [127.14310307579822, 35.46519358811007], [127.14317400456372, 35.46712699289474], [127.14322861717464, 35.46744733326488], [127.14318866503046, 35.46778436348424], [127.14302707240802, 35.46808285552808], [127.14216311357151, 35.468459526391634], [127.14063822489211, 35.4694446039592], [127.14017962459809, 35.46986497493512], [127.1401394353992, 35.470074934780435], [127.14013985138858, 35.47031802213937], [127.14051930729153, 35.47099706301838], [127.14137305219398, 35.47249866179806], [127.14177167259102, 35.474295910841235], [127.14209590935643, 35.47641449912387], [127.14188115848934, 35.47723235227551], [127.1415169951712, 35.477602893218574], [127.14069355310227, 35.478034739602215], [127.13954618064169, 35.4786658211622], [127.13637264056658, 35.482715684316915], [127.13586834483584, 35.483788036251255], [127.1348063790789, 35.486457588006985], [127.13441957063412, 35.48755197003687], [127.13425778244604, 35.491775259262795], [127.1342322182677, 35.492659164773606], [127.13407077940985, 35.49310127356769], [127.13358553794369, 35.49387520178613], [127.13172379654323, 35.495843853823985], [127.13069823409872, 35.496795135919825], [127.12996897800602, 35.49712735942354], [127.12972636852795, 35.49752535429549], [127.12943063372317, 35.49853108618464], [127.12892081563682, 35.500895998784344], [127.1283285816626, 35.502443405169274], [127.12771701023779, 35.50325346792098], [127.1306522331769, 35.50332243910057], [127.13102117890055, 35.5033482798798], [127.1314384641208, 35.50351825104941], [127.13166381614369, 35.50401617925536], [127.13211601540169, 35.50593628089623], [127.13332772425744, 35.511290313962476], [127.13332838870144, 35.5116967057474], [127.13326475343395, 35.512024533226715], [127.13313739364821, 35.51261461171333], [127.13227325288734, 35.51388062465865], [127.13198573488428, 35.51464131624289], [127.1313516631515, 35.51935495195897], [127.13151440881597, 35.5207968462378], [127.1316154966432, 35.520982056671876], [127.13170749152978, 35.521150603622814], [127.13202876383411, 35.52141244704632], [127.13246219824156, 35.52158242043432], [127.13406719084273, 35.52203294573532], [127.13695516312815, 35.52220670601917], [127.13883256327104, 35.522224979629684], [127.13997123647994, 35.52223604599123], [127.1430996232332, 35.52226519930369], [127.14325197696203, 35.522236273899296], [127.1433081095835, 35.52222562899349], [127.14481603338992, 35.5221713904756], [127.14619564331369, 35.52213697744261], [127.14635741565492, 35.522148793827014], [127.14672511254294, 35.52217566960086], [127.14720662049882, 35.522306182237024], [127.14765629007182, 35.5225547391282], [127.14829860483712, 35.52289479497577], [127.14878030884684, 35.523117065698706], [127.14913080211032, 35.523242739407756], [127.14945453710541, 35.52335877853941], [127.1501927279532, 35.523475855363614], [127.15036490924521, 35.52349440492016], [127.15043341911004, 35.52350178070395], [127.150589485008, 35.52350085876321], [127.150668844394, 35.523495779646886], [127.15078635055673, 35.52348824660246], [127.15400983571507, 35.52288770683214], [127.15453903291619, 35.5227690511826], [127.15487561699953, 35.52259819692476], [127.15617367031629, 35.52186895465312], [127.15893377125737, 35.52225867192407], [127.15912748972676, 35.52287456251428], [127.15943285778158, 35.52315604448849], [127.15985047123642, 35.52341768383602], [127.16123090997269, 35.52379603482197], [127.16370254663721, 35.5242974716445], [127.16411971719644, 35.524323128550364], [127.16434682559819, 35.52422996909112], [127.1682112348872, 35.52457317537504], [127.16911164613818, 35.52553548839673], [127.16969008774497, 35.52595419472854], [127.17020409773308, 35.52625501121729], [127.17049296717114, 35.526293921124505], [127.17095820121695, 35.5262801650055], [127.17147146188967, 35.526213902566575], [127.17497606340656, 35.525477349541774], [127.17740338310375, 35.524304484185386], [127.177836111803, 35.524107201338126], [127.1779965480286, 35.52410696611924], [127.1789915193128, 35.52424316321856], [127.18019536140376, 35.52451668539505], [127.18048234460205, 35.52459315844471], [127.18122273159796, 35.52479045784699], [127.18401782167359, 35.52636598342397], [127.1842270023287, 35.52664095629159], [127.18428517844158, 35.526813982248775], [127.18432392589392, 35.52692923749755], [127.18406867020654, 35.527572000733066], [127.1836373615745, 35.528398569606274], [127.18360577674117, 35.52862147737729], [127.18387966413005, 35.529119223368625], [127.18803103047892, 35.53430432875726], [127.18917312690525, 35.53554798062565], [127.18986116498034, 35.536224916596545], [127.19269518136271, 35.534816592129644], [127.19380313847988, 35.53488870814721], [127.19719412011212, 35.53479090895229], [127.19752186721259, 35.53476265826194], [127.1978381603463, 35.53466978575117], [127.19835761446716, 35.53445653781533], [127.19884600612295, 35.53406359392151], [127.19894426939263, 35.53398453371072], [127.19909982984701, 35.533852253417336], [127.19940676631624, 35.53359125416576], [127.19973398222751, 35.53335058024599], [127.1999710199543, 35.53321164900983], [127.20071655601859, 35.532997990956524], [127.20119132295113, 35.533006440037155], [127.20172313946497, 35.53322260864707], [127.20215324341025, 35.533443562245914], [127.20241391692237, 35.5337201904735], [127.20278724112322, 35.53426294405857], [127.20293553111799, 35.534375077426056], [127.20310529846833, 35.53445791173236], [127.20330884285671, 35.534485278501506], [127.20352348145185, 35.534429509356116], [127.20398599895513, 35.53405468820728], [127.20479690182705, 35.53287112282745], [127.20572139280657, 35.53191826907946], [127.20624056981188, 35.53160797392418], [127.2075051078986, 35.53103318805249], [127.20841932359436, 35.53050055435809], [127.20881375450853, 35.53003807957059], [127.20893734423514, 35.529751565758474], [127.20922894874073, 35.528864405007965], [127.21107129251669, 35.52449261974015], [127.21206228323919, 35.523096282336056], [127.21272646419166, 35.522083785199314], [127.21301870956208, 35.521464461617356], [127.21316433966575, 35.52097472009877], [127.21323069978264, 35.52042042924593], [127.2132065712746, 35.51983861002603], [127.21303614986583, 35.519501811438275]]]]}}, {"type": "Feature", "properties": {"dong_cd": "5275041000", "dong_nm": "지사면", "sigungu_cd": "52750", "source": "admdongkor-ver20250701"}, "geometry": {"type": "MultiPolygon", "coordinates": [[[[127.36347234808841, 35.55822991484589], [127.36152823803475, 35.55693905068211], [127.35972444454416, 35.55859232320113], [127.35953204423805, 35.5587536964851], [127.35941145801982, 35.55884708330939], [127.3592195036927, 35.55891172293673], [127.35911283662796, 35.55893384048734], [127.35893842950163, 35.55895762432349], [127.3587747046975, 35.55896684959771], [127.3586216102157, 35.5589673031452], [127.35851825375262, 35.55894138181442], [127.35841126196249, 35.55889076868083], [127.35834505807628, 35.5588095938322], [127.35822679913156, 35.558629494355415], [127.35682302560458, 35.556776271435474], [127.35342705878834, 35.5535455527895], [127.353239348107, 35.553368636868996], [127.35262405170442, 35.552790264591515], [127.35240627580097, 35.55259559658048], [127.35215144780001, 35.55237739989457], [127.35191784326184, 35.55219908213349], [127.35158292675159, 35.55194816376773], [127.35131557107356, 35.55179112215006], [127.35109742132636, 35.55168962711126], [127.35087208425796, 35.551586189627315], [127.35056703062894, 35.551460077173964], [127.35031872120481, 35.55139599292362], [127.35004779948035, 35.55133494388725], [127.34986860295638, 35.55131103247694], [127.34409559290049, 35.55090874125164], [127.34369152030222, 35.550991187159546], [127.34340716348044, 35.5511382848362], [127.34297095270773, 35.55144307218413], [127.34210046266107, 35.55222506376096], [127.34160503240571, 35.552643853837985], [127.34006407517168, 35.553845554432236], [127.33976274081228, 35.554077495987755], [127.33954483791237, 35.554216812077], [127.33912516090172, 35.554394997995566], [127.33874256978251, 35.55447439566667], [127.33838046885994, 35.55449919160472], [127.3379767004426, 35.55450031959887], [127.33759365747781, 35.55447415926474], [127.33737425619833, 35.55444009637819], [127.3370771531267, 35.55439396850694], [127.33664185321318, 35.55431683761546], [127.33620031610457, 35.55422271120507], [127.3359252930035, 35.55415533491461], [127.3354852994507, 35.553960005643674], [127.33512640031012, 35.553743035827694], [127.33479224968795, 35.55345799464498], [127.33453287240826, 35.55314208312623], [127.33436869135055, 35.55293875691818], [127.33403329621136, 35.552481016874786], [127.33394053267952, 35.552321295262715], [127.3339100615259, 35.55220646290286], [127.33394837730938, 35.55087875377656], [127.33396418368855, 35.55080904110639], [127.33402337740014, 35.55067153639199], [127.33411730078201, 35.55052283571774], [127.33403888989994, 35.55041993399379], [127.33391177087955, 35.55029220733705], [127.33377779412186, 35.5501928111904], [127.33366257811004, 35.5501479786277], [127.33349653985049, 35.55010518026552], [127.33322765766856, 35.55007555340359], [127.33307892440351, 35.55005917181278], [127.33291084176169, 35.55005594550862], [127.33273812419435, 35.550056420170236], [127.33245855374314, 35.55011107844166], [127.33233208127078, 35.550169734211714], [127.33226785441632, 35.55021326002199], [127.32876699601614, 35.55266469079563], [127.3290958114648, 35.55389595325572], [127.32917888077587, 35.554143585686184], [127.32957654388551, 35.555165184604974], [127.33011645356251, 35.556226523943835], [127.33081837168346, 35.55746721904491], [127.33148567175733, 35.55857290828025], [127.33223056410309, 35.55995749018237], [127.33296575918673, 35.561603298656465], [127.33298795359937, 35.56169028720314], [127.3329856109662, 35.56179080090543], [127.33290605241547, 35.56386982942946], [127.33278778552912, 35.56802104132813], [127.33279079932396, 35.568085842263756], [127.3328407630948, 35.568271014736226], [127.33501374224197, 35.57289601199289], [127.33508252247952, 35.573014151089026], [127.33575111624542, 35.574068437649075], [127.33585271929735, 35.57417533045089], [127.3359377295273, 35.57424430303129], [127.33632394473761, 35.574428547900034], [127.33653072608648, 35.574519533389285], [127.33659651015272, 35.57457739175136], [127.33663494924045, 35.574615227792194], [127.33666805649344, 35.57467544564493], [127.33709218023934, 35.57643599271904], [127.33685910754765, 35.57723157539609], [127.3357061502934, 35.58138008699765], [127.3354672419492, 35.583737055823356], [127.33624790137529, 35.58447025974376], [127.33804639282529, 35.58804785439726], [127.33865561094521, 35.589371658207725], [127.33866547640636, 35.589424818563714], [127.33864387135397, 35.589495003316124], [127.33860798005612, 35.589565310494514], [127.33858217557304, 35.58960430497354], [127.33856663707924, 35.58962778038808], [127.33845361481822, 35.589777534492576], [127.33827470931449, 35.59000335206817], [127.3382513023437, 35.59005155197963], [127.33824499963235, 35.59009915540558], [127.33825270533912, 35.59014978735491], [127.33861167978992, 35.591763343297394], [127.33862431140973, 35.59180405819493], [127.33863988514385, 35.59183473620433], [127.34493017025193, 35.60193361640916], [127.34498735693457, 35.6020167223208], [127.34509919001962, 35.60215501200668], [127.34562490362738, 35.60271656262283], [127.34764995919615, 35.60463707099446], [127.34769070564256, 35.60467012119064], [127.34896181998532, 35.60497217612495], [127.34903249098701, 35.6049755268611], [127.35964912712359, 35.605030556028744], [127.35990104579966, 35.60502214461452], [127.36001058217181, 35.60500848293333], [127.36006874761023, 35.60498353232598], [127.36020360455274, 35.60488786748593], [127.36042566546203, 35.60471559630446], [127.36060002359577, 35.60458926916538], [127.36067236822707, 35.60455265375147], [127.36076287929077, 35.60450685701495], [127.36094916288017, 35.60443192925044], [127.36111452789918, 35.60439331370604], [127.3641031313106, 35.60404124614101], [127.3643037593365, 35.60404254609348], [127.36445890136987, 35.604058534784684], [127.36460939513674, 35.604074046489316], [127.36488955968291, 35.60414368182553], [127.36497139511675, 35.60417967016366], [127.36502407466162, 35.60421386486443], [127.36558984257339, 35.60476491044251], [127.36572336945288, 35.60490743391828], [127.36610669799246, 35.60533142184225], [127.36622389035121, 35.60545111838934], [127.36637600772657, 35.60558224052731], [127.36648607005827, 35.60566382866438], [127.36724989222894, 35.60617434713425], [127.36731348640257, 35.606212744632586], [127.36735979151216, 35.606240693649994], [127.36743701587639, 35.60628427616219], [127.36749070389673, 35.60629556078856], [127.37019060701205, 35.60632166560326], [127.3724239021807, 35.606299578007864], [127.37435750975838, 35.60758091153322], [127.37426286618143, 35.60682277351265], [127.37423030183149, 35.60629751592763], [127.37423814191091, 35.60546704313919], [127.37435015267532, 35.604347595371244], [127.37437588190039, 35.604114895588054], [127.37441838217876, 35.60387673482356], [127.37456177169875, 35.60338517385738], [127.37515248183269, 35.60128804807152], [127.37572215924126, 35.59918213827405], [127.37573688532075, 35.599122067238525], [127.37573263070675, 35.599074859462334], [127.37570972943927, 35.59902726908953], [127.37568837716431, 35.59899461350336], [127.3755242320728, 35.59881388244914], [127.3754608213771, 35.59875448810252], [127.37474156077582, 35.59797287778209], [127.37387435981785, 35.59678921218307], [127.3737542069546, 35.59660049816489], [127.37358274230905, 35.59631638657132], [127.37355877265722, 35.596267150031764], [127.37350742451005, 35.59613708750427], [127.3723549587383, 35.59320128059427], [127.37218946607344, 35.59276999606949], [127.3721621328867, 35.5926476548887], [127.37212107884201, 35.59215859336816], [127.37193201632749, 35.58862487064734], [127.37200336575765, 35.58737169384298], [127.37208453720483, 35.586687990444844], [127.37272175102132, 35.5864802400555], [127.37377193598134, 35.58630434489394], [127.37645557232074, 35.58488392187652], [127.37665345793843, 35.584730090116935], [127.37887746740488, 35.57902701872641], [127.37908869726562, 35.57763816847301], [127.37911450919212, 35.577451518851134], [127.37909299350011, 35.577336593676975], [127.37904682299764, 35.57723111116261], [127.37889734156741, 35.57697048671169], [127.37797518980456, 35.575726882603384], [127.37766190110608, 35.57539845099096], [127.37732020582077, 35.57510415254795], [127.37708370208519, 35.5749277944566], [127.3768494489254, 35.57477358290791], [127.37194826393261, 35.57166869754444], [127.37169483697943, 35.57151822808452], [127.37148504040132, 35.57143072411312], [127.37110088847204, 35.57127561289381], [127.3701378156049, 35.570909126448484], [127.36967066011304, 35.570741823674986], [127.36893782265582, 35.570495395861904], [127.36873128542388, 35.57042664151645], [127.36863465742451, 35.57039449042801], [127.36803740899869, 35.57019702238483], [127.36789482107508, 35.57015528354596], [127.36765311832093, 35.57006076269874], [127.36674628023073, 35.56970054760925], [127.36602213077674, 35.56939584198314], [127.36570628235108, 35.56924267660183], [127.3654850020314, 35.56912699329057], [127.36525125894428, 35.56900259734411], [127.365110268056, 35.568927323415714], [127.36487632751503, 35.56876084521947], [127.36471000783533, 35.56859407008436], [127.36451317431472, 35.568367713099896], [127.36445051638286, 35.56829516735947], [127.36421333547881, 35.56800062346658], [127.36400097954431, 35.567700152548504], [127.36157268298358, 35.56408713257532], [127.36150717865516, 35.563970236595495], [127.36147561362009, 35.563891123929224], [127.36145701521288, 35.56370206702333], [127.36146356210095, 35.56356236336652], [127.36160083202451, 35.56202308752216], [127.36161963268704, 35.561860167530504], [127.36164053268763, 35.56174952725172], [127.36173433077563, 35.561634322534076], [127.361835541298, 35.561575896517304], [127.36204885870073, 35.561499533990855], [127.36272785184438, 35.561276426924344], [127.36300331874453, 35.561188355971304], [127.36328778058454, 35.56111187640327], [127.3635082467601, 35.56106030871748], [127.3636059389794, 35.56100033718921], [127.36361991828812, 35.56094647884457], [127.36414611173957, 35.5588096786125], [127.36407451760856, 35.55873428046874], [127.36347234808841, 35.55822991484589]]]]}}, {"type": "Feature", "properties": {"dong_cd": "5279025000", "dong_nm": "고창읍", "sigungu_cd": "52790", "source": "admdongkor-ver20250701"}, "geometry": {"type": "MultiPolygon", "coordinates": [[[[126.73811794165826, 35.449033582916684], [126.73960833169053, 35.447405187329004], [126.74257168832581, 35.4429981225892], [126.74276170559855, 35.44257600423591], [126.74437742069192, 35.440745734104524], [126.74442402867805, 35.44070276180426], [126.74451386970043, 35.440680146134156], [126.74565437930308, 35.440522943125444], [126.74575341848531, 35.44051296926549], [126.74587129215159, 35.44051496519292], [126.74592984996926, 35.440515963902044], [126.7460969458226, 35.44054415978482], [126.74634465044942, 35.44054216729154], [126.74652320907137, 35.44053244480734], [126.74736510115575, 35.44042719479618], [126.74744764305053, 35.44040776025156], [126.74843127105738, 35.43996010438119], [126.7486372714588, 35.439794535677564], [126.7511771173158, 35.43707667896855], [126.75121523625323, 35.43702109310643], [126.75130371007378, 35.43689203718201], [126.7515187042075, 35.43647223031455], [126.75167867859119, 35.43611957261545], [126.75171195210729, 35.43598937085881], [126.75172075349909, 35.43580638339399], [126.75172952704516, 35.43562378075644], [126.75172536171507, 35.435324289583036], [126.75168815443213, 35.43517979258351], [126.75160202040021, 35.43502365852826], [126.75144053028228, 35.43488467917515], [126.75134498394662, 35.43478069233767], [126.75131292809019, 35.43474579342596], [126.75129057653842, 35.43466775824907], [126.75119012306436, 35.43306168995137], [126.7511985685467, 35.4328615354462], [126.75120231522958, 35.43277289452438], [126.75126383197548, 35.43236000372397], [126.75133631607171, 35.43200425467359], [126.75134795144768, 35.43194716374001], [126.75202559498554, 35.42610398731426], [126.75177962122137, 35.423502543939975], [126.75177346520016, 35.423391473230815], [126.75176835537981, 35.42329925270108], [126.75177023823409, 35.42319904264747], [126.75177095293668, 35.423161542712585], [126.75182555555328, 35.42297912535075], [126.75194505161448, 35.4227802625255], [126.75211769331574, 35.42252925776993], [126.75344191322945, 35.420710050192106], [126.75378366204438, 35.42029013144673], [126.75400703575824, 35.420054971022104], [126.75429694398166, 35.41793635340708], [126.75396491777491, 35.416243185399075], [126.75354970019627, 35.41630705020251], [126.75308482197597, 35.41635254716923], [126.75247567952512, 35.4163824660003], [126.75219304410376, 35.416396345560095], [126.75206991734366, 35.416390174055046], [126.75176187498091, 35.41637471855119], [126.74999243398742, 35.41608565666097], [126.74988443227983, 35.41606220374301], [126.74981623315564, 35.41603248981989], [126.74954769032878, 35.415915480620335], [126.7490935462591, 35.415636607517165], [126.74856201603457, 35.41527271192537], [126.74851979997494, 35.415243804523456], [126.74841306055148, 35.415163109273294], [126.74818252352303, 35.41492036673752], [126.74801449034074, 35.41474081694271], [126.7479828900657, 35.41470043515007], [126.74793873846914, 35.41464399964012], [126.74766680044364, 35.41426586071725], [126.74764889706162, 35.41424095814137], [126.7474666302924, 35.41394286737954], [126.74745142218335, 35.41388740458825], [126.74693880778942, 35.41282232646995], [126.74576071916927, 35.41105867649694], [126.74443305657869, 35.409294504816316], [126.74134338215723, 35.40772529323954], [126.73865442197608, 35.40636335712063], [126.73831718834865, 35.40623823588863], [126.73793615794511, 35.406039747269084], [126.73777985566547, 35.405948789152156], [126.73770749123446, 35.40590666779337], [126.73767482379398, 35.40588380117135], [126.7374424540332, 35.40572104773062], [126.73716849271668, 35.40547024763715], [126.73701629731022, 35.4053173120177], [126.73695557511662, 35.40523715160453], [126.7369411365666, 35.405167685082716], [126.73695138714739, 35.4047662031074], [126.73698188145323, 35.4046693675076], [126.73699155377015, 35.40463866406215], [126.73608250286878, 35.40324801579247], [126.7309768409899, 35.4014739962154], [126.73062401902524, 35.40137675622674], [126.72780165877342, 35.40068016897704], [126.72734747892497, 35.40057937171638], [126.72701063761932, 35.400545342137136], [126.72678338391773, 35.40055807432118], [126.72644228159528, 35.40061057677101], [126.72603191125546, 35.40072035041359], [126.72572731754501, 35.4008018169612], [126.72553408269066, 35.400833043235316], [126.72548357701072, 35.40084119317542], [126.72520629698204, 35.400867683683494], [126.72502371310937, 35.40085735156014], [126.72497792428638, 35.4008495884519], [126.72492735186361, 35.4008410038787], [126.72464645417939, 35.40079330499482], [126.72433008828587, 35.40072606511287], [126.72235715059159, 35.40016758692972], [126.72228325867451, 35.40011939822375], [126.72214494769243, 35.39999827168686], [126.7220038035036, 35.39949420656225], [126.72195483117801, 35.39917168941688], [126.72194581047934, 35.39891570588083], [126.72204484492546, 35.39835061972323], [126.72095090045305, 35.39726551569511], [126.72072865133761, 35.39714250448986], [126.71796024771591, 35.39606473902411], [126.71614016282942, 35.39543774516018], [126.71379218109637, 35.395434789501266], [126.71343209678956, 35.395441765821886], [126.71312935513095, 35.395514502766275], [126.71179380069917, 35.395859302003586], [126.71143116491483, 35.39596741527192], [126.71119474050371, 35.39608392557952], [126.71098473440131, 35.396233131634816], [126.71082791769705, 35.39640706290536], [126.71063873456188, 35.39670188486344], [126.71046854661152, 35.39688938746163], [126.71022868947254, 35.39704402068096], [126.71009884397307, 35.39709264827434], [126.7073736213206, 35.39801610807595], [126.7070942515652, 35.39804535108132], [126.7054504275369, 35.39823368678175], [126.70425797545154, 35.40104843708528], [126.70307548062765, 35.40358687411013], [126.70292282940218, 35.40378821536808], [126.70272828096084, 35.40400214649476], [126.70264965673317, 35.404038466411315], [126.70138054301584, 35.404524362751026], [126.70125995034384, 35.40456913046942], [126.7007827601815, 35.40473522893846], [126.7005625988018, 35.404794800460124], [126.69884881306321, 35.405161586592804], [126.69877020915773, 35.405165629370984], [126.69869179240182, 35.40514397438381], [126.69863435196942, 35.4050794820598], [126.69845175894851, 35.404890289045234], [126.69833172206323, 35.40478272298537], [126.69813841546403, 35.40466642117333], [126.69794322387187, 35.40457814979469], [126.69765584604566, 35.40450271575028], [126.69695804740893, 35.404523034446896], [126.69358004851848, 35.40489888661448], [126.69319363861, 35.40495737516368], [126.69208391826105, 35.40517049842586], [126.69151429276735, 35.405322090571595], [126.69020459499124, 35.40571836315637], [126.6901421612054, 35.405752174033665], [126.69005867574442, 35.40584722198816], [126.68917470364556, 35.40707680443224], [126.68915331278711, 35.407306726729956], [126.68923308803939, 35.40777012424549], [126.68927379586474, 35.40797428116467], [126.6897905184603, 35.40970343353509], [126.69009818762007, 35.41068710786471], [126.69018698561855, 35.41133196410745], [126.6902960941144, 35.412131432970114], [126.69030845308137, 35.41226935780583], [126.6902952643328, 35.41246320678702], [126.68866238952047, 35.417197537295216], [126.68838233969866, 35.417838447684666], [126.68828191848091, 35.41803883029237], [126.68781794786875, 35.41894461004754], [126.68657800679541, 35.42127451629088], [126.68642746483512, 35.421508826824535], [126.68636493194663, 35.42159032954436], [126.68426217742561, 35.423666942207646], [126.68413291516042, 35.4237753814704], [126.68320341077968, 35.424207282967714], [126.68275411814527, 35.42438302508517], [126.68248808140194, 35.424436662306626], [126.68205334834573, 35.424469141550205], [126.68177477840976, 35.42451941119365], [126.67930301178566, 35.425134027119135], [126.67903140227146, 35.42520608730916], [126.6785217601839, 35.42537814738256], [126.67814754309184, 35.42555112976511], [126.67656932151075, 35.427582034918714], [126.67134875696283, 35.43037323032997], [126.66951645953495, 35.43073940919457], [126.66897461146756, 35.43074491949881], [126.66823076828632, 35.43142856160653], [126.66542469190163, 35.43370806240125], [126.66519180399234, 35.43375812768726], [126.6650451182285, 35.43375958663854], [126.66494192586973, 35.43376059064018], [126.66406046689451, 35.43376137530602], [126.66138539398356, 35.43376045967595], [126.66129895752537, 35.43375705878438], [126.65938518465825, 35.43203699821697], [126.65776621504607, 35.43038941069098], [126.65720983606985, 35.42938945034816], [126.65711230491475, 35.4292252187695], [126.65703851174082, 35.429125783849315], [126.65692137451003, 35.428990432071785], [126.6567022346085, 35.428809806609436], [126.65584588570967, 35.42828081941359], [126.65577137808488, 35.42827097277019], [126.65565744855371, 35.428286773708344], [126.65547668496421, 35.4283248214338], [126.65509512983688, 35.42847804354108], [126.65473261632646, 35.42883677594462], [126.65459499876272, 35.42922331093186], [126.65437703731835, 35.43056141743971], [126.65438382424244, 35.430801378919945], [126.65445854866292, 35.43165873136197], [126.6544738022374, 35.431748818967854], [126.65453233807901, 35.431835792401905], [126.65475501861658, 35.43204192346743], [126.65485260879838, 35.43216440830751], [126.65508246173361, 35.43254380622058], [126.65509789973659, 35.43259206401174], [126.65508202315955, 35.4326466378163], [126.65501084834777, 35.432758919572315], [126.65491609089514, 35.432871221969606], [126.65163507122706, 35.435586591137316], [126.6507977857691, 35.43621634688154], [126.65062041355856, 35.43635724736796], [126.64955289353213, 35.43750618589748], [126.64952520115976, 35.43754153281933], [126.64941784944345, 35.437865860538025], [126.64898471561253, 35.44074300834661], [126.64897234323087, 35.44087799574801], [126.64914878042349, 35.44173565281634], [126.64919121959956, 35.441928664173446], [126.65009697499119, 35.443658549630065], [126.65033483142768, 35.44404826129065], [126.65041291397891, 35.444151312526685], [126.64696602108319, 35.4466000214793], [126.64601070438802, 35.44678349996127], [126.64497553247524, 35.44834168319481], [126.64478824670202, 35.44862550420936], [126.64413277980701, 35.44964392996125], [126.6441326221163, 35.44967953115199], [126.64417586648673, 35.449715169551666], [126.64528539068282, 35.45058873825208], [126.6454088779192, 35.45068554921645], [126.64547076093687, 35.4507161941572], [126.64975853825725, 35.452185370444546], [126.65217577546562, 35.45282968423128], [126.65351039507232, 35.45333638644087], [126.65364049563952, 35.45338597934654], [126.65802857732977, 35.45638537052769], [126.65881597059166, 35.45696056390019], [126.65935062027296, 35.457364244250066], [126.65962861891158, 35.45763469315537], [126.66032221968781, 35.45837942341483], [126.66073019361517, 35.45883861151713], [126.6629917018078, 35.461647492401795], [126.66327019651183, 35.46214759126384], [126.66345919583418, 35.462500983160304], [126.66374534968813, 35.46341093178922], [126.66377502651247, 35.46350537535586], [126.66379444094854, 35.46365730061045], [126.66375528300654, 35.46469811076045], [126.66962447444173, 35.46306724275162], [126.67026601617589, 35.463110011466135], [126.67221104927205, 35.46318445931586], [126.67405492458806, 35.46287531129002], [126.6745361120249, 35.4627434538059], [126.67689970764803, 35.46167548574328], [126.67700963674014, 35.461678858212444], [126.67717097232665, 35.46169425823039], [126.67731011752922, 35.46174563749075], [126.67940140849656, 35.46256682098385], [126.68210651619358, 35.463682699678074], [126.68225307977507, 35.46372817538497], [126.68273917654125, 35.46380137135731], [126.68301268474254, 35.46381111147394], [126.68310223359417, 35.463814298084536], [126.68319148580154, 35.46381150832326], [126.68345437217823, 35.463803256270104], [126.68580432696808, 35.46372892695571], [126.68592894048192, 35.46372024251246], [126.68612091462606, 35.46367808687974], [126.68620793658717, 35.46365193265219], [126.68629246377263, 35.463616109433104], [126.6869238099267, 35.46330933077658], [126.68697172392444, 35.463255463760426], [126.68699025755413, 35.46319250049293], [126.68718089855497, 35.461818867472324], [126.68719989762141, 35.46163586313073], [126.68763982187897, 35.45629191115512], [126.6876533601076, 35.455160451556345], [126.6876607251911, 35.4551349574799], [126.68769021138463, 35.455118546678534], [126.68785059336773, 35.455090466591194], [126.68790934578269, 35.45508018095991], [126.688153223671, 35.45505530037653], [126.68842833216547, 35.45503943385001], [126.68858518342383, 35.455041277231246], [126.68873364100541, 35.455049156422696], [126.688854604288, 35.45507352212469], [126.68895717041573, 35.45509929870221], [126.68904868491595, 35.45513551053863], [126.68927692457854, 35.4552484853495], [126.68966215154308, 35.45544569598324], [126.69009951224965, 35.45566439879985], [126.69029274991782, 35.45574421683854], [126.69047220089215, 35.45580018372832], [126.69068032224072, 35.45584867948626], [126.69165723054438, 35.45601016966547], [126.69173681662441, 35.45601404950133], [126.69198168257088, 35.45602597302302], [126.692110063373, 35.456014313854844], [126.6954796727911, 35.4555772864488], [126.69554582365755, 35.45555556303164], [126.6956045823388, 35.45551668878232], [126.70036743238349, 35.455503409736636], [126.70745155973133, 35.45571727051067], [126.7083094057149, 35.45573117058664], [126.71059361960944, 35.45551135988677], [126.71066252918637, 35.455499442602814], [126.71107626550489, 35.45531523569597], [126.71123923409655, 35.455209704244176], [126.71134666351409, 35.455140126305466], [126.71148962633497, 35.45502373960014], [126.7146463360005, 35.45256425487468], [126.71961191260125, 35.44886749956177], [126.71971371220295, 35.44879815261389], [126.71986317057488, 35.44870504133044], [126.71993323400783, 35.44867238370178], [126.72004502309099, 35.44864263023851], [126.7201767587374, 35.448611586324205], [126.72279532771819, 35.448179717351394], [126.72610160331668, 35.44904759623514], [126.72625056404028, 35.44909831133223], [126.72634763218895, 35.44915434704517], [126.7272359971539, 35.449861526043996], [126.72742031633726, 35.45001328402755], [126.72755923632182, 35.45017025581936], [126.72774612204175, 35.45040897492747], [126.72779644141976, 35.45047868508608], [126.72789774693402, 35.450619044615074], [126.72805845392476, 35.45081257010712], [126.72829148148945, 35.450956486401815], [126.72858526054179, 35.451118681915496], [126.72881844315484, 35.45121743544814], [126.72899342552944, 35.451262997280985], [126.72908417944771, 35.45126580575446], [126.73024949152664, 35.45115702462443], [126.73229724698759, 35.450843359767646], [126.73662327914282, 35.44993025368764], [126.73675959126734, 35.449877392533686], [126.73694156744476, 35.449774310302324], [126.73811794165826, 35.449033582916684]]]]}}, {"type": "Feature", "properties": {"dong_cd": "5279031000", "dong_nm": "고수면", "sigungu_cd": "52790", "source": "admdongkor-ver20250701"}, "geometry": {"type": "MultiPolygon", "coordinates": [[[[126.72204484492546, 35.39835061972323], [126.72404835920074, 35.397039940911974], [126.72705744064164, 35.39634694460423], [126.72952384904492, 35.3946319701691], [126.72957374029168, 35.39458551484886], [126.72960652211347, 35.39449248974887], [126.72990051614619, 35.39236116580176], [126.73015856736046, 35.39030792394424], [126.73088921531995, 35.388752808588286], [126.73093289791346, 35.3887132766218], [126.73096252907418, 35.38868645514631], [126.73105217109277, 35.38857363308662], [126.7311255428133, 35.38845067374388], [126.73177526900776, 35.385735373216335], [126.73207565278777, 35.38413981220087], [126.73208599776449, 35.38344475129729], [126.73207436850579, 35.38329842631676], [126.73204234354233, 35.38316532527708], [126.73108193995967, 35.38073782637332], [126.73105148493268, 35.38067125050988], [126.73102556320785, 35.38061458929553], [126.73070637887243, 35.380194937158684], [126.73097849809085, 35.37996363624172], [126.73106449456711, 35.379863145300156], [126.73113803741344, 35.379723609785884], [126.73131502823888, 35.378921653907966], [126.73134418920614, 35.378692239652324], [126.73136164938497, 35.378339771633556], [126.73135437703021, 35.37824675152278], [126.73121778338343, 35.376930781287044], [126.73119593700739, 35.376780939515506], [126.73112529803377, 35.37657985874042], [126.73106549794832, 35.37646103420026], [126.73095008179722, 35.37632188115647], [126.7300702067275, 35.37547960566908], [126.72267812304341, 35.367240170033554], [126.72145329089727, 35.36623793054847], [126.719720505141, 35.365086153963205], [126.71954408667354, 35.36497046939031], [126.71943429137023, 35.36492086852572], [126.71828725353603, 35.36513895872517], [126.71509550170747, 35.36467754026163], [126.71026392861833, 35.36401812220525], [126.7102196666563, 35.364024604416294], [126.70955275854097, 35.364269683183636], [126.70946813097457, 35.36433535932572], [126.70944377325553, 35.36440767821629], [126.7094356763216, 35.36457092060055], [126.70946186435384, 35.36497744807026], [126.7091409493175, 35.3651775728222], [126.70458172982374, 35.36511310631844], [126.70451872414307, 35.36504129988687], [126.70429514864327, 35.36461928432722], [126.70373036195386, 35.363178129128386], [126.70365891448448, 35.36291783749811], [126.70338714494925, 35.36150930530591], [126.70335406725356, 35.36132751793466], [126.70334788295723, 35.36129351609647], [126.70334459294966, 35.36111234254729], [126.70270419956172, 35.35843321354548], [126.70113398947579, 35.35345529422682], [126.70104648261601, 35.353201538949676], [126.70076582689987, 35.35260758606019], [126.69923583475841, 35.34968241212998], [126.6992071338963, 35.3496486233212], [126.69913304980865, 35.34963160137284], [126.69898080203434, 35.3496312209278], [126.69612466939861, 35.349749135442096], [126.69605410470332, 35.3497613930607], [126.69587783217288, 35.349798080342815], [126.69565728279363, 35.3499081223021], [126.69532417115055, 35.350109531933214], [126.6947538810166, 35.35045491241085], [126.69333748534379, 35.3512592571829], [126.6930449145682, 35.35141543312168], [126.69277762097768, 35.35152210912015], [126.69214508126191, 35.351627284172174], [126.69176732780498, 35.35164281081896], [126.69156611935128, 35.35161345320217], [126.69147053403698, 35.351580138485176], [126.69138598289494, 35.35151614273381], [126.6913500827559, 35.351488964496156], [126.69127149469514, 35.35141778715232], [126.69089970638221, 35.35108104469305], [126.69069847156145, 35.35088604116996], [126.69066899550313, 35.350857463988675], [126.68847081377866, 35.348031644768774], [126.68683040120342, 35.34577409141902], [126.6854783173378, 35.34458576481346], [126.6849887906084, 35.34487353878898], [126.68251585595459, 35.34651047729166], [126.68244186476703, 35.346681033815926], [126.68229617046336, 35.34688543148902], [126.68209389715307, 35.347103736561714], [126.68198292526522, 35.34715292591583], [126.67822666749888, 35.348259859579336], [126.67605303182351, 35.34860392355581], [126.67592205453843, 35.34862006118807], [126.6756419386471, 35.34863157674493], [126.67478418191871, 35.34860050220061], [126.67269856438148, 35.350059823371694], [126.66991529336791, 35.351047139191174], [126.66746778061976, 35.351624910949255], [126.66707291724384, 35.35162381967274], [126.66673476136123, 35.35154762029113], [126.66699936859, 35.352744307724606], [126.6676834711145, 35.35530477236147], [126.66773355438015, 35.35539208863111], [126.6678066922414, 35.35551963788493], [126.66787059606791, 35.35571124412276], [126.66823651094116, 35.358554655914546], [126.6682459998583, 35.35868095799248], [126.668220616489, 35.35880716793061], [126.66793318895643, 35.359835503218875], [126.66781729887046, 35.36021814285578], [126.6677719524301, 35.36035646873268], [126.66763297557007, 35.36065197877179], [126.66668182876244, 35.36258935620428], [126.66658686691943, 35.362723475811215], [126.66586717753286, 35.363730419646714], [126.66572243220597, 35.36387666752357], [126.66471078840824, 35.36711624843179], [126.66489364628939, 35.37218324124026], [126.66460707484022, 35.37449215926404], [126.66445289355053, 35.374495781789854], [126.66433350253479, 35.374519958154856], [126.66422884720471, 35.37457258350388], [126.66321284203494, 35.37522075806732], [126.66312305209051, 35.37529794371583], [126.66184157991731, 35.377419998729856], [126.66207146783145, 35.37868294465393], [126.66217699419332, 35.378816994351716], [126.6622275543663, 35.37893701898489], [126.66228483957286, 35.379108341227784], [126.66229594052152, 35.37924347447617], [126.66228823657605, 35.37939946517473], [126.66224626187129, 35.379569153331424], [126.66092581195042, 35.38254041151975], [126.65887378082888, 35.384783767803036], [126.65847295155827, 35.384913404278365], [126.6567795047932, 35.38549930688257], [126.65662598495084, 35.385571151152526], [126.65652117977532, 35.38565259713913], [126.65487404871462, 35.38695830420159], [126.65476684202277, 35.387062640141934], [126.65469906612424, 35.38716133072467], [126.65466621381329, 35.387250653109106], [126.65465670719516, 35.38733677928028], [126.65466772315897, 35.38746425012095], [126.65469487167353, 35.3876280253185], [126.65472467667261, 35.387734541540816], [126.65477303235848, 35.38782796208724], [126.65487912938173, 35.387984199929306], [126.65498062553115, 35.38813293980286], [126.65510927496179, 35.388320240267255], [126.65519666266279, 35.38849931209706], [126.65548354529925, 35.389210543317176], [126.65552705190389, 35.38935714975407], [126.65554750975986, 35.38946183317492], [126.65554378650722, 35.38976682841644], [126.6555293069711, 35.38991135782852], [126.65543057920578, 35.39081311720241], [126.65537889984212, 35.390955644497325], [126.65531105273504, 35.391067671199565], [126.65522713548513, 35.39115683857584], [126.65506645798808, 35.39128002940335], [126.65495931866819, 35.391342539985594], [126.65229872141855, 35.39272517171812], [126.65218476640568, 35.39276097370209], [126.65209180187593, 35.3927721653299], [126.65198274288053, 35.3927699418219], [126.65186791736508, 35.39274689373174], [126.65153631644135, 35.39266220458361], [126.65079499608585, 35.394061070632354], [126.6507485613712, 35.39408373813581], [126.64964678509861, 35.39430090724887], [126.6485952529822, 35.394505041682436], [126.6425624133407, 35.39563951780975], [126.64184373055707, 35.39576806706376], [126.64166748529114, 35.39579876849739], [126.64137731051426, 35.39584932667176], [126.64114795866317, 35.39596212030515], [126.63700075496328, 35.39841683855611], [126.63667628647895, 35.39867390415337], [126.63659139976137, 35.39884895701436], [126.63647776027715, 35.39939588572044], [126.63632282763427, 35.40054716761457], [126.63623479329647, 35.401817521531356], [126.63615170426776, 35.402324807937774], [126.63606674085393, 35.40253959636459], [126.63598102616616, 35.40267696096688], [126.63065474498484, 35.409790915504566], [126.63007995777363, 35.41055588933088], [126.63287724987036, 35.41185830101957], [126.63384600634272, 35.41309044676788], [126.63396324683042, 35.413870634493684], [126.63527676283809, 35.41734213365093], [126.63541562759143, 35.41760447323025], [126.63581045302229, 35.41821783653293], [126.63623285639076, 35.41874575727913], [126.63647580915129, 35.419024721693155], [126.64165217491217, 35.42420950403189], [126.64408797447452, 35.42454038826346], [126.64469730885169, 35.42442181111539], [126.64516918696506, 35.42438832647863], [126.65000575847102, 35.42462619875255], [126.65178290724123, 35.42472157808613], [126.65206812320346, 35.42476953638301], [126.65239309954524, 35.42488936125659], [126.65350287194497, 35.425341589016966], [126.65363270893003, 35.42541579048394], [126.65545476033498, 35.426733044859105], [126.65552467025375, 35.426786518237925], [126.65559388717837, 35.42700411823398], [126.65566767040447, 35.42731176073338], [126.65568219603259, 35.42741645436941], [126.65509512983688, 35.42847804354108], [126.65547668496421, 35.4283248214338], [126.65565744855371, 35.428286773708344], [126.65577137808488, 35.42827097277019], [126.65584588570967, 35.42828081941359], [126.6567022346085, 35.428809806609436], [126.65692137451003, 35.428990432071785], [126.65703851174082, 35.429125783849315], [126.65711230491475, 35.4292252187695], [126.65720983606985, 35.42938945034816], [126.65776621504607, 35.43038941069098], [126.65938518465825, 35.43203699821697], [126.66129895752537, 35.43375705878438], [126.66138539398356, 35.43376045967595], [126.66406046689451, 35.43376137530602], [126.66494192586973, 35.43376059064018], [126.6650451182285, 35.43375958663854], [126.66519180399234, 35.43375812768726], [126.66542469190163, 35.43370806240125], [126.66823076828632, 35.43142856160653], [126.66897461146756, 35.43074491949881], [126.66951645953495, 35.43073940919457], [126.67134875696283, 35.43037323032997], [126.67656932151075, 35.427582034918714], [126.67814754309184, 35.42555112976511], [126.6785217601839, 35.42537814738256], [126.67903140227146, 35.42520608730916], [126.67930301178566, 35.425134027119135], [126.68177477840976, 35.42451941119365], [126.68205334834573, 35.424469141550205], [126.68248808140194, 35.424436662306626], [126.68275411814527, 35.42438302508517], [126.68320341077968, 35.424207282967714], [126.68413291516042, 35.4237753814704], [126.68426217742561, 35.423666942207646], [126.68636493194663, 35.42159032954436], [126.68642746483512, 35.421508826824535], [126.68657800679541, 35.42127451629088], [126.68781794786875, 35.41894461004754], [126.68828191848091, 35.41803883029237], [126.68838233969866, 35.417838447684666], [126.68866238952047, 35.417197537295216], [126.6902952643328, 35.41246320678702], [126.69030845308137, 35.41226935780583], [126.6902960941144, 35.412131432970114], [126.69018698561855, 35.41133196410745], [126.69009818762007, 35.41068710786471], [126.6897905184603, 35.40970343353509], [126.68927379586474, 35.40797428116467], [126.68923308803939, 35.40777012424549], [126.68915331278711, 35.407306726729956], [126.68917470364556, 35.40707680443224], [126.69005867574442, 35.40584722198816], [126.6901421612054, 35.405752174033665], [126.69020459499124, 35.40571836315637], [126.69151429276735, 35.405322090571595], [126.69208391826105, 35.40517049842586], [126.69319363861, 35.40495737516368], [126.69358004851848, 35.40489888661448], [126.69695804740893, 35.404523034446896], [126.69765584604566, 35.40450271575028], [126.69794322387187, 35.40457814979469], [126.69813841546403, 35.40466642117333], [126.69833172206323, 35.40478272298537], [126.69845175894851, 35.404890289045234], [126.69863435196942, 35.4050794820598], [126.69869179240182, 35.40514397438381], [126.69877020915773, 35.405165629370984], [126.69884881306321, 35.405161586592804], [126.7005625988018, 35.404794800460124], [126.7007827601815, 35.40473522893846], [126.70125995034384, 35.40456913046942], [126.70138054301584, 35.404524362751026], [126.70264965673317, 35.404038466411315], [126.70272828096084, 35.40400214649476], [126.70292282940218, 35.40378821536808], [126.70307548062765, 35.40358687411013], [126.70425797545154, 35.40104843708528], [126.7054504275369, 35.39823368678175], [126.7070942515652, 35.39804535108132], [126.7073736213206, 35.39801610807595], [126.71009884397307, 35.39709264827434], [126.71022868947254, 35.39704402068096], [126.71046854661152, 35.39688938746163], [126.71063873456188, 35.39670188486344], [126.71082791769705, 35.39640706290536], [126.71098473440131, 35.396233131634816], [126.71119474050371, 35.39608392557952], [126.71143116491483, 35.39596741527192], [126.71179380069917, 35.395859302003586], [126.71312935513095, 35.395514502766275], [126.71343209678956, 35.395441765821886], [126.71379218109637, 35.395434789501266], [126.71614016282942, 35.39543774516018], [126.71796024771591, 35.39606473902411], [126.72072865133761, 35.39714250448986], [126.72095090045305, 35.39726551569511], [126.72204484492546, 35.39835061972323]]]]}}, {"type": "Feature", "properties": {"dong_cd": "5279032000", "dong_nm": "아산면", "sigungu_cd": "52790", "source": "admdongkor-ver20250701"}, "geometry": {"type": "MultiPolygon", "coordinates": [[[[126.5962909380849, 35.51530484103401], [126.59603583067792, 35.514669325822396], [126.59598163324772, 35.51442542621358], [126.59593453244004, 35.514148970488264], [126.59589493926592, 35.513754908208696], [126.59593075768095, 35.513518392227574], [126.5959557303729, 35.51337678624416], [126.59599793177966, 35.51324940275874], [126.59759594019465, 35.51026492340623], [126.59771117541031, 35.5100796922983], [126.5980000874253, 35.50972414512137], [126.59816235279116, 35.50956954739663], [126.59846579012344, 35.5094385201081], [126.60040737250915, 35.508687422173146], [126.6008562690728, 35.50853046866612], [126.6012038660661, 35.50844746167126], [126.60152696298053, 35.50842541265597], [126.60189818067249, 35.50846460192777], [126.60255574734619, 35.50856250529289], [126.6026645569319, 35.50860083253358], [126.60287809794985, 35.50868736442713], [126.60303936557978, 35.50873081771183], [126.60332182826936, 35.50875980428408], [126.60362455576083, 35.50877070166406], [126.60407279432354, 35.508747417139936], [126.60466435332513, 35.50868518302726], [126.60478774231028, 35.508672195587145], [126.60562406715282, 35.508541261660916], [126.60587462171944, 35.50848926812819], [126.6062060660188, 35.50840782653041], [126.60652950862672, 35.50830985373304], [126.60706331107848, 35.508126748091065], [126.60776294099597, 35.50787980577791], [126.61001955436075, 35.50707346203673], [126.61071516702827, 35.50681989988455], [126.61222010171487, 35.50616456934626], [126.61501696120904, 35.506330353504296], [126.61525868735274, 35.506433462014996], [126.61622174922564, 35.50680790973685], [126.61648779443237, 35.506880116459826], [126.61666726448112, 35.50691833457869], [126.61676852634443, 35.506936739003145], [126.61687255046402, 35.50695514192503], [126.61803972243818, 35.50703980829857], [126.61832083574144, 35.50701418302669], [126.61867765198834, 35.5069799576995], [126.61911233854367, 35.506897277236156], [126.61924146066754, 35.50686906479954], [126.61931631201357, 35.50682262443484], [126.62136214264847, 35.50550587701334], [126.62143988464226, 35.50542928858738], [126.62152422280197, 35.50532412487156], [126.62163095922111, 35.50515725946514], [126.62169046245664, 35.50503847864964], [126.62170658279572, 35.504943622396326], [126.62172491821306, 35.503780864308055], [126.62148301276133, 35.50303060412152], [126.62130633697502, 35.50266061032544], [126.6211922296847, 35.50240879032979], [126.62122568871929, 35.50211562871186], [126.62129129580583, 35.501759627388275], [126.62138837014894, 35.501555608371994], [126.6216071842313, 35.501315395980185], [126.6222502034541, 35.50070461119786], [126.62239134474241, 35.50064215208525], [126.62414270571013, 35.50028740089509], [126.629021189436, 35.49747941053554], [126.62974034974323, 35.49699447807713], [126.63198948387367, 35.49563971107164], [126.63455530603935, 35.494208166490154], [126.63585587571782, 35.49354866144553], [126.63597598256189, 35.49358095265862], [126.63601086088273, 35.493590330591], [126.63623059605597, 35.49366841316161], [126.6402158329781, 35.495191788995825], [126.64137314410291, 35.49573630614243], [126.6414357115516, 35.49579480418178], [126.64145651027175, 35.49584975637839], [126.64140309023362, 35.496535843742194], [126.64143522675545, 35.49661957301355], [126.64151042172873, 35.49668495830833], [126.64265215006077, 35.49729565514097], [126.64399287924354, 35.497970197056226], [126.64462048898812, 35.49823280405992], [126.64504143030803, 35.49839854849282], [126.64754276659919, 35.49924869949838], [126.647743912249, 35.49927327459647], [126.64794687801037, 35.499283684875934], [126.64837605178373, 35.49928665286849], [126.64851280693965, 35.499264704816206], [126.65056258798565, 35.49853360290383], [126.65086924115226, 35.49842272598004], [126.65172369708199, 35.49802278977213], [126.65249950329178, 35.49756185371391], [126.65263117699492, 35.49744145153152], [126.65663821579417, 35.49227753089434], [126.65675389061663, 35.492028750481616], [126.65692023551279, 35.49147474242358], [126.65695921158031, 35.49130486741377], [126.65700034465004, 35.49060043753378], [126.65704016051055, 35.49025626260744], [126.65816773881598, 35.48842344038824], [126.6582392333393, 35.48832521687754], [126.65840190947638, 35.48824130989768], [126.65864091184292, 35.48817088246413], [126.65915516557365, 35.488051561969144], [126.65951159636201, 35.487997946123976], [126.65961726534177, 35.487982051378935], [126.65968027661441, 35.487972583901666], [126.66009610409854, 35.48785749052063], [126.66049307525833, 35.48766762137724], [126.66337714015506, 35.48610809747761], [126.66353048693122, 35.48601461281089], [126.66387594157399, 35.48551644982208], [126.66608595821116, 35.48166486466235], [126.66657098285056, 35.48061185923391], [126.66702870566952, 35.47837907197566], [126.66703480224844, 35.478209196128326], [126.66793761054365, 35.47537070416445], [126.66810343352076, 35.475264445559944], [126.66857419434807, 35.474902246109686], [126.66935981273757, 35.473904062413816], [126.6695816597191, 35.47359697140713], [126.66962212071532, 35.473510828295765], [126.66965291216167, 35.47333857401235], [126.6696305183157, 35.47149453135677], [126.66962671693015, 35.47118449522531], [126.66955848095144, 35.47071236381979], [126.66947461878195, 35.47036738267271], [126.66815038029371, 35.46762413531624], [126.66812547114893, 35.46757476998889], [126.66792559891002, 35.46741828706831], [126.66436347327769, 35.46505149516451], [126.66375528300654, 35.46469811076045], [126.66379444094854, 35.46365730061045], [126.66377502651247, 35.46350537535586], [126.66374534968813, 35.46341093178922], [126.66345919583418, 35.462500983160304], [126.66327019651183, 35.46214759126384], [126.6629917018078, 35.461647492401795], [126.66073019361517, 35.45883861151713], [126.66032221968781, 35.45837942341483], [126.65962861891158, 35.45763469315537], [126.65935062027296, 35.457364244250066], [126.65881597059166, 35.45696056390019], [126.65802857732977, 35.45638537052769], [126.65364049563952, 35.45338597934654], [126.65351039507232, 35.45333638644087], [126.65217577546562, 35.45282968423128], [126.64975853825725, 35.452185370444546], [126.64547076093687, 35.4507161941572], [126.6454088779192, 35.45068554921645], [126.64528539068282, 35.45058873825208], [126.64417586648673, 35.449715169551666], [126.6441326221163, 35.44967953115199], [126.64413277980701, 35.44964392996125], [126.64478824670202, 35.44862550420936], [126.64497553247524, 35.44834168319481], [126.64601070438802, 35.44678349996127], [126.64696602108319, 35.4466000214793], [126.65041291397891, 35.444151312526685], [126.65033483142768, 35.44404826129065], [126.65009697499119, 35.443658549630065], [126.64919121959956, 35.441928664173446], [126.64914878042349, 35.44173565281634], [126.64897234323087, 35.44087799574801], [126.64898471561253, 35.44074300834661], [126.64941784944345, 35.437865860538025], [126.64952520115976, 35.43754153281933], [126.64955289353213, 35.43750618589748], [126.65062041355856, 35.43635724736796], [126.6507977857691, 35.43621634688154], [126.65163507122706, 35.435586591137316], [126.65491609089514, 35.432871221969606], [126.65501084834777, 35.432758919572315], [126.65508202315955, 35.4326466378163], [126.65509789973659, 35.43259206401174], [126.65508246173361, 35.43254380622058], [126.65485260879838, 35.43216440830751], [126.65475501861658, 35.43204192346743], [126.65453233807901, 35.431835792401905], [126.6544738022374, 35.431748818967854], [126.65445854866292, 35.43165873136197], [126.65438382424244, 35.430801378919945], [126.65437703731835, 35.43056141743971], [126.65459499876272, 35.42922331093186], [126.65473261632646, 35.42883677594462], [126.65509512983688, 35.42847804354108], [126.65568219603259, 35.42741645436941], [126.65566767040447, 35.42731176073338], [126.65559388717837, 35.42700411823398], [126.65552467025375, 35.426786518237925], [126.65545476033498, 35.426733044859105], [126.65363270893003, 35.42541579048394], [126.65350287194497, 35.425341589016966], [126.65239309954524, 35.42488936125659], [126.65206812320346, 35.42476953638301], [126.65178290724123, 35.42472157808613], [126.65000575847102, 35.42462619875255], [126.64516918696506, 35.42438832647863], [126.64469730885169, 35.42442181111539], [126.64408797447452, 35.42454038826346], [126.64165217491217, 35.42420950403189], [126.63647580915129, 35.419024721693155], [126.63623285639076, 35.41874575727913], [126.63581045302229, 35.41821783653293], [126.63541562759143, 35.41760447323025], [126.63527676283809, 35.41734213365093], [126.63396324683042, 35.413870634493684], [126.63384600634272, 35.41309044676788], [126.63287724987036, 35.41185830101957], [126.63007995777363, 35.41055588933088], [126.6282072501065, 35.413111464705274], [126.62773252731849, 35.4137024266834], [126.62757828171145, 35.41386887296646], [126.62731688994755, 35.41404029917094], [126.62670360463213, 35.41442786275382], [126.62544927222537, 35.41498827020433], [126.62522501894749, 35.41505554274222], [126.62446423946531, 35.41519287049767], [126.62355252027253, 35.41533115568154], [126.62323887301213, 35.41539507077752], [126.62271890191154, 35.415502594060776], [126.62243171434432, 35.41558425252018], [126.6223320216272, 35.415642796925546], [126.62225775008345, 35.41570150978168], [126.62216408610634, 35.41583623113694], [126.62208517640566, 35.416017065309106], [126.62198683471541, 35.41625577913045], [126.62144955452978, 35.417870410736086], [126.62140382581465, 35.41815940024498], [126.62066871270724, 35.420513279841394], [126.61799269937521, 35.4269132952755], [126.6143160954645, 35.42546974492949], [126.61401460064813, 35.425011289987815], [126.61361655716955, 35.42440828527392], [126.613312274744, 35.423957744375464], [126.612551360522, 35.42286571284283], [126.61232857952498, 35.422572339971175], [126.61207864752198, 35.42231753238871], [126.6118812450042, 35.42217340619664], [126.61170038092584, 35.42207295802329], [126.61145765942119, 35.4219907915393], [126.61123173896532, 35.421917321068165], [126.61107115676636, 35.42188038344947], [126.6106984399211, 35.42185511973436], [126.61002695323141, 35.42184086695944], [126.60826344667373, 35.421907696156005], [126.60681021453392, 35.42197371940709], [126.60613429157475, 35.42201115305732], [126.60554319433746, 35.422040419314875], [126.60408159411644, 35.422106546065095], [126.6037538228055, 35.422101943585915], [126.60341625385377, 35.422073261185304], [126.60313529088553, 35.42202031844933], [126.60293683706364, 35.42196080822063], [126.60268682220315, 35.42188418362869], [126.6024887934503, 35.42180736605265], [126.60216604624165, 35.42165218680307], [126.60168617489012, 35.42136705606966], [126.60139641118413, 35.421177443782], [126.60131523144675, 35.42112867742579], [126.59910613374626, 35.42213297871339], [126.599055219179, 35.42216398239499], [126.59898732696095, 35.42222090066943], [126.59407028422355, 35.42645724327582], [126.59360791731699, 35.42708766561238], [126.5933696823829, 35.42768867687285], [126.59327761611975, 35.42803913673402], [126.59321190024006, 35.42812103086831], [126.59315495154458, 35.428147429769126], [126.59255229508685, 35.42833998060249], [126.59247381279795, 35.42835521369864], [126.59236016319356, 35.42835482832863], [126.58251709776775, 35.42903925731844], [126.58243858151084, 35.4290610520726], [126.5823951603455, 35.429087491854155], [126.5822788408929, 35.429221567399516], [126.58147167219886, 35.43019623939479], [126.58099307387242, 35.43079149956712], [126.58081874084621, 35.43106877076746], [126.58073921828415, 35.43126118786383], [126.58068716729262, 35.43140268288167], [126.58066234314504, 35.43149561810222], [126.58062523792228, 35.43187745659385], [126.5805790218847, 35.432440886548], [126.58043198384782, 35.43460570700977], [126.58043675335108, 35.434904098108184], [126.58051664935081, 35.435518360623085], [126.58060346561464, 35.435977050739915], [126.58066220188778, 35.43613886643582], [126.58071240612188, 35.43626856561504], [126.58087879651497, 35.436526004740436], [126.58111483597408, 35.43679623333871], [126.58131671236939, 35.43698513953128], [126.58148368712713, 35.43712964185899], [126.58164140487943, 35.43723348529061], [126.5819273702943, 35.43736958349823], [126.58222681290398, 35.43751898169631], [126.58253681422345, 35.43771267765219], [126.58276300451868, 35.43790966006249], [126.58280065265714, 35.437954052530536], [126.58281647796012, 35.43802495063822], [126.58281019871775, 35.4381954617801], [126.58277384027454, 35.438432282774066], [126.58274374056907, 35.43852409717278], [126.58269700770937, 35.43865904860543], [126.58189357175468, 35.440423907463824], [126.58041111071071, 35.44432597774798], [126.57967708261255, 35.44661552324939], [126.57775734510001, 35.448935789990905], [126.57501144633427, 35.44980908103251], [126.57329632127168, 35.44925945932438], [126.57310767645616, 35.44932506405242], [126.57264126840579, 35.44965503037878], [126.56991527059779, 35.45186649154888], [126.56994482824285, 35.451896473320495], [126.57000064069372, 35.45196346761164], [126.57006877131947, 35.45209943646669], [126.5701466331958, 35.452286839315725], [126.57040038470416, 35.45303608612597], [126.57043941323577, 35.45315446961518], [126.57105884985559, 35.457242285555786], [126.57119323579202, 35.459869510440626], [126.57117546520399, 35.46012550516262], [126.57111764317892, 35.46068212180249], [126.57108429643345, 35.46075834737368], [126.5695982826224, 35.46309283077355], [126.56874850666061, 35.46425587277977], [126.56856773277178, 35.46446082436865], [126.5684739434912, 35.46455033622893], [126.56580957683985, 35.46662744262057], [126.56565178193975, 35.466734588657026], [126.56480484942698, 35.467090767644564], [126.56470032522866, 35.46712627553404], [126.56464550227257, 35.467117145387924], [126.5642785095711, 35.4669990077156], [126.56390628501339, 35.46682704854246], [126.56342711777762, 35.46657033964345], [126.56331760976553, 35.466507013734464], [126.5631976145973, 35.46638986708853], [126.56287585658832, 35.46601591821024], [126.56276700173639, 35.4658538435148], [126.56264738555659, 35.46564682069412], [126.56256162745343, 35.465410367191886], [126.56242745688206, 35.464861988417255], [126.56240665533839, 35.46465532806827], [126.56234665129445, 35.46458770093776], [126.56224258814719, 35.46453792104861], [126.55992224917614, 35.46385168525426], [126.559839820131, 35.463855875968505], [126.55972429069593, 35.46390935450455], [126.55587843171429, 35.46585527505672], [126.5558506715733, 35.46591357757181], [126.55514021325139, 35.47065567007741], [126.55516656072386, 35.47085332146513], [126.55522608998965, 35.47116557776089], [126.55529106421665, 35.47135102853624], [126.55536554988433, 35.47150939832699], [126.55545915469467, 35.4716371070905], [126.55646806033104, 35.472835770961275], [126.55674793856251, 35.47315152070984], [126.55717948899665, 35.47353499806917], [126.55736639495734, 35.473688541102185], [126.55837943017612, 35.47462573591149], [126.55968475208918, 35.476740740282], [126.55970325568427, 35.476802543534994], [126.55985024821919, 35.485041304671725], [126.55984990557471, 35.48510375713671], [126.55979645746329, 35.48514330371886], [126.55971529580775, 35.48517707305804], [126.5595345138296, 35.48524644318078], [126.55933286565782, 35.48530627790373], [126.55922870816802, 35.485309687323245], [126.55905535479687, 35.48529201611265], [126.5588809793599, 35.48530055703371], [126.55824217334505, 35.48536076822342], [126.5581240157581, 35.48538684173425], [126.556804283907, 35.48595070466248], [126.55667664072699, 35.48603728681818], [126.556606505302, 35.48616573760628], [126.55604844507916, 35.48902665506632], [126.55603860829319, 35.489130706563124], [126.55611606876313, 35.48977190774135], [126.55615033826223, 35.48985152654242], [126.55621926415952, 35.48994262549085], [126.55757395393594, 35.49155237536011], [126.55767963631371, 35.49167200865412], [126.56048363853728, 35.49470766411918], [126.56238870161825, 35.49649150716138], [126.56262592012425, 35.49668542926543], [126.56332489496889, 35.49722973529258], [126.5634265893909, 35.49725851137709], [126.56449130287024, 35.497449471939156], [126.56459087813722, 35.49744037025142], [126.56478789535404, 35.49736726874874], [126.5649999737078, 35.49727924985564], [126.56520636893741, 35.497204286341464], [126.56564514589176, 35.4970982615285], [126.56580712072287, 35.49708372105598], [126.56601298736345, 35.49710527161216], [126.56642576412673, 35.497182282861544], [126.56783163740391, 35.49750883940738], [126.56799804302219, 35.49755297138933], [126.56828797754011, 35.49764081068937], [126.56835014905337, 35.497680783122924], [126.5684445120307, 35.49777953434638], [126.56851796018172, 35.49789335887513], [126.56898729336976, 35.49862636467842], [126.56902396694058, 35.498692829167815], [126.57049736310647, 35.50278942852394], [126.5705336834606, 35.50292394485353], [126.57055189537266, 35.5030304504691], [126.57057126334838, 35.503178448085734], [126.5705681897496, 35.503751925130516], [126.57055668642946, 35.50408884054588], [126.57052573494212, 35.504436265170405], [126.57051893045146, 35.50570741610009], [126.57054634416852, 35.50602332213172], [126.57137325171655, 35.508550133500385], [126.57147508769876, 35.50885045939877], [126.57337848135253, 35.51301247397858], [126.57341899515332, 35.51304588398565], [126.57361937283996, 35.513121991322606], [126.57387810530948, 35.513193871423574], [126.57403392738485, 35.513229902101195], [126.57434231436474, 35.51334241198244], [126.57452210021303, 35.51340819394207], [126.57465674831981, 35.51349079279097], [126.57481200056432, 35.513610305329095], [126.57644853858355, 35.515296968420635], [126.57652398487843, 35.51543884571268], [126.5765403689416, 35.515620157056965], [126.57657272948558, 35.51605218308119], [126.57658840917323, 35.51636376804253], [126.57667858675828, 35.51700274650964], [126.57682718071531, 35.51772830182796], [126.5768818010327, 35.51788144129594], [126.57700871592463, 35.51812261446575], [126.57703163456992, 35.51814931394554], [126.577072247474, 35.518164980340224], [126.57712386079345, 35.5181562931505], [126.57722443988891, 35.518121158008334], [126.57792818581835, 35.517848292773714], [126.5801317338641, 35.5177922804416], [126.58630114510362, 35.51786108141281], [126.58825758911472, 35.51802651101291], [126.58838928414218, 35.51801562923896], [126.59014572207955, 35.51664150224263], [126.59481676801782, 35.51568672345225], [126.5962909380849, 35.51530484103401]]]]}}, {"type": "Feature", "properties": {"dong_cd": "5279033000", "dong_nm": "무장면", "sigungu_cd": "52790", "source": "admdongkor-ver20250701"}, "geometry": {"type": "MultiPolygon", "coordinates": [[[[126.62140382581465, 35.41815940024498], [126.62100182979712, 35.41563014171576], [126.62090165036648, 35.415276592640495], [126.62077725440253, 35.41499284580183], [126.61678663674635, 35.407142039523954], [126.61568467907715, 35.40502956786777], [126.61537086214864, 35.40446676569206], [126.61533181878889, 35.404399934487635], [126.6150286578417, 35.40388108545451], [126.61475943200416, 35.403455168394274], [126.61400823359705, 35.4023942505159], [126.61312374803553, 35.401215932108954], [126.6129433932463, 35.400970639696574], [126.61278638615798, 35.40074940497962], [126.61274002372382, 35.40063893888624], [126.61274078326709, 35.400480573507494], [126.61274228077498, 35.400168724104695], [126.61291609141539, 35.39812539133159], [126.61294592795757, 35.39801029315322], [126.61299347020925, 35.39785217747355], [126.61308217672773, 35.39767012228764], [126.61322344146052, 35.39752664132421], [126.61359988238766, 35.397163185082796], [126.61381131652058, 35.39702955577312], [126.61454503424693, 35.3966720171151], [126.61685079727913, 35.39569578943429], [126.61776610892429, 35.39529093067134], [126.61808601968977, 35.395121599794145], [126.61829746316097, 35.39498311168626], [126.61840332316548, 35.3948970933047], [126.62054317771904, 35.39245454585637], [126.62064044089442, 35.39232290786777], [126.62069357158285, 35.392212754080255], [126.62075292074785, 35.39204258659295], [126.62210295218672, 35.38695865641287], [126.62214512818689, 35.386694892668594], [126.62217853023063, 35.3864478556956], [126.62219083563949, 35.386313586431406], [126.62219158691305, 35.3861528887607], [126.62215725865535, 35.385984858230444], [126.6212390119083, 35.38204521417413], [126.62122169469419, 35.38198522213493], [126.62070058568561, 35.38076491819771], [126.6203183059843, 35.37988809551429], [126.61919798857082, 35.37755131184884], [126.61834466637183, 35.376036484698204], [126.6180467808585, 35.37556702742823], [126.6177639789061, 35.37512241548786], [126.6172646907149, 35.374567330682105], [126.61712942443249, 35.37443386616154], [126.61703537772014, 35.374377959924495], [126.61037350364553, 35.37184351591557], [126.6094853477795, 35.371610622721086], [126.60928788372742, 35.371580166522754], [126.60716676960246, 35.37129579444264], [126.60681346325215, 35.37126549899666], [126.60667551366384, 35.371267409569164], [126.60653836920334, 35.371304737429845], [126.60649865206376, 35.37131857263639], [126.6064396731502, 35.37134884677471], [126.60635109298121, 35.37139929913991], [126.60279986562682, 35.37224117888644], [126.60061294991297, 35.37241694088814], [126.60026325047171, 35.3727882613639], [126.60020537312624, 35.37286834605735], [126.59999449678187, 35.37316291394009], [126.59970942073205, 35.373576294616825], [126.59956665650647, 35.37382792310593], [126.5985223088241, 35.3758931598872], [126.59843446736012, 35.37609701242893], [126.59840929884946, 35.376222108118995], [126.59827632239745, 35.377158675758814], [126.59824835116139, 35.3776710662593], [126.59822145450595, 35.378137008082334], [126.5980273987286, 35.378942081454774], [126.59750990494385, 35.38077594448708], [126.59617830292484, 35.38209536769093], [126.59455495048874, 35.38262249732497], [126.5922505889724, 35.38330629552851], [126.58719372481012, 35.384547462853504], [126.58618506142027, 35.38492895039831], [126.58608312350214, 35.385212525007056], [126.58605855207844, 35.385280574086636], [126.585757232781, 35.38592126967931], [126.58573277938814, 35.3859666187716], [126.58484993773696, 35.38629768282811], [126.58470767557716, 35.386328480159314], [126.58458288445405, 35.38634786860943], [126.58442689802932, 35.386353025131314], [126.58429876914975, 35.38633553311842], [126.58397008983147, 35.38623508360743], [126.58368658903652, 35.38612620915714], [126.58332551876252, 35.38596975880049], [126.5828103990886, 35.38574083648888], [126.58254579482856, 35.385595710511495], [126.58213824766403, 35.38533877382677], [126.58165828945152, 35.38501912303392], [126.5802597756436, 35.384421829535], [126.5792468324077, 35.384372238537146], [126.57764559647933, 35.38677104865362], [126.57758621131362, 35.38686737088744], [126.5775510606157, 35.386958102182696], [126.57751215565031, 35.38711697476619], [126.57709010378797, 35.390323970050126], [126.57709602783035, 35.390517044421046], [126.57711957083443, 35.39064493356867], [126.57732384068217, 35.39130010505302], [126.57739555110084, 35.39152180600847], [126.57765561794845, 35.39211433100187], [126.57795649888936, 35.39288203772951], [126.57800391081147, 35.393034180120075], [126.57803078887676, 35.393198933991805], [126.5780476791743, 35.39422189899861], [126.57804350899194, 35.39434680112519], [126.57801887123206, 35.39442621134234], [126.57797695411135, 35.39448572286716], [126.57788577357204, 35.39454714039872], [126.57669983242293, 35.3951480490187], [126.57642195477841, 35.39526342280007], [126.57629239562948, 35.39530837734486], [126.57622754698595, 35.3953308716185], [126.57611313403156, 35.39533903561133], [126.57538927177725, 35.395279714827026], [126.57525369666178, 35.39525917080503], [126.5752161564491, 35.39525348074923], [126.57496195250212, 35.395199137902786], [126.57450869724964, 35.395066957014514], [126.57422820127738, 35.39503188584449], [126.57274870569637, 35.39500996629976], [126.57255595502578, 35.39501442300357], [126.57251063348079, 35.395021126802], [126.57238520579001, 35.39503968522742], [126.57172091269607, 35.39518494698472], [126.57125088399161, 35.395311629101634], [126.57095015375879, 35.39541673321845], [126.57083284509174, 35.39549392518149], [126.57065818868689, 35.39565381208525], [126.56954592590368, 35.396680582355735], [126.56724133430882, 35.396731008096914], [126.56346042555072, 35.39492519486445], [126.56329389146555, 35.39482266056553], [126.56325625320378, 35.39476032558558], [126.56325337348682, 35.39472407334411], [126.56328865368425, 35.39461288553768], [126.56341722472341, 35.3942043443355], [126.56360502450714, 35.39344800875367], [126.56361173840953, 35.39336511211735], [126.56363119744718, 35.39269722294911], [126.56359799222588, 35.39240464393422], [126.56351109703397, 35.392149253622684], [126.56347928600515, 35.39212698791945], [126.56080511921924, 35.39066081659622], [126.56067276834273, 35.39060848931918], [126.55899067724773, 35.3902039848165], [126.55796469475912, 35.39018425445577], [126.55540981375383, 35.390621126408014], [126.55477391939598, 35.39122212201698], [126.55453538261081, 35.3914937585197], [126.55437434033281, 35.39168616953282], [126.55427521822213, 35.391830038153174], [126.5519196159786, 35.3921198811523], [126.5488638481994, 35.3912372634887], [126.5485917246987, 35.39112793490972], [126.54705864747874, 35.39164492869703], [126.54580324568568, 35.39241776414994], [126.5434664156434, 35.391149446586006], [126.54124344170401, 35.3923642657185], [126.54257830405541, 35.39643705354223], [126.54376728407908, 35.3990364316644], [126.54388456275262, 35.399243808327675], [126.54391317986283, 35.39932324417589], [126.54436884805459, 35.4014995594901], [126.54434855983862, 35.401572366207965], [126.54322451019765, 35.40376128312815], [126.54319331677434, 35.40379401990347], [126.54316237551082, 35.40382647735561], [126.54304218848772, 35.40390037861411], [126.5429815029065, 35.40392848345391], [126.54283832516695, 35.40399478813411], [126.54100050287272, 35.40476129436124], [126.53872406218588, 35.405410095546515], [126.53852411086756, 35.40545394583189], [126.53831340542644, 35.405473961820796], [126.53806643684752, 35.40548193664027], [126.53803167029807, 35.40547825063731], [126.53792131939692, 35.40546652223476], [126.53661509407388, 35.405318642571665], [126.53658312754278, 35.40531325454798], [126.5365027984508, 35.405282509767005], [126.53638699447461, 35.40522257979728], [126.53594173674244, 35.40498589462192], [126.53509218485745, 35.40466427911388], [126.53504511503584, 35.4046551751822], [126.53498505702697, 35.404666846769985], [126.53097624319778, 35.40616846187683], [126.52896893955746, 35.40850186308121], [126.52756246153136, 35.410524564727446], [126.5276235639408, 35.41061700592847], [126.52768978562402, 35.41079581040955], [126.52772883739141, 35.410932789053604], [126.52850347360724, 35.41445515042177], [126.52853877189051, 35.4146338453575], [126.52853482499555, 35.41471610713344], [126.52821895733999, 35.417548576172415], [126.52811973338048, 35.41773855093752], [126.52806643539954, 35.417772402300606], [126.52803596838484, 35.41779174519309], [126.52790867530692, 35.41781503960305], [126.52770211915745, 35.41784902572451], [126.52764290843515, 35.417867012744544], [126.5274337611782, 35.41793163055516], [126.52699347567649, 35.418078691817236], [126.52677496300619, 35.41818194307009], [126.52666554138453, 35.41827371177364], [126.52606669867183, 35.419770764533425], [126.5260513088638, 35.41991645337151], [126.52608763420275, 35.42021709469477], [126.52614142079375, 35.420339249641714], [126.5262279199556, 35.42044369058918], [126.52781363556011, 35.4221991581082], [126.52930589844293, 35.42317193503456], [126.52942701648998, 35.42326757428676], [126.52948451969132, 35.42337487787802], [126.53010380854244, 35.42554600927761], [126.53015351536374, 35.42572763413295], [126.53045112447084, 35.4270199215895], [126.53095875925027, 35.42953771255094], [126.53094725674035, 35.4296604295618], [126.53069221503354, 35.431761530569965], [126.53063495089859, 35.43194986552658], [126.53003048033547, 35.43336779045654], [126.52996959418319, 35.433409924384186], [126.52924303943661, 35.43343265698559], [126.52886776823895, 35.433468146293336], [126.52844702442891, 35.43353446336017], [126.52634167789915, 35.434071125830805], [126.52626731603763, 35.43411334034246], [126.52623416487809, 35.4341321687365], [126.52605071790795, 35.434428871925356], [126.52587217735858, 35.43473290682986], [126.52582350955498, 35.43484312328337], [126.52725096109822, 35.43717453755685], [126.52734095604731, 35.43735904306492], [126.52736712640352, 35.4374621567045], [126.52764406805915, 35.43987260611959], [126.52762645117582, 35.44013562641581], [126.52759861067231, 35.440338575836044], [126.52743787863261, 35.441266110819214], [126.52764498426917, 35.442442488143364], [126.52770733815089, 35.44272277135251], [126.52778712984795, 35.44282618232393], [126.52970556755375, 35.444067970137496], [126.52982971713112, 35.444228786339096], [126.5299660380481, 35.44427094133569], [126.5303290944048, 35.44432257334343], [126.53052720452845, 35.4443277538356], [126.53088535191998, 35.444331953902825], [126.53104085660203, 35.44429748834611], [126.53492005839789, 35.44315851143154], [126.53685200378744, 35.44225745304467], [126.53696462890423, 35.442224983754045], [126.53723503800012, 35.44222171534594], [126.53793282981258, 35.442265843698394], [126.53820774704508, 35.442321612108685], [126.53844022848452, 35.44240136895882], [126.53890108439029, 35.44258681755402], [126.53911742267525, 35.44267975003728], [126.53938947177187, 35.44286934714895], [126.53953277664992, 35.44300302424528], [126.53984639829267, 35.44330173708023], [126.54002732999643, 35.44349757860532], [126.54018970463626, 35.44366699684489], [126.54056435970843, 35.44390465908324], [126.54079702081962, 35.44396353907603], [126.5412009852416, 35.44405634002639], [126.54204442892299, 35.4442126821026], [126.542156867456, 35.44421536400384], [126.54224265909731, 35.44419811651923], [126.54255304881181, 35.44407897758642], [126.54343289729994, 35.44362219471431], [126.54421652944353, 35.44307808650229], [126.54424613368178, 35.44306287944552], [126.54625060018502, 35.44242448946711], [126.54683208972483, 35.442459059478594], [126.54688519794051, 35.4424708339833], [126.5469376408754, 35.4424850232063], [126.54697380941222, 35.4424948155876], [126.54795614287471, 35.443041617953064], [126.54917920614467, 35.44347892936444], [126.54922259964117, 35.4434790934958], [126.5524016176926, 35.442336755322046], [126.55290477116657, 35.44204866498527], [126.5530622769055, 35.44192883582244], [126.55318523149836, 35.4418206803791], [126.55428220433028, 35.441163642604955], [126.55633293947537, 35.44034102720027], [126.56082269414942, 35.43892532409352], [126.56093772685486, 35.43889645848983], [126.56101156715587, 35.438905119596235], [126.5610675612573, 35.43893667062251], [126.56115135910574, 35.43900169658019], [126.56159480409754, 35.43941620568202], [126.56482517622146, 35.442814934985954], [126.56554284294279, 35.44283401751257], [126.56568565432778, 35.44284083740772], [126.5657748149881, 35.44287036089141], [126.56589449786503, 35.44291883488237], [126.56605642847768, 35.44301495989013], [126.56632045424793, 35.443258177776755], [126.56832751568558, 35.44514822858399], [126.56850997527154, 35.44536186148894], [126.56860094870578, 35.44552720435976], [126.56869895432753, 35.44571684556189], [126.56871145655866, 35.445766983835426], [126.569816599471, 35.451135312873994], [126.56991527059779, 35.45186649154888], [126.57264126840579, 35.44965503037878], [126.57310767645616, 35.44932506405242], [126.57329632127168, 35.44925945932438], [126.57501144633427, 35.44980908103251], [126.57775734510001, 35.448935789990905], [126.57967708261255, 35.44661552324939], [126.58041111071071, 35.44432597774798], [126.58189357175468, 35.440423907463824], [126.58269700770937, 35.43865904860543], [126.58274374056907, 35.43852409717278], [126.58277384027454, 35.438432282774066], [126.58281019871775, 35.4381954617801], [126.58281647796012, 35.43802495063822], [126.58280065265714, 35.437954052530536], [126.58276300451868, 35.43790966006249], [126.58253681422345, 35.43771267765219], [126.58222681290398, 35.43751898169631], [126.5819273702943, 35.43736958349823], [126.58164140487943, 35.43723348529061], [126.58148368712713, 35.43712964185899], [126.58131671236939, 35.43698513953128], [126.58111483597408, 35.43679623333871], [126.58087879651497, 35.436526004740436], [126.58071240612188, 35.43626856561504], [126.58066220188778, 35.43613886643582], [126.58060346561464, 35.435977050739915], [126.58051664935081, 35.435518360623085], [126.58043675335108, 35.434904098108184], [126.58043198384782, 35.43460570700977], [126.5805790218847, 35.432440886548], [126.58062523792228, 35.43187745659385], [126.58066234314504, 35.43149561810222], [126.58068716729262, 35.43140268288167], [126.58073921828415, 35.43126118786383], [126.58081874084621, 35.43106877076746], [126.58099307387242, 35.43079149956712], [126.58147167219886, 35.43019623939479], [126.5822788408929, 35.429221567399516], [126.5823951603455, 35.429087491854155], [126.58243858151084, 35.4290610520726], [126.58251709776775, 35.42903925731844], [126.59236016319356, 35.42835482832863], [126.59247381279795, 35.42835521369864], [126.59255229508685, 35.42833998060249], [126.59315495154458, 35.428147429769126], [126.59321190024006, 35.42812103086831], [126.59327761611975, 35.42803913673402], [126.5933696823829, 35.42768867687285], [126.59360791731699, 35.42708766561238], [126.59407028422355, 35.42645724327582], [126.59898732696095, 35.42222090066943], [126.599055219179, 35.42216398239499], [126.59910613374626, 35.42213297871339], [126.60131523144675, 35.42112867742579], [126.60139641118413, 35.421177443782], [126.60168617489012, 35.42136705606966], [126.60216604624165, 35.42165218680307], [126.6024887934503, 35.42180736605265], [126.60268682220315, 35.42188418362869], [126.60293683706364, 35.42196080822063], [126.60313529088553, 35.42202031844933], [126.60341625385377, 35.422073261185304], [126.6037538228055, 35.422101943585915], [126.60408159411644, 35.422106546065095], [126.60554319433746, 35.422040419314875], [126.60613429157475, 35.42201115305732], [126.60681021453392, 35.42197371940709], [126.60826344667373, 35.421907696156005], [126.61002695323141, 35.42184086695944], [126.6106984399211, 35.42185511973436], [126.61107115676636, 35.42188038344947], [126.61123173896532, 35.421917321068165], [126.61145765942119, 35.4219907915393], [126.61170038092584, 35.42207295802329], [126.6118812450042, 35.42217340619664], [126.61207864752198, 35.42231753238871], [126.61232857952498, 35.422572339971175], [126.612551360522, 35.42286571284283], [126.613312274744, 35.423957744375464], [126.61361655716955, 35.42440828527392], [126.61401460064813, 35.425011289987815], [126.6143160954645, 35.42546974492949], [126.61799269937521, 35.4269132952755], [126.62066871270724, 35.420513279841394], [126.62140382581465, 35.41815940024498]]]]}}, {"type": "Feature", "properties": {"dong_cd": "5279034000", "dong_nm": "공음면", "sigungu_cd": "52790", "source": "admdongkor-ver20250701"}, "geometry": {"type": "MultiPolygon", "coordinates": [[[[126.52582350955498, 35.43484312328337], [126.52587217735858, 35.43473290682986], [126.52605071790795, 35.434428871925356], [126.52623416487809, 35.4341321687365], [126.52626731603763, 35.43411334034246], [126.52634167789915, 35.434071125830805], [126.52844702442891, 35.43353446336017], [126.52886776823895, 35.433468146293336], [126.52924303943661, 35.43343265698559], [126.52996959418319, 35.433409924384186], [126.53003048033547, 35.43336779045654], [126.53063495089859, 35.43194986552658], [126.53069221503354, 35.431761530569965], [126.53094725674035, 35.4296604295618], [126.53095875925027, 35.42953771255094], [126.53045112447084, 35.4270199215895], [126.53015351536374, 35.42572763413295], [126.53010380854244, 35.42554600927761], [126.52948451969132, 35.42337487787802], [126.52942701648998, 35.42326757428676], [126.52930589844293, 35.42317193503456], [126.52781363556011, 35.4221991581082], [126.5262279199556, 35.42044369058918], [126.52614142079375, 35.420339249641714], [126.52608763420275, 35.42021709469477], [126.5260513088638, 35.41991645337151], [126.52606669867183, 35.419770764533425], [126.52666554138453, 35.41827371177364], [126.52677496300619, 35.41818194307009], [126.52699347567649, 35.418078691817236], [126.5274337611782, 35.41793163055516], [126.52764290843515, 35.417867012744544], [126.52770211915745, 35.41784902572451], [126.52790867530692, 35.41781503960305], [126.52803596838484, 35.41779174519309], [126.52806643539954, 35.417772402300606], [126.52811973338048, 35.41773855093752], [126.52821895733999, 35.417548576172415], [126.52853482499555, 35.41471610713344], [126.52853877189051, 35.4146338453575], [126.52850347360724, 35.41445515042177], [126.52772883739141, 35.410932789053604], [126.52768978562402, 35.41079581040955], [126.5276235639408, 35.41061700592847], [126.52756246153136, 35.410524564727446], [126.52896893955746, 35.40850186308121], [126.53097624319778, 35.40616846187683], [126.53498505702697, 35.404666846769985], [126.53504511503584, 35.4046551751822], [126.53509218485745, 35.40466427911388], [126.53594173674244, 35.40498589462192], [126.53638699447461, 35.40522257979728], [126.5365027984508, 35.405282509767005], [126.53658312754278, 35.40531325454798], [126.53661509407388, 35.405318642571665], [126.53792131939692, 35.40546652223476], [126.53803167029807, 35.40547825063731], [126.53806643684752, 35.40548193664027], [126.53831340542644, 35.405473961820796], [126.53852411086756, 35.40545394583189], [126.53872406218588, 35.405410095546515], [126.54100050287272, 35.40476129436124], [126.54283832516695, 35.40399478813411], [126.5429815029065, 35.40392848345391], [126.54304218848772, 35.40390037861411], [126.54316237551082, 35.40382647735561], [126.54319331677434, 35.40379401990347], [126.54322451019765, 35.40376128312815], [126.54434855983862, 35.401572366207965], [126.54436884805459, 35.4014995594901], [126.54391317986283, 35.39932324417589], [126.54388456275262, 35.399243808327675], [126.54376728407908, 35.3990364316644], [126.54257830405541, 35.39643705354223], [126.54124344170401, 35.3923642657185], [126.5434664156434, 35.391149446586006], [126.54580324568568, 35.39241776414994], [126.54705864747874, 35.39164492869703], [126.5485917246987, 35.39112793490972], [126.5488638481994, 35.3912372634887], [126.5519196159786, 35.3921198811523], [126.55427521822213, 35.391830038153174], [126.55437434033281, 35.39168616953282], [126.55453538261081, 35.3914937585197], [126.55477391939598, 35.39122212201698], [126.55540981375383, 35.390621126408014], [126.55796469475912, 35.39018425445577], [126.55899067724773, 35.3902039848165], [126.56067276834273, 35.39060848931918], [126.56080511921924, 35.39066081659622], [126.56347928600515, 35.39212698791945], [126.56351109703397, 35.392149253622684], [126.56359799222588, 35.39240464393422], [126.56363119744718, 35.39269722294911], [126.56361173840953, 35.39336511211735], [126.56360502450714, 35.39344800875367], [126.56341722472341, 35.3942043443355], [126.56328865368425, 35.39461288553768], [126.56325337348682, 35.39472407334411], [126.56325625320378, 35.39476032558558], [126.56329389146555, 35.39482266056553], [126.56346042555072, 35.39492519486445], [126.56724133430882, 35.396731008096914], [126.56954592590368, 35.396680582355735], [126.57065818868689, 35.39565381208525], [126.57083284509174, 35.39549392518149], [126.57095015375879, 35.39541673321845], [126.57125088399161, 35.395311629101634], [126.57172091269607, 35.39518494698472], [126.57238520579001, 35.39503968522742], [126.57251063348079, 35.395021126802], [126.57255595502578, 35.39501442300357], [126.57274870569637, 35.39500996629976], [126.57422820127738, 35.39503188584449], [126.57450869724964, 35.395066957014514], [126.57496195250212, 35.395199137902786], [126.5752161564491, 35.39525348074923], [126.57525369666178, 35.39525917080503], [126.57538927177725, 35.395279714827026], [126.57611313403156, 35.39533903561133], [126.57622754698595, 35.3953308716185], [126.57629239562948, 35.39530837734486], [126.57642195477841, 35.39526342280007], [126.57669983242293, 35.3951480490187], [126.57788577357204, 35.39454714039872], [126.57797695411135, 35.39448572286716], [126.57801887123206, 35.39442621134234], [126.57804350899194, 35.39434680112519], [126.5780476791743, 35.39422189899861], [126.57803078887676, 35.393198933991805], [126.57800391081147, 35.393034180120075], [126.57795649888936, 35.39288203772951], [126.57765561794845, 35.39211433100187], [126.57739555110084, 35.39152180600847], [126.57732384068217, 35.39130010505302], [126.57711957083443, 35.39064493356867], [126.57709602783035, 35.390517044421046], [126.57709010378797, 35.390323970050126], [126.57751215565031, 35.38711697476619], [126.5775510606157, 35.386958102182696], [126.57758621131362, 35.38686737088744], [126.57764559647933, 35.38677104865362], [126.5792468324077, 35.384372238537146], [126.58069227368065, 35.382873109528695], [126.58121239364357, 35.38192254036582], [126.58127775958302, 35.3810595041215], [126.58125420296284, 35.380910699907005], [126.58005922273844, 35.37716727435125], [126.57991456814732, 35.37683706097133], [126.57917724727015, 35.37531713739413], [126.57905792634868, 35.375153928373834], [126.57833853699142, 35.37431345969623], [126.5781197554031, 35.37418849999176], [126.57806269198825, 35.37419047290484], [126.57789500703832, 35.37419627937937], [126.57760218238303, 35.37423310285574], [126.57749759648954, 35.37424624840721], [126.57729388510228, 35.37422842175357], [126.57706421238701, 35.374189121134705], [126.57430008274004, 35.372730061514076], [126.57403716347771, 35.37250470928787], [126.57379281287461, 35.37226832378661], [126.57343933246106, 35.371915939631], [126.57341348788096, 35.371873028506776], [126.57323299162103, 35.371418492342556], [126.57319274798002, 35.37112289074396], [126.5731527395922, 35.370780163503646], [126.57313218999899, 35.37071158239213], [126.57310102577243, 35.370677236636816], [126.57295446085988, 35.37054899679107], [126.57227772031219, 35.37011026536457], [126.57196940527648, 35.3699402667249], [126.5716413042776, 35.36978885697922], [126.57105258656028, 35.36952275759302], [126.57034930225905, 35.36921606893873], [126.57004912921538, 35.36911106216907], [126.56989908282787, 35.36906041125406], [126.56937828579645, 35.36889298192153], [126.56929484187668, 35.36890036301936], [126.56891300056412, 35.36913008028913], [126.56780984236923, 35.37001842742923], [126.56754071123093, 35.37024081282933], [126.56741412036745, 35.37035138970783], [126.56729072588729, 35.37056663652102], [126.56717203634697, 35.370804969275326], [126.56702548149299, 35.37110745366685], [126.56682225878231, 35.371330078474884], [126.5662745541445, 35.371889363443834], [126.56613311248204, 35.37197745064176], [126.56521183036355, 35.372389258902416], [126.56516874447125, 35.37239416233954], [126.56504732955592, 35.37240797389005], [126.56496587210128, 35.37237421067853], [126.56489723974659, 35.372345761802734], [126.56463487536841, 35.37218690461773], [126.5644950216702, 35.372083115104665], [126.56397818225939, 35.371281592474844], [126.56395972666611, 35.37123538968209], [126.56395071991253, 35.3711506280419], [126.56403222841686, 35.37085051899511], [126.56414189720817, 35.37055059552261], [126.56424763671805, 35.37012438089671], [126.56424861395183, 35.36994340137299], [126.56420707753853, 35.369809319174934], [126.56406284427693, 35.36953921583779], [126.56385225136967, 35.36937287664226], [126.55932164393457, 35.36604523389296], [126.55631253943788, 35.3646231736136], [126.5562752701557, 35.364557522920414], [126.55631811151072, 35.364449892226126], [126.5564553607554, 35.36428095352135], [126.55661130776106, 35.36411595205808], [126.55956631357465, 35.361278108657345], [126.55960760285458, 35.361281669595854], [126.55973415959609, 35.361336026625], [126.56053452477492, 35.3617579651819], [126.56072654486572, 35.361874216206125], [126.5607641780526, 35.361874352721195], [126.56079254607566, 35.36183596275181], [126.56083059726292, 35.36175904479338], [126.56126036357247, 35.36026029644542], [126.56189641139127, 35.3580089403873], [126.56193521110141, 35.35777132394442], [126.56203140970509, 35.35650613689671], [126.56201334001942, 35.35636745350819], [126.56198105322825, 35.3562759252014], [126.5616561790838, 35.35558253583616], [126.56101628746859, 35.35441318654922], [126.56091234576414, 35.354284468025284], [126.55821565662578, 35.351875841011044], [126.5577744369736, 35.3516059966176], [126.55752454984068, 35.35153406748692], [126.55709111894762, 35.351587723416884], [126.55634528530722, 35.351728994988434], [126.55606991040978, 35.351781152821275], [126.55539602212994, 35.35181022263706], [126.55480502165719, 35.351729618175824], [126.55436324813999, 35.35156234420438], [126.55369131722247, 35.35123636329819], [126.55273503048718, 35.350666974981344], [126.55199702698548, 35.35011992486984], [126.55106628589427, 35.349611545562574], [126.55036012723788, 35.34933372592118], [126.54123270482914, 35.34662095129829], [126.53721706847547, 35.34557206325951], [126.53667258605253, 35.345468957264195], [126.53644261501454, 35.345401996170274], [126.53606588783074, 35.34528195544143], [126.53578361090652, 35.345146822351325], [126.53550168989247, 35.344970439151524], [126.5352825867441, 35.344794200544264], [126.53412746625257, 35.343564583918905], [126.53246167735401, 35.34170023924907], [126.52978940237881, 35.33869666425244], [126.52952097877326, 35.33836050929107], [126.52936595363884, 35.33814041775199], [126.52918545293524, 35.33782003188994], [126.528689765934, 35.336712090509685], [126.52807636015532, 35.33544333788957], [126.52778419170245, 35.33486464150307], [126.52767179083389, 35.334730066813535], [126.52739663436176, 35.33448148619307], [126.52680413144408, 35.334174980146216], [126.51968142241036, 35.33123913702064], [126.5184122219089, 35.330732941959674], [126.51822536691543, 35.33067604973181], [126.51797132750472, 35.330652222302], [126.51722669469684, 35.33076895154485], [126.51703025837794, 35.33080555918462], [126.51690208007513, 35.33086869455611], [126.51573497347728, 35.33166653453453], [126.5162702754834, 35.332165135862454], [126.51682708805166, 35.33276385229589], [126.51751368822767, 35.333659898811405], [126.51760315573333, 35.33383466242741], [126.51762513118703, 35.33394975181144], [126.51762363776659, 35.33399005425407], [126.51761976168574, 35.33409449514658], [126.5175064801945, 35.33490469343486], [126.51745065808687, 35.33515673145393], [126.5174196516614, 35.335239939747275], [126.51739541557575, 35.335304959982544], [126.51726364373751, 35.33551010873652], [126.51708571614049, 35.33574311630382], [126.51699792410355, 35.33589648354384], [126.51698446693803, 35.336028414404225], [126.516990654525, 35.337258915341486], [126.51701926248572, 35.33777370584068], [126.51702915877347, 35.337880760715635], [126.5170405516309, 35.33800389244632], [126.51717301031317, 35.338440920608555], [126.51782767617249, 35.34010764517248], [126.51911279317919, 35.342481278650624], [126.51968943068749, 35.34327094045855], [126.51944927876713, 35.34412515766539], [126.51932438765913, 35.34457728964106], [126.51929124746104, 35.34482213394788], [126.5192891915479, 35.34513245030431], [126.51939367991525, 35.34583787872702], [126.51940469326951, 35.34588423707473], [126.5194289908565, 35.345986467450096], [126.51950014929888, 35.34611861237294], [126.5198010541306, 35.34652053829379], [126.52007899181396, 35.346974379013496], [126.520248172927, 35.34738542982018], [126.52036803020977, 35.34778292195057], [126.52041881521491, 35.348364213266585], [126.52036544741891, 35.34897859749787], [126.52035245950472, 35.3490996953768], [126.52023500607018, 35.34978945262154], [126.5201555170419, 35.34989848017321], [126.52005275809185, 35.34998538731203], [126.51998458829006, 35.35001855440041], [126.5198257121845, 35.35009580137226], [126.51815285045703, 35.35078114878152], [126.51763414793844, 35.35094599905572], [126.51741663588471, 35.35098596635368], [126.51726692790952, 35.35103727462217], [126.51587015996104, 35.35304736636579], [126.51572037510746, 35.353351682335365], [126.51536830297121, 35.35425446299033], [126.51473965291247, 35.355522257501356], [126.51469995189925, 35.355573829007525], [126.51415355397238, 35.356241375669704], [126.51410254816146, 35.35629799413376], [126.51400279908069, 35.35640870410541], [126.51382767624295, 35.35669857463138], [126.51316697174528, 35.35792763881271], [126.51295317409954, 35.359392855654434], [126.51285781070702, 35.361050075409835], [126.51290994563242, 35.3616552431553], [126.51286111836941, 35.361906872295826], [126.51282107275992, 35.36201649543824], [126.51004476308498, 35.3619927891399], [126.50950942295147, 35.361893737776654], [126.50937889835177, 35.361868868936845], [126.50881672592892, 35.36176174753478], [126.50858977373264, 35.36170199658375], [126.50821868740903, 35.36160429688049], [126.50776275950116, 35.361402249018646], [126.50716873048546, 35.36102072400414], [126.50610113793037, 35.36031882830651], [126.50407370915816, 35.35882767002055], [126.50354829342757, 35.35840576258629], [126.49920506309812, 35.35404544516129], [126.49915892119151, 35.35385797250895], [126.49732256929576, 35.350502465192406], [126.49709779593505, 35.35027549351339], [126.4967873552673, 35.35002579036466], [126.49663414677605, 35.34993248845642], [126.49646697233324, 35.349902144128656], [126.49631785663138, 35.34987925647775], [126.49607162887233, 35.34986696243219], [126.49582667417643, 35.3499133747028], [126.49477881466977, 35.350123923491175], [126.49454329673512, 35.35017485133579], [126.49420792906683, 35.35028835964879], [126.49393583378463, 35.35039843460509], [126.49368620499612, 35.350541960413196], [126.49366244291964, 35.35056658125496], [126.49352232235866, 35.35071180471898], [126.49229568298414, 35.352465471108125], [126.49226782199017, 35.35257287989608], [126.49214380366415, 35.353297275059326], [126.49213710356074, 35.35334925852547], [126.49225042507794, 35.35417181661163], [126.49229435943913, 35.35423618711378], [126.4923531158548, 35.35432133786604], [126.49414224031483, 35.35592002885741], [126.4959939663323, 35.35834105732125], [126.49528748619477, 35.36263238429949], [126.49648977703468, 35.36913147241212], [126.49750259989645, 35.37234742657206], [126.49739740301115, 35.373160956114084], [126.4973822494841, 35.37322507601087], [126.49730917017648, 35.37340512448082], [126.49720673477667, 35.37354341042834], [126.4970404484418, 35.37374046189693], [126.49690251680991, 35.37385319250232], [126.49687292788596, 35.37387688635881], [126.49681607174514, 35.37391617403601], [126.49672454874847, 35.37396293607369], [126.49664482504035, 35.37399000317112], [126.49660603296132, 35.374002754843445], [126.496552242435, 35.37401350111702], [126.49646786582807, 35.37402630243956], [126.49632770896714, 35.37403788207929], [126.49602529201724, 35.374004985139734], [126.49510260769557, 35.3738579055374], [126.49481959203425, 35.37380317949745], [126.49464923718855, 35.37376725990974], [126.49447329383368, 35.373730161112064], [126.49442755519617, 35.37372241765072], [126.49425267701963, 35.37369282274967], [126.49397066098612, 35.37368767714016], [126.49368268428641, 35.37372116257836], [126.49331830410095, 35.37379597861613], [126.49297914135259, 35.373902077015984], [126.49260782127331, 35.374065274218374], [126.48619561740557, 35.37758637750142], [126.48603837912505, 35.377686928099024], [126.4859679200746, 35.37774223128213], [126.4859133358255, 35.3777946345475], [126.48339687423804, 35.38039001204164], [126.48323909648018, 35.38058978885624], [126.48314520993772, 35.380729716768265], [126.48308567844529, 35.380865825904166], [126.48306522027184, 35.381002019559574], [126.48303441631914, 35.38122243938831], [126.48304303162746, 35.381528561003186], [126.48309384350186, 35.38199782708095], [126.48321596076634, 35.382796273366175], [126.48323603080406, 35.38347855624663], [126.48321442087504, 35.38379527459648], [126.48316926722126, 35.38397145995848], [126.48303048220649, 35.38426353653734], [126.48288702140128, 35.38449544592937], [126.48267986190959, 35.38479443450643], [126.48241389751153, 35.38507792681984], [126.48219507001075, 35.38525480097383], [126.48187071632277, 35.38547800788815], [126.48165275765953, 35.38558873056674], [126.48158109388177, 35.38562512793295], [126.48121335720147, 35.385747833060684], [126.48105991980388, 35.385782257447445], [126.48088028816188, 35.38582255304567], [126.48054224034958, 35.38588121427528], [126.48051136914391, 35.38588559539761], [126.4801309019578, 35.38593956060456], [126.4794050877121, 35.38600366150392], [126.47758367090441, 35.386099224945525], [126.47747158937082, 35.38613166761886], [126.47741762308858, 35.386155504586384], [126.47739295699235, 35.38619145602143], [126.47739764080008, 35.386231572613276], [126.4774607571432, 35.38629195584328], [126.47778719643162, 35.38651392850239], [126.47818662871681, 35.3867842369376], [126.48184501180094, 35.389213018701504], [126.4842881692544, 35.390084599239266], [126.4848223290938, 35.39034242101354], [126.48838451284945, 35.392792012941], [126.48855484139528, 35.39294109973019], [126.49026451787661, 35.39474374954005], [126.49046811931301, 35.3950454679885], [126.49050640831179, 35.39516990847308], [126.49050615497305, 35.39521002206704], [126.49025651366675, 35.39676246778362], [126.49107762386407, 35.40177174034407], [126.49083289914778, 35.403714363380985], [126.49083860780372, 35.40395319805558], [126.49088030349236, 35.40439294051796], [126.49093101575878, 35.40455611066553], [126.49149983820642, 35.40586703300541], [126.49164384436529, 35.406139488435336], [126.49181369395073, 35.40646078471463], [126.49187291945373, 35.40655413869938], [126.4919603096617, 35.40669187819689], [126.49274155167292, 35.408278850651534], [126.49281284806108, 35.409142522829086], [126.49288226060037, 35.409583755972584], [126.49365339072881, 35.410037187514455], [126.49467908193981, 35.410454162304504], [126.49506640600862, 35.41058371686433], [126.49574127398957, 35.41067732755564], [126.49628416866312, 35.4109189468713], [126.49862639391068, 35.41226342963381], [126.50147029969199, 35.4139676282901], [126.50177685564095, 35.414175940485315], [126.50192937441106, 35.41438359479258], [126.5036657910344, 35.41894315534069], [126.50408066684878, 35.42119966769793], [126.5041017750267, 35.42134828536339], [126.5041235139192, 35.42227104578319], [126.50556588371337, 35.42641530738859], [126.50684333826945, 35.42922584838252], [126.50722303793538, 35.43144198123319], [126.50731725025874, 35.432368826901836], [126.50727307238205, 35.43296548028849], [126.50723747349328, 35.433168501722726], [126.50713390596444, 35.43326775230566], [126.50681711584501, 35.43351440557417], [126.50660662819108, 35.43371804017401], [126.50641141920988, 35.43399962561449], [126.50630070087904, 35.434239463478896], [126.50547115542352, 35.43619261587684], [126.50542662635144, 35.43632274618806], [126.50544469436882, 35.43638328467612], [126.50550302563349, 35.436578688546355], [126.50554860872845, 35.43672379701922], [126.50568534214347, 35.4368240470208], [126.50655187995706, 35.4370320085205], [126.5069715847946, 35.43706941232441], [126.5113793977667, 35.437181920872966], [126.51167290467271, 35.4371805956151], [126.5119352260856, 35.43716380565861], [126.51233684338065, 35.4371142370272], [126.51262441468633, 35.43705655741799], [126.51275004973125, 35.436931869881064], [126.5136224632981, 35.43586023494383], [126.51393555282519, 35.43549511915915], [126.51402026590726, 35.4354187599622], [126.51407037516493, 35.43539849917895], [126.51775258488216, 35.434943725854495], [126.52259679570192, 35.43461838877045], [126.52582350955498, 35.43484312328337]]]]}}, {"type": "Feature", "properties": {"dong_cd": "5279035000", "dong_nm": "상하면", "sigungu_cd": "52790", "source": "admdongkor-ver20250701"}, "geometry": {"type": "MultiPolygon", "coordinates": [[[[126.52970556755375, 35.444067970137496], [126.52778712984795, 35.44282618232393], [126.52770733815089, 35.44272277135251], [126.52764498426917, 35.442442488143364], [126.52743787863261, 35.441266110819214], [126.52759861067231, 35.440338575836044], [126.52762645117582, 35.44013562641581], [126.52764406805915, 35.43987260611959], [126.52736712640352, 35.4374621567045], [126.52734095604731, 35.43735904306492], [126.52725096109822, 35.43717453755685], [126.52582350955498, 35.43484312328337], [126.52259679570192, 35.43461838877045], [126.51775258488216, 35.434943725854495], [126.51407037516493, 35.43539849917895], [126.51402026590726, 35.4354187599622], [126.51393555282519, 35.43549511915915], [126.5136224632981, 35.43586023494383], [126.51275004973125, 35.436931869881064], [126.51262441468633, 35.43705655741799], [126.51233684338065, 35.4371142370272], [126.5119352260856, 35.43716380565861], [126.51167290467271, 35.4371805956151], [126.5113793977667, 35.437181920872966], [126.5069715847946, 35.43706941232441], [126.50655187995706, 35.4370320085205], [126.50568534214347, 35.4368240470208], [126.50554860872845, 35.43672379701922], [126.50550302563349, 35.436578688546355], [126.50544469436882, 35.43638328467612], [126.50542662635144, 35.43632274618806], [126.50547115542352, 35.43619261587684], [126.50630070087904, 35.434239463478896], [126.50641141920988, 35.43399962561449], [126.50660662819108, 35.43371804017401], [126.50681711584501, 35.43351440557417], [126.50713390596444, 35.43326775230566], [126.50723747349328, 35.433168501722726], [126.50727307238205, 35.43296548028849], [126.50731725025874, 35.432368826901836], [126.50722303793538, 35.43144198123319], [126.50684333826945, 35.42922584838252], [126.50556588371337, 35.42641530738859], [126.5041235139192, 35.42227104578319], [126.5041017750267, 35.42134828536339], [126.50408066684878, 35.42119966769793], [126.5036657910344, 35.41894315534069], [126.50192937441106, 35.41438359479258], [126.50177685564095, 35.414175940485315], [126.50147029969199, 35.4139676282901], [126.49862639391068, 35.41226342963381], [126.49628416866312, 35.4109189468713], [126.49574127398957, 35.41067732755564], [126.49506640600862, 35.41058371686433], [126.49467908193981, 35.410454162304504], [126.49365339072881, 35.410037187514455], [126.49288226060037, 35.409583755972584], [126.49281284806108, 35.409142522829086], [126.49173273697971, 35.411148471046985], [126.49162886899252, 35.41129916354355], [126.489972208786, 35.41268701273949], [126.48990563013827, 35.41274090120272], [126.48981988615486, 35.412686357245235], [126.48965574573431, 35.41264979782002], [126.48962149014429, 35.41264218003213], [126.48955149551136, 35.412644670804895], [126.48934990313211, 35.41265186326898], [126.48788090430448, 35.41278302308644], [126.48754877785127, 35.413041139270284], [126.4838188284147, 35.41766623758647], [126.48078097316701, 35.42169100862411], [126.48067121415261, 35.42195842737761], [126.47871146451979, 35.42422587704254], [126.47712763499287, 35.42495157317351], [126.47246594266292, 35.42647579950112], [126.471480877565, 35.42612127075362], [126.47116643822487, 35.42598380335808], [126.47087919712135, 35.425858206130826], [126.47028858562473, 35.42557722822452], [126.46946796285904, 35.42524135883354], [126.46825063655922, 35.42517314095201], [126.46529921772108, 35.42520496614093], [126.46363389665385, 35.425263076649074], [126.46245724786827, 35.42540030318693], [126.46228862040367, 35.42541997305822], [126.46185383788058, 35.42582198357546], [126.46170970496243, 35.42595525331223], [126.46158729662511, 35.42606842208636], [126.46103775016664, 35.42635104392074], [126.45889370850782, 35.42683012846968], [126.45770705182929, 35.426868236548074], [126.45659225267154, 35.426234622974434], [126.45428907227277, 35.42650941311055], [126.45347392041343, 35.42660665877716], [126.45203465866601, 35.426905425250226], [126.45140081939361, 35.42815075796802], [126.447567236087, 35.4298060953062], [126.44983595157449, 35.4317484075072], [126.44973376019917, 35.43189279731282], [126.44856908663733, 35.43201162347077], [126.44819013829708, 35.431927126665464], [126.44763564315478, 35.43161418746983], [126.44720596402568, 35.43155012986003], [126.445783021224, 35.43243341426827], [126.44568011015049, 35.43268123637823], [126.44575387619953, 35.43299196787558], [126.44794345242877, 35.43469886594085], [126.4477145382822, 35.434779028372645], [126.44736010388652, 35.43490311621367], [126.4463204686401, 35.43522942740304], [126.44505452460237, 35.4353477554364], [126.44183906339984, 35.435643307774384], [126.4411067383335, 35.435432981251914], [126.43921428697098, 35.434679231027395], [126.43628858267037, 35.43334122482445], [126.4318430073174, 35.43226498784019], [126.4307449420481, 35.4322659969284], [126.42998444382512, 35.43246931271756], [126.42891419505276, 35.43289417951388], [126.42793001493187, 35.434353162239155], [126.428474847595, 35.436227064542045], [126.42903750060827, 35.438057692567064], [126.4291750510322, 35.43824673502651], [126.43266859407585, 35.44304749863849], [126.43558910075944, 35.448446931252505], [126.4359189681303, 35.44924733106642], [126.43450574583166, 35.44941466493074], [126.43467838345158, 35.44979533569919], [126.4351490556553, 35.450833150853214], [126.44053399130948, 35.45049477449026], [126.44208459455085, 35.45365765318093], [126.44447424942682, 35.457329713469214], [126.44925843622364, 35.46468018924966], [126.45509151159624, 35.47395319718116], [126.45686105582192, 35.47680748452941], [126.4579490084323, 35.47856223383945], [126.46083984359193, 35.4804921664448], [126.46173292681867, 35.480553839613755], [126.4621724490922, 35.48240057076692], [126.46289210652816, 35.482153265828806], [126.46469269126702, 35.481534465352524], [126.46702146870435, 35.48163311153389], [126.46792501683433, 35.48167138635045], [126.46952684045344, 35.482291445404236], [126.47069481482357, 35.48051017656072], [126.47113181177059, 35.47876908095456], [126.47171200178884, 35.47644357887259], [126.4716463966672, 35.47227270331071], [126.47148983289553, 35.47065966225241], [126.47148565266203, 35.47061662808056], [126.47146616422154, 35.470577253881295], [126.47030718546121, 35.468236600683845], [126.46913874859364, 35.46651759883629], [126.46764199898294, 35.46361637985169], [126.46947041802345, 35.462839796223214], [126.47207510964276, 35.462500292761284], [126.47372716597977, 35.462425636652306], [126.47416362762837, 35.4623748824484], [126.47443553424797, 35.462340980188806], [126.47451490545677, 35.46232026527284], [126.47472200393833, 35.46226619770682], [126.47492991135235, 35.462179361587935], [126.47644393744298, 35.46133778842588], [126.47721902473802, 35.46088491183334], [126.47723350024008, 35.45975603744794], [126.47710009428066, 35.459381104525924], [126.4768734857333, 35.45904670667727], [126.47675288791828, 35.45780026698228], [126.47678099973396, 35.45770400761076], [126.47685525984627, 35.45744974132916], [126.47793796381777, 35.4569572424401], [126.47953550686618, 35.45644941018072], [126.48031448398797, 35.45649372104017], [126.48279917546603, 35.456989923351756], [126.48426647095857, 35.45783852622428], [126.48536332121425, 35.458486653890745], [126.48560440858539, 35.45879770551188], [126.48638100527477, 35.459216326431196], [126.48723031911541, 35.459448080426725], [126.49001378276661, 35.46020277013802], [126.49124379518464, 35.460155330359726], [126.49588503428511, 35.45995257484852], [126.49903009769766, 35.45891283024931], [126.49917481414066, 35.4586326494895], [126.49939051606167, 35.45843466538481], [126.49989182698805, 35.45829636342819], [126.50055669258528, 35.45829912319433], [126.50112111625717, 35.458359967886196], [126.50218456101967, 35.458650984046194], [126.50268310806916, 35.45895721824896], [126.50424825895284, 35.46020959037274], [126.50478039139182, 35.460872766365654], [126.50494764481793, 35.4610038187298], [126.50683673659316, 35.4624839368436], [126.50845709187034, 35.463684705640276], [126.51041937391685, 35.46441157108324], [126.51045661243938, 35.464420899014456], [126.5148082235218, 35.46292539899107], [126.51510611150326, 35.46080857371869], [126.51455295946447, 35.45859432483629], [126.51389641204625, 35.45750656836216], [126.51382638153031, 35.45739057652974], [126.51401628314369, 35.45579024526221], [126.51609069039868, 35.455503679882106], [126.51657274835294, 35.455417155600145], [126.51674987161219, 35.45538535804346], [126.52120410616445, 35.45352968492617], [126.52128129478047, 35.45346713697199], [126.52218307456714, 35.45130655357438], [126.52210124192432, 35.450300470111145], [126.52606697582787, 35.44589797613201], [126.52690481938019, 35.445245733195875], [126.52770925712761, 35.44467416942006], [126.52798468940648, 35.444486667175376], [126.5280424316343, 35.44446332440517], [126.52818268486327, 35.44440663076006], [126.52970556755375, 35.444067970137496]]]]}}, {"type": "Feature", "properties": {"dong_cd": "5279036000", "dong_nm": "해리면", "sigungu_cd": "52790", "source": "admdongkor-ver20250701"}, "geometry": {"type": "MultiPolygon", "coordinates": [[[[126.49655816488247, 35.51005222384062], [126.49682798657989, 35.50973260586678], [126.49741438073916, 35.50967587221154], [126.49770804151913, 35.50998060142958], [126.49896665306782, 35.51128667725059], [126.49989315408274, 35.51168155701669], [126.50060772269093, 35.511574608804125], [126.50299986384046, 35.50958852513679], [126.5054587831759, 35.50857132655287], [126.50624754967525, 35.508476812640055], [126.50694007262523, 35.50800812804189], [126.50770036753501, 35.50681517226852], [126.50805633939156, 35.50614384727186], [126.50802971489898, 35.505720744922066], [126.50715166018566, 35.50449365272898], [126.50719104822538, 35.50401705542938], [126.50723023177147, 35.50354296471321], [126.50874910056912, 35.499310126103346], [126.50986352935678, 35.498216928504405], [126.51028415306925, 35.49789787193883], [126.51071313889241, 35.4976358705869], [126.51101911636096, 35.49752306123883], [126.51124588486472, 35.49752398222781], [126.51178510780707, 35.49778278850109], [126.51273773389534, 35.497473006198575], [126.51380727378849, 35.49708265240868], [126.51705737972355, 35.49513932537525], [126.51718948975414, 35.49492600199792], [126.51723476502144, 35.494648177483356], [126.51725477916341, 35.49422057811623], [126.51715978526308, 35.49406337207612], [126.5169861507041, 35.49392723643496], [126.51671650681128, 35.493804969570164], [126.51564514746003, 35.493565436926424], [126.51557593100935, 35.49347249693211], [126.51537941825265, 35.49270361981702], [126.5153979797338, 35.49251835533273], [126.5155387722569, 35.492312203937615], [126.51567040673528, 35.49217729995106], [126.51680363254098, 35.49123918571373], [126.51731195071217, 35.490827792041785], [126.51759240984535, 35.490600810116234], [126.5187537368262, 35.48752119184599], [126.51919782725697, 35.485275523470364], [126.52054352572964, 35.48457469162322], [126.52076132816589, 35.484501991147766], [126.52721232962904, 35.48278002563203], [126.52963977987304, 35.482254923089826], [126.52994574181385, 35.48212782251345], [126.5308099654169, 35.48166406652007], [126.53270984568964, 35.48037411749852], [126.53737228945803, 35.47938706372515], [126.53758186823133, 35.479337973566686], [126.53803638318695, 35.479154386625744], [126.53836005362481, 35.47897741739539], [126.5388202867931, 35.47856836070285], [126.54009281903555, 35.47715471134806], [126.5423211242511, 35.474287347410275], [126.54258018032428, 35.473438119861534], [126.54267337902611, 35.47330623093538], [126.54387955072745, 35.47253618045807], [126.54554792044732, 35.47176786242745], [126.54584868364752, 35.47171232160594], [126.54642507877601, 35.471960094484444], [126.54750853577225, 35.47245540402129], [126.54783091398738, 35.47266444435426], [126.54801516285924, 35.47277849648486], [126.54815351333791, 35.472835693645315], [126.54870861184692, 35.47276220821695], [126.54947297443624, 35.47246277576654], [126.55137303170646, 35.471581885975915], [126.55160550905501, 35.471337134482745], [126.55188410421204, 35.471111458230695], [126.55234694247044, 35.47099981601434], [126.55427885031318, 35.471064154405546], [126.55478718714825, 35.471084929691386], [126.55522608998965, 35.47116557776089], [126.55516656072386, 35.47085332146513], [126.55514021325139, 35.47065567007741], [126.5558506715733, 35.46591357757181], [126.55587843171429, 35.46585527505672], [126.55972429069593, 35.46390935450455], [126.559839820131, 35.463855875968505], [126.55992224917614, 35.46385168525426], [126.56224258814719, 35.46453792104861], [126.56234665129445, 35.46458770093776], [126.56240665533839, 35.46465532806827], [126.56242745688206, 35.464861988417255], [126.56256162745343, 35.465410367191886], [126.56264738555659, 35.46564682069412], [126.56276700173639, 35.4658538435148], [126.56287585658832, 35.46601591821024], [126.5631976145973, 35.46638986708853], [126.56331760976553, 35.466507013734464], [126.56342711777762, 35.46657033964345], [126.56390628501339, 35.46682704854246], [126.5642785095711, 35.4669990077156], [126.56464550227257, 35.467117145387924], [126.56470032522866, 35.46712627553404], [126.56480484942698, 35.467090767644564], [126.56565178193975, 35.466734588657026], [126.56580957683985, 35.46662744262057], [126.5684739434912, 35.46455033622893], [126.56856773277178, 35.46446082436865], [126.56874850666061, 35.46425587277977], [126.5695982826224, 35.46309283077355], [126.57108429643345, 35.46075834737368], [126.57111764317892, 35.46068212180249], [126.57117546520399, 35.46012550516262], [126.57119323579202, 35.459869510440626], [126.57105884985559, 35.457242285555786], [126.57043941323577, 35.45315446961518], [126.57040038470416, 35.45303608612597], [126.5701466331958, 35.452286839315725], [126.57006877131947, 35.45209943646669], [126.57000064069372, 35.45196346761164], [126.56994482824285, 35.451896473320495], [126.56991527059779, 35.45186649154888], [126.569816599471, 35.451135312873994], [126.56871145655866, 35.445766983835426], [126.56869895432753, 35.44571684556189], [126.56860094870578, 35.44552720435976], [126.56850997527154, 35.44536186148894], [126.56832751568558, 35.44514822858399], [126.56632045424793, 35.443258177776755], [126.56605642847768, 35.44301495989013], [126.56589449786503, 35.44291883488237], [126.5657748149881, 35.44287036089141], [126.56568565432778, 35.44284083740772], [126.56554284294279, 35.44283401751257], [126.56482517622146, 35.442814934985954], [126.56159480409754, 35.43941620568202], [126.56115135910574, 35.43900169658019], [126.5610675612573, 35.43893667062251], [126.56101156715587, 35.438905119596235], [126.56093772685486, 35.43889645848983], [126.56082269414942, 35.43892532409352], [126.55633293947537, 35.44034102720027], [126.55428220433028, 35.441163642604955], [126.55318523149836, 35.4418206803791], [126.5530622769055, 35.44192883582244], [126.55290477116657, 35.44204866498527], [126.5524016176926, 35.442336755322046], [126.54922259964117, 35.4434790934958], [126.54917920614467, 35.44347892936444], [126.54795614287471, 35.443041617953064], [126.54697380941222, 35.4424948155876], [126.5469376408754, 35.4424850232063], [126.54688519794051, 35.4424708339833], [126.54683208972483, 35.442459059478594], [126.54625060018502, 35.44242448946711], [126.54424613368178, 35.44306287944552], [126.54421652944353, 35.44307808650229], [126.54343289729994, 35.44362219471431], [126.54255304881181, 35.44407897758642], [126.54224265909731, 35.44419811651923], [126.542156867456, 35.44421536400384], [126.54204442892299, 35.4442126821026], [126.5412009852416, 35.44405634002639], [126.54079702081962, 35.44396353907603], [126.54056435970843, 35.44390465908324], [126.54018970463626, 35.44366699684489], [126.54002732999643, 35.44349757860532], [126.53984639829267, 35.44330173708023], [126.53953277664992, 35.44300302424528], [126.53938947177187, 35.44286934714895], [126.53911742267525, 35.44267975003728], [126.53890108439029, 35.44258681755402], [126.53844022848452, 35.44240136895882], [126.53820774704508, 35.442321612108685], [126.53793282981258, 35.442265843698394], [126.53723503800012, 35.44222171534594], [126.53696462890423, 35.442224983754045], [126.53685200378744, 35.44225745304467], [126.53492005839789, 35.44315851143154], [126.53104085660203, 35.44429748834611], [126.53088535191998, 35.444331953902825], [126.53052720452845, 35.4443277538356], [126.5303290944048, 35.44432257334343], [126.5299660380481, 35.44427094133569], [126.52982971713112, 35.444228786339096], [126.52970556755375, 35.444067970137496], [126.52818268486327, 35.44440663076006], [126.5280424316343, 35.44446332440517], [126.52798468940648, 35.444486667175376], [126.52770925712761, 35.44467416942006], [126.52690481938019, 35.445245733195875], [126.52606697582787, 35.44589797613201], [126.52210124192432, 35.450300470111145], [126.52218307456714, 35.45130655357438], [126.52128129478047, 35.45346713697199], [126.52120410616445, 35.45352968492617], [126.51674987161219, 35.45538535804346], [126.51657274835294, 35.455417155600145], [126.51609069039868, 35.455503679882106], [126.51401628314369, 35.45579024526221], [126.51382638153031, 35.45739057652974], [126.51389641204625, 35.45750656836216], [126.51455295946447, 35.45859432483629], [126.51510611150326, 35.46080857371869], [126.5148082235218, 35.46292539899107], [126.51045661243938, 35.464420899014456], [126.51041937391685, 35.46441157108324], [126.50845709187034, 35.463684705640276], [126.50683673659316, 35.4624839368436], [126.50494764481793, 35.4610038187298], [126.50478039139182, 35.460872766365654], [126.50424825895284, 35.46020959037274], [126.50268310806916, 35.45895721824896], [126.50218456101967, 35.458650984046194], [126.50112111625717, 35.458359967886196], [126.50055669258528, 35.45829912319433], [126.49989182698805, 35.45829636342819], [126.49939051606167, 35.45843466538481], [126.49917481414066, 35.4586326494895], [126.49903009769766, 35.45891283024931], [126.49588503428511, 35.45995257484852], [126.49124379518464, 35.460155330359726], [126.49001378276661, 35.46020277013802], [126.48723031911541, 35.459448080426725], [126.48638100527477, 35.459216326431196], [126.48560440858539, 35.45879770551188], [126.48536332121425, 35.458486653890745], [126.48426647095857, 35.45783852622428], [126.48279917546603, 35.456989923351756], [126.48031448398797, 35.45649372104017], [126.47953550686618, 35.45644941018072], [126.47793796381777, 35.4569572424401], [126.47685525984627, 35.45744974132916], [126.47678099973396, 35.45770400761076], [126.47675288791828, 35.45780026698228], [126.4768734857333, 35.45904670667727], [126.47710009428066, 35.459381104525924], [126.47723350024008, 35.45975603744794], [126.47721902473802, 35.46088491183334], [126.47644393744298, 35.46133778842588], [126.47492991135235, 35.462179361587935], [126.47472200393833, 35.46226619770682], [126.47451490545677, 35.46232026527284], [126.47443553424797, 35.462340980188806], [126.47416362762837, 35.4623748824484], [126.47372716597977, 35.462425636652306], [126.47207510964276, 35.462500292761284], [126.46947041802345, 35.462839796223214], [126.46764199898294, 35.46361637985169], [126.46913874859364, 35.46651759883629], [126.47030718546121, 35.468236600683845], [126.47146616422154, 35.470577253881295], [126.47148565266203, 35.47061662808056], [126.47148983289553, 35.47065966225241], [126.4716463966672, 35.47227270331071], [126.47171200178884, 35.47644357887259], [126.47113181177059, 35.47876908095456], [126.47069481482357, 35.48051017656072], [126.46952684045344, 35.482291445404236], [126.46792501683433, 35.48167138635045], [126.46702146870435, 35.48163311153389], [126.46469269126702, 35.481534465352524], [126.46289210652816, 35.482153265828806], [126.4621724490922, 35.48240057076692], [126.46229225128425, 35.48389500047779], [126.46235879447926, 35.48441010656872], [126.4626849629375, 35.48516727204528], [126.46354158627496, 35.486484660917874], [126.4637865803947, 35.486494455962756], [126.46511170141696, 35.48903326886716], [126.46517558660778, 35.489155665706804], [126.46644916150125, 35.49165812064615], [126.46724540851405, 35.493179753012015], [126.47089010162534, 35.49961477063121], [126.47288096066205, 35.50423076803965], [126.4736811194741, 35.50630283980583], [126.47419918359027, 35.50658214692648], [126.47498944658334, 35.506714880309985], [126.4757586760685, 35.506607417478044], [126.4781379146811, 35.50919052385629], [126.48140399923942, 35.51534098437722], [126.48341496196826, 35.51928272282745], [126.48344735985248, 35.51941381374682], [126.48279906953745, 35.52016027757493], [126.48209185654545, 35.52028388658612], [126.48172256525969, 35.52066881935565], [126.4819017616102, 35.52119158550335], [126.48224026363233, 35.52144777224336], [126.48417798801572, 35.52277315869709], [126.48523183681598, 35.52277767336785], [126.48608171677608, 35.522111000733815], [126.48811259768229, 35.51748351536164], [126.48779799509211, 35.51718666600162], [126.49119980146686, 35.51190781359676], [126.49427518704445, 35.511736087442955], [126.4945702078966, 35.511552639539545], [126.49655816488247, 35.51005222384062]]]]}}, {"type": "Feature", "properties": {"dong_cd": "5279037000", "dong_nm": "성송면", "sigungu_cd": "52790", "source": "admdongkor-ver20250701"}, "geometry": {"type": "MultiPolygon", "coordinates": [[[[126.63007995777363, 35.41055588933088], [126.63065474498484, 35.409790915504566], [126.63598102616616, 35.40267696096688], [126.63606674085393, 35.40253959636459], [126.63615170426776, 35.402324807937774], [126.63623479329647, 35.401817521531356], [126.63632282763427, 35.40054716761457], [126.63647776027715, 35.39939588572044], [126.63659139976137, 35.39884895701436], [126.63667628647895, 35.39867390415337], [126.63700075496328, 35.39841683855611], [126.64114795866317, 35.39596212030515], [126.64137731051426, 35.39584932667176], [126.64166748529114, 35.39579876849739], [126.64184373055707, 35.39576806706376], [126.6425624133407, 35.39563951780975], [126.6485952529822, 35.394505041682436], [126.64964678509861, 35.39430090724887], [126.6507485613712, 35.39408373813581], [126.65079499608585, 35.394061070632354], [126.65153631644135, 35.39266220458361], [126.65186791736508, 35.39274689373174], [126.65198274288053, 35.3927699418219], [126.65209180187593, 35.3927721653299], [126.65218476640568, 35.39276097370209], [126.65229872141855, 35.39272517171812], [126.65495931866819, 35.391342539985594], [126.65506645798808, 35.39128002940335], [126.65522713548513, 35.39115683857584], [126.65531105273504, 35.391067671199565], [126.65537889984212, 35.390955644497325], [126.65543057920578, 35.39081311720241], [126.6555293069711, 35.38991135782852], [126.65554378650722, 35.38976682841644], [126.65554750975986, 35.38946183317492], [126.65552705190389, 35.38935714975407], [126.65548354529925, 35.389210543317176], [126.65519666266279, 35.38849931209706], [126.65510927496179, 35.388320240267255], [126.65498062553115, 35.38813293980286], [126.65487912938173, 35.387984199929306], [126.65477303235848, 35.38782796208724], [126.65472467667261, 35.387734541540816], [126.65469487167353, 35.3876280253185], [126.65466772315897, 35.38746425012095], [126.65465670719516, 35.38733677928028], [126.65466621381329, 35.387250653109106], [126.65469906612424, 35.38716133072467], [126.65476684202277, 35.387062640141934], [126.65487404871462, 35.38695830420159], [126.65652117977532, 35.38565259713913], [126.65662598495084, 35.385571151152526], [126.6567795047932, 35.38549930688257], [126.65847295155827, 35.384913404278365], [126.65887378082888, 35.384783767803036], [126.66092581195042, 35.38254041151975], [126.66224626187129, 35.379569153331424], [126.66228823657605, 35.37939946517473], [126.66229594052152, 35.37924347447617], [126.66228483957286, 35.379108341227784], [126.6622275543663, 35.37893701898489], [126.66217699419332, 35.378816994351716], [126.66207146783145, 35.37868294465393], [126.66184157991731, 35.377419998729856], [126.66312305209051, 35.37529794371583], [126.66321284203494, 35.37522075806732], [126.66422884720471, 35.37457258350388], [126.66433350253479, 35.374519958154856], [126.66445289355053, 35.374495781789854], [126.66460707484022, 35.37449215926404], [126.66489364628939, 35.37218324124026], [126.66471078840824, 35.36711624843179], [126.66572243220597, 35.36387666752357], [126.66586717753286, 35.363730419646714], [126.66658686691943, 35.362723475811215], [126.66668182876244, 35.36258935620428], [126.66763297557007, 35.36065197877179], [126.6677719524301, 35.36035646873268], [126.66781729887046, 35.36021814285578], [126.66793318895643, 35.359835503218875], [126.668220616489, 35.35880716793061], [126.6682459998583, 35.35868095799248], [126.66823651094116, 35.358554655914546], [126.66787059606791, 35.35571124412276], [126.6678066922414, 35.35551963788493], [126.66773355438015, 35.35539208863111], [126.6676834711145, 35.35530477236147], [126.66699936859, 35.352744307724606], [126.66673476136123, 35.35154762029113], [126.6660699948293, 35.35012474310263], [126.66321276009917, 35.34595186904303], [126.66301055028622, 35.34592939716632], [126.66280472075927, 35.345878800533754], [126.66276265452208, 35.345864858019894], [126.66251899177342, 35.345784096168444], [126.66204791715349, 35.34560512111877], [126.66188953550454, 35.345528591904696], [126.66184602523188, 35.345507564632605], [126.66177503172356, 35.345460645825824], [126.66169386678195, 35.345406998572834], [126.66074026646709, 35.344689295595515], [126.66038697724233, 35.34441745476428], [126.66030347271354, 35.344314015064306], [126.6602476960035, 35.344224144981325], [126.66023147300226, 35.3441979887102], [126.66019086772616, 35.34388818997839], [126.65967846638328, 35.33808971524573], [126.659657069275, 35.33773614949808], [126.65957341788031, 35.33505880694278], [126.65959329590011, 35.334855449081914], [126.65958610831079, 35.3348199728199], [126.65956345502876, 35.334708348286476], [126.65952623508171, 35.33456213390599], [126.65949593100049, 35.334496347146576], [126.659468890163, 35.334459075584114], [126.65939357380168, 35.33435527012191], [126.65933652355, 35.33429561257537], [126.65925286882742, 35.33422966933175], [126.65912418289669, 35.334152101459786], [126.65764707478104, 35.3336410574515], [126.65693629682245, 35.33341351118804], [126.65676402840427, 35.33336977829541], [126.6566269359577, 35.333300528284816], [126.65653187330541, 35.333228321788866], [126.65644556086185, 35.33313723055862], [126.65636917247713, 35.33305660288046], [126.65542888285201, 35.33144770122746], [126.65417108616442, 35.32928801604475], [126.6540044240624, 35.32901534136009], [126.65387160862456, 35.32884911734654], [126.65369845861953, 35.32865249351644], [126.65347431222223, 35.32842344925485], [126.65292813138353, 35.32793596473549], [126.6527619020856, 35.327793707800424], [126.65260760836107, 35.32768627354384], [126.65234722511765, 35.32757113988249], [126.65153261481677, 35.32722167767867], [126.6514251669106, 35.32718289865058], [126.65131748238858, 35.32716139912637], [126.65115304553294, 35.32713668245379], [126.65109390258982, 35.327130285556926], [126.65099289258525, 35.32712863672136], [126.65090739532026, 35.32712724282134], [126.6489612999327, 35.327297593920136], [126.64885058754467, 35.32731466743586], [126.64877160522481, 35.327343018640114], [126.64872752831694, 35.32736406505812], [126.64866060603389, 35.327399923588814], [126.6485967713737, 35.32744140675411], [126.64855484181801, 35.3274686626489], [126.64842541506148, 35.327592654697504], [126.64827908060887, 35.32774905584635], [126.64804146070772, 35.327994518098514], [126.64798656391943, 35.32805033542208], [126.6475499427224, 35.328323231007786], [126.64723554331631, 35.328497080333946], [126.64704301427916, 35.32858006988756], [126.64684692001448, 35.32865583780856], [126.64672949917684, 35.32868664121469], [126.64666333902211, 35.32870266383241], [126.64660811603125, 35.328711918203155], [126.64657713719797, 35.32870398670718], [126.644818263606, 35.327829843253035], [126.64462226303247, 35.32765461086376], [126.64453617321851, 35.32757763277967], [126.644216173596, 35.32726762729234], [126.64202689380289, 35.327017076103935], [126.64178558086263, 35.32706700149853], [126.64107137887635, 35.327312107195695], [126.63810256257334, 35.32853542321601], [126.63733713171735, 35.328940152841966], [126.63711703296633, 35.32906865660025], [126.63670278801959, 35.32939854642887], [126.63634841034957, 35.3296675180066], [126.63615225584843, 35.32977652489846], [126.63515489826987, 35.33021894048563], [126.63453357714646, 35.330416610294705], [126.62615118159243, 35.33197667128187], [126.62347587088372, 35.33223818912788], [126.62006974118457, 35.332655684918024], [126.61801237410502, 35.33322674245814], [126.61686889664156, 35.33336252448339], [126.6159685655586, 35.33339946332282], [126.61576466996814, 35.333186185116034], [126.61556347653976, 35.3330516943304], [126.61507902042477, 35.332856284171704], [126.61469861245739, 35.3327106717043], [126.61444996254885, 35.33263380366925], [126.61417443553323, 35.33263292202062], [126.6125934401177, 35.332960793042155], [126.60860918281821, 35.337055503985816], [126.60961178719833, 35.33912755596502], [126.61028502678347, 35.34094139789681], [126.60727373610301, 35.34491545180153], [126.60672056387396, 35.34556259415907], [126.60403810451707, 35.34672208664997], [126.60539720565302, 35.34939229013336], [126.60642315195521, 35.35088525219401], [126.60651819976404, 35.351021118414664], [126.60661054694833, 35.35112642192759], [126.60670639403436, 35.35118975574339], [126.60698118474772, 35.3513298100084], [126.60713145479666, 35.351398529947296], [126.6073827946056, 35.3515665489143], [126.60747839541115, 35.351656170766134], [126.60760273422662, 35.35178780547519], [126.60778997581649, 35.35208405436945], [126.60795531169303, 35.35236021470973], [126.60800279407448, 35.35246013854699], [126.60822158457499, 35.35321517073509], [126.60812341415246, 35.35392698190453], [126.60799027269516, 35.35440569775203], [126.6077863862534, 35.35515988407335], [126.6073376285995, 35.356854064909776], [126.60731825824082, 35.35699180553697], [126.60733849875945, 35.35778611870617], [126.60734751355636, 35.35812747046592], [126.6074018017073, 35.358479889894106], [126.60746411429471, 35.35885639041674], [126.60759281108373, 35.35929223659098], [126.60762912231736, 35.3595198577124], [126.60760887770212, 35.35983705258798], [126.60757003954016, 35.360130118024635], [126.60752075707497, 35.36037934993522], [126.60655681042216, 35.3631240607549], [126.60431596991256, 35.368002830537534], [126.60248675428194, 35.37035236860824], [126.60229530612686, 35.370479701452766], [126.60212540583865, 35.37060593449683], [126.60204771127731, 35.370669071484784], [126.60142393725816, 35.37126378947102], [126.6013055182574, 35.37138446858383], [126.60118206755013, 35.37153021934696], [126.60107676716422, 35.371682888134124], [126.60073483668357, 35.37218028179574], [126.60069600186769, 35.37225218621382], [126.60061294991297, 35.37241694088814], [126.60279986562682, 35.37224117888644], [126.60635109298121, 35.37139929913991], [126.6064396731502, 35.37134884677471], [126.60649865206376, 35.37131857263639], [126.60653836920334, 35.371304737429845], [126.60667551366384, 35.371267409569164], [126.60681346325215, 35.37126549899666], [126.60716676960246, 35.37129579444264], [126.60928788372742, 35.371580166522754], [126.6094853477795, 35.371610622721086], [126.61037350364553, 35.37184351591557], [126.61703537772014, 35.374377959924495], [126.61712942443249, 35.37443386616154], [126.6172646907149, 35.374567330682105], [126.6177639789061, 35.37512241548786], [126.6180467808585, 35.37556702742823], [126.61834466637183, 35.376036484698204], [126.61919798857082, 35.37755131184884], [126.6203183059843, 35.37988809551429], [126.62070058568561, 35.38076491819771], [126.62122169469419, 35.38198522213493], [126.6212390119083, 35.38204521417413], [126.62215725865535, 35.385984858230444], [126.62219158691305, 35.3861528887607], [126.62219083563949, 35.386313586431406], [126.62217853023063, 35.3864478556956], [126.62214512818689, 35.386694892668594], [126.62210295218672, 35.38695865641287], [126.62075292074785, 35.39204258659295], [126.62069357158285, 35.392212754080255], [126.62064044089442, 35.39232290786777], [126.62054317771904, 35.39245454585637], [126.61840332316548, 35.3948970933047], [126.61829746316097, 35.39498311168626], [126.61808601968977, 35.395121599794145], [126.61776610892429, 35.39529093067134], [126.61685079727913, 35.39569578943429], [126.61454503424693, 35.3966720171151], [126.61381131652058, 35.39702955577312], [126.61359988238766, 35.397163185082796], [126.61322344146052, 35.39752664132421], [126.61308217672773, 35.39767012228764], [126.61299347020925, 35.39785217747355], [126.61294592795757, 35.39801029315322], [126.61291609141539, 35.39812539133159], [126.61274228077498, 35.400168724104695], [126.61274078326709, 35.400480573507494], [126.61274002372382, 35.40063893888624], [126.61278638615798, 35.40074940497962], [126.6129433932463, 35.400970639696574], [126.61312374803553, 35.401215932108954], [126.61400823359705, 35.4023942505159], [126.61475943200416, 35.403455168394274], [126.6150286578417, 35.40388108545451], [126.61533181878889, 35.404399934487635], [126.61537086214864, 35.40446676569206], [126.61568467907715, 35.40502956786777], [126.61678663674635, 35.407142039523954], [126.62077725440253, 35.41499284580183], [126.62090165036648, 35.415276592640495], [126.62100182979712, 35.41563014171576], [126.62140382581465, 35.41815940024498], [126.62144955452978, 35.417870410736086], [126.62198683471541, 35.41625577913045], [126.62208517640566, 35.416017065309106], [126.62216408610634, 35.41583623113694], [126.62225775008345, 35.41570150978168], [126.6223320216272, 35.415642796925546], [126.62243171434432, 35.41558425252018], [126.62271890191154, 35.415502594060776], [126.62323887301213, 35.41539507077752], [126.62355252027253, 35.41533115568154], [126.62446423946531, 35.41519287049767], [126.62522501894749, 35.41505554274222], [126.62544927222537, 35.41498827020433], [126.62670360463213, 35.41442786275382], [126.62731688994755, 35.41404029917094], [126.62757828171145, 35.41386887296646], [126.62773252731849, 35.4137024266834], [126.6282072501065, 35.413111464705274], [126.63007995777363, 35.41055588933088]]]]}}, {"type": "Feature", "properties": {"dong_cd": "5279038000", "dong_nm": "대산면", "sigungu_cd": "52790", "source": "admdongkor-ver20250701"}, "geometry": {"type": "MultiPolygon", "coordinates": [[[[126.60061294991297, 35.37241694088814], [126.60069600186769, 35.37225218621382], [126.60073483668357, 35.37218028179574], [126.60107676716422, 35.371682888134124], [126.60118206755013, 35.37153021934696], [126.6013055182574, 35.37138446858383], [126.60142393725816, 35.37126378947102], [126.60204771127731, 35.370669071484784], [126.60212540583865, 35.37060593449683], [126.60229530612686, 35.370479701452766], [126.60248675428194, 35.37035236860824], [126.60431596991256, 35.368002830537534], [126.60655681042216, 35.3631240607549], [126.60752075707497, 35.36037934993522], [126.60757003954016, 35.360130118024635], [126.60760887770212, 35.35983705258798], [126.60762912231736, 35.3595198577124], [126.60759281108373, 35.35929223659098], [126.60746411429471, 35.35885639041674], [126.6074018017073, 35.358479889894106], [126.60734751355636, 35.35812747046592], [126.60733849875945, 35.35778611870617], [126.60731825824082, 35.35699180553697], [126.6073376285995, 35.356854064909776], [126.6077863862534, 35.35515988407335], [126.60799027269516, 35.35440569775203], [126.60812341415246, 35.35392698190453], [126.60822158457499, 35.35321517073509], [126.60800279407448, 35.35246013854699], [126.60795531169303, 35.35236021470973], [126.60778997581649, 35.35208405436945], [126.60760273422662, 35.35178780547519], [126.60747839541115, 35.351656170766134], [126.6073827946056, 35.3515665489143], [126.60713145479666, 35.351398529947296], [126.60698118474772, 35.3513298100084], [126.60670639403436, 35.35118975574339], [126.60661054694833, 35.35112642192759], [126.60651819976404, 35.351021118414664], [126.60642315195521, 35.35088525219401], [126.60539720565302, 35.34939229013336], [126.60403810451707, 35.34672208664997], [126.60672056387396, 35.34556259415907], [126.60727373610301, 35.34491545180153], [126.61028502678347, 35.34094139789681], [126.60961178719833, 35.33912755596502], [126.60860918281821, 35.337055503985816], [126.6125934401177, 35.332960793042155], [126.61417443553323, 35.33263292202062], [126.61444996254885, 35.33263380366925], [126.61469861245739, 35.3327106717043], [126.61507902042477, 35.332856284171704], [126.61556347653976, 35.3330516943304], [126.61576466996814, 35.333186185116034], [126.6159685655586, 35.33339946332282], [126.61686889664156, 35.33336252448339], [126.61801237410502, 35.33322674245814], [126.62006974118457, 35.332655684918024], [126.62347587088372, 35.33223818912788], [126.62615118159243, 35.33197667128187], [126.63453357714646, 35.330416610294705], [126.63515489826987, 35.33021894048563], [126.63615225584843, 35.32977652489846], [126.63634841034957, 35.3296675180066], [126.63670278801959, 35.32939854642887], [126.63711703296633, 35.32906865660025], [126.63733713171735, 35.328940152841966], [126.63810256257334, 35.32853542321601], [126.64107137887635, 35.327312107195695], [126.64178558086263, 35.32706700149853], [126.64202689380289, 35.327017076103935], [126.644216173596, 35.32726762729234], [126.6456364580757, 35.326116496102564], [126.64588912203617, 35.32585603925318], [126.64609151550647, 35.32561885215723], [126.64656620657583, 35.32506251876588], [126.64671183231911, 35.32488419790467], [126.64695652615009, 35.324584532290196], [126.64705175362668, 35.32432253457043], [126.64708163803033, 35.32424030910922], [126.64708289758892, 35.32395153174768], [126.64699165055912, 35.32361678869464], [126.64683307016561, 35.323134924037255], [126.64669849442079, 35.32282546055014], [126.64651392168501, 35.32263239846528], [126.64604914872524, 35.32231070171833], [126.64574785575624, 35.3219753404446], [126.64545782970521, 35.321481786498175], [126.64542277517863, 35.32142212998229], [126.64473425322905, 35.319865237484784], [126.64441803219225, 35.3201024295746], [126.64361929878051, 35.320454742158674], [126.64212497762334, 35.32085563684593], [126.64175421743191, 35.320864640657064], [126.63821657000977, 35.320576493887394], [126.63485839622302, 35.32034748782777], [126.63458032768298, 35.32033653348861], [126.632531550972, 35.320310027177236], [126.63123625580894, 35.32032102875199], [126.62954515090719, 35.320381547740254], [126.62859922534939, 35.320490134922906], [126.62824675916178, 35.32053969391614], [126.62506672872489, 35.32133705859936], [126.61885758626164, 35.32531521643432], [126.61745930019912, 35.32667023937056], [126.61652859190104, 35.327655853291446], [126.61611637230486, 35.32805067669462], [126.61555187644011, 35.32850457947794], [126.61535657054695, 35.32854605504641], [126.61416665738464, 35.32875234627089], [126.61385856846334, 35.32875974247381], [126.61363270766554, 35.328725394375816], [126.61348895457847, 35.32872907494152], [126.61341703142125, 35.32874994478379], [126.61331918375161, 35.328787482765854], [126.61250652256165, 35.329268699555406], [126.6123262697158, 35.32938177684244], [126.61175124794207, 35.32979948545519], [126.61155010097633, 35.32997983858781], [126.61133342485314, 35.330189564165764], [126.60929979946144, 35.33109776290448], [126.60915558384539, 35.331168868100804], [126.6082850498647, 35.331734322239605], [126.60560551408808, 35.333905498439606], [126.60548680795256, 35.33402300777046], [126.605342214179, 35.3341951380612], [126.6052334801452, 35.33436728564343], [126.60515040794883, 35.33455225710808], [126.60505192795677, 35.33474137928018], [126.60496766007472, 35.33484850526653], [126.60493305052943, 35.334892498755686], [126.60482135036644, 35.33501705432881], [126.6042505309578, 35.3355604195943], [126.60399659705318, 35.3355817878185], [126.6018134151166, 35.33432278335977], [126.60174698370142, 35.33425523169728], [126.60169102972712, 35.334158239399834], [126.60161025512933, 35.33394490841683], [126.60151499683329, 35.3334773466104], [126.60144551303927, 35.33311217284622], [126.60139018919928, 35.33286790294284], [126.60132115406515, 35.332723198495735], [126.60129362829827, 35.33266551771004], [126.60122215157122, 35.332572625031794], [126.60061067997216, 35.33180122393364], [126.59901236648116, 35.3304420430741], [126.59868451504771, 35.33028520475984], [126.59541077152404, 35.3292322421443], [126.5944932116745, 35.32909322155985], [126.59340398503944, 35.32928199370774], [126.5933403045737, 35.32930368428902], [126.59325976527352, 35.329374700687914], [126.59323762337726, 35.329405968191175], [126.59318233835843, 35.32948404458254], [126.59314345286896, 35.32958395767679], [126.59311600047967, 35.32970717600054], [126.59309639547502, 35.329825135209916], [126.59308503785185, 35.32989346144649], [126.59304427613122, 35.330016615065624], [126.59295525740421, 35.330110858338294], [126.59289059322018, 35.33015897697983], [126.59283791487461, 35.330198166250575], [126.59264015755042, 35.330307190135294], [126.59240558103285, 35.33043239702591], [126.5922038050064, 35.33049777415633], [126.59209255496337, 35.33052048908836], [126.58686413529355, 35.3307093670883], [126.58597588741921, 35.330552272666736], [126.58395073851801, 35.3295068205733], [126.58358605748838, 35.329064774149884], [126.58345845509432, 35.32885738877273], [126.58336246104794, 35.3286816773764], [126.58314404727763, 35.32827260308633], [126.58191073268826, 35.32488179518242], [126.58134316001374, 35.32289438184351], [126.58247400800818, 35.31982323503166], [126.58337436694079, 35.31801510329826], [126.58468977017277, 35.31742323756238], [126.5870174081501, 35.31661409774747], [126.58848202652014, 35.31426034989766], [126.5885995849519, 35.31404397497123], [126.58899745084845, 35.31328218405214], [126.58963063952912, 35.31201933244698], [126.58964877683671, 35.31197523358018], [126.58968813307413, 35.3111327206799], [126.58968492471946, 35.310875471950894], [126.58968152135714, 35.31065860077164], [126.5883763175089, 35.30621342405915], [126.58561864604361, 35.301524693275994], [126.58504846992709, 35.30077488502367], [126.58499659714718, 35.30078708966412], [126.58493871738897, 35.30080071583229], [126.57830113931665, 35.303389356246036], [126.57807842851199, 35.30350619892139], [126.57733832090071, 35.30395759489861], [126.57726975581119, 35.30401331817915], [126.57702747162597, 35.30421321107331], [126.57655467167972, 35.30469017350712], [126.57648498166856, 35.304760480194155], [126.57644703841692, 35.30482478981509], [126.5764296474979, 35.304891965876024], [126.57642246123349, 35.304961980752005], [126.57647555032287, 35.30530214229679], [126.57648175330326, 35.30541978679279], [126.57646470380686, 35.30549668895378], [126.57645381759448, 35.305545777808476], [126.57605763596236, 35.30639136160533], [126.57598176011115, 35.30653954028942], [126.57594470447162, 35.30658758967401], [126.57584040072302, 35.306722761893354], [126.57321537713659, 35.30964186665023], [126.57307805550225, 35.30976459286696], [126.57295489476948, 35.309870149908605], [126.57281141076187, 35.30996651456851], [126.57276277726326, 35.30999917030036], [126.5726191696577, 35.310063920734144], [126.57049489917422, 35.31074659922861], [126.56827581135236, 35.31122160876157], [126.56781077418955, 35.31116013996676], [126.56763162387418, 35.31110833982959], [126.56749520909794, 35.31104913638582], [126.56729810988352, 35.31096356910825], [126.56722643491824, 35.31085751505231], [126.56718760276937, 35.310800032356696], [126.56698948596132, 35.31062959179407], [126.56681494960843, 35.31051152084487], [126.5643572169456, 35.30974555936864], [126.56394358620662, 35.30969837708484], [126.56360111583336, 35.30972975498631], [126.56312301834254, 35.30983239772295], [126.56260458862704, 35.31003286591716], [126.56223620923328, 35.31044270817014], [126.56187190549716, 35.31079190924288], [126.56134455315453, 35.311155481934776], [126.56112496175105, 35.31128067726044], [126.56088944898694, 35.311414940021194], [126.55865307918594, 35.311719524251444], [126.55793869500214, 35.311778520203696], [126.55699019055533, 35.312254936861784], [126.55669277306181, 35.312342909801664], [126.5566633058439, 35.31235162164593], [126.55657254635327, 35.31237353431385], [126.5556510899629, 35.31259594460242], [126.55094840781462, 35.313602234450016], [126.55054221320718, 35.313639839209124], [126.55006069623087, 35.3135986493526], [126.54923338443268, 35.313510746372934], [126.54795706400755, 35.31323331871456], [126.54777458609968, 35.31314376389931], [126.54755521741596, 35.3129725474019], [126.54701232792212, 35.31247590722597], [126.5467014689994, 35.31216152990969], [126.54662533933111, 35.31205100792221], [126.5466007688802, 35.31186199483258], [126.54657579504334, 35.31174644998335], [126.5465056298274, 35.311654513893316], [126.54515011204855, 35.31067742898259], [126.54478654874904, 35.31045036710012], [126.54352539301617, 35.309853247763655], [126.54308458301117, 35.30971520156649], [126.5426516818598, 35.30961919838498], [126.54227423671327, 35.30959153659904], [126.54204978643706, 35.309652524749715], [126.54170369300078, 35.30976251197092], [126.5407364191677, 35.30990043189715], [126.5405019640841, 35.30989953740824], [126.53941633073063, 35.309748562907366], [126.53822960535992, 35.30952942280957], [126.53592621293065, 35.30885973175915], [126.53522342730305, 35.30853168385172], [126.53422413042257, 35.30810813031845], [126.53351705394071, 35.307907710876705], [126.53333085308118, 35.307859401361384], [126.53153759457494, 35.307441749494195], [126.53138113633955, 35.307420939440206], [126.53118546030142, 35.3074719320713], [126.53098754183668, 35.30762257807585], [126.52967755699134, 35.30864497422847], [126.52954243485895, 35.30877568296693], [126.52941948003797, 35.30900612386648], [126.52931638973229, 35.309281702233434], [126.52930778869629, 35.30966474176102], [126.52928033395378, 35.30997954957832], [126.52921810370711, 35.310133093172404], [126.52916989022987, 35.310252033762154], [126.52901560500307, 35.31044459026698], [126.52763879216785, 35.31184399795736], [126.52752256960255, 35.31195281805056], [126.52696479857987, 35.312474987939964], [126.52640563507642, 35.31287162018957], [126.52611971312393, 35.31301165273982], [126.52575929473164, 35.3131881567913], [126.52544271715556, 35.313307194559734], [126.5254001300901, 35.313323200995164], [126.52514069507039, 35.31340902085994], [126.52497684664641, 35.313463213663454], [126.52434724309613, 35.31386840011123], [126.52367638227959, 35.31476220682867], [126.52326947873279, 35.31538502954325], [126.52325638145211, 35.315442759391125], [126.52305107049412, 35.318595383273404], [126.52301933961328, 35.31980804634943], [126.52306129913043, 35.32019737546421], [126.52314336392864, 35.320479887015885], [126.52075210093388, 35.325039092184156], [126.51898032035885, 35.325860256971566], [126.51791900779251, 35.3255489324572], [126.51780806021642, 35.32547187857654], [126.51773270050028, 35.32543913236351], [126.51759975844297, 35.325435631226135], [126.51740308512045, 35.32545836036831], [126.51711838751012, 35.325580987955966], [126.51406856243092, 35.327068065399466], [126.51398552158224, 35.32712379541987], [126.51391657476418, 35.32723257896141], [126.51386879985714, 35.3274034524168], [126.51350815642907, 35.329447135990414], [126.51365958337684, 35.329477447986775], [126.51427515778101, 35.32947992979337], [126.51507452606592, 35.32944186385215], [126.51573497347728, 35.33166653453453], [126.51690208007513, 35.33086869455611], [126.51703025837794, 35.33080555918462], [126.51722669469684, 35.33076895154485], [126.51797132750472, 35.330652222302], [126.51822536691543, 35.33067604973181], [126.5184122219089, 35.330732941959674], [126.51968142241036, 35.33123913702064], [126.52680413144408, 35.334174980146216], [126.52739663436176, 35.33448148619307], [126.52767179083389, 35.334730066813535], [126.52778419170245, 35.33486464150307], [126.52807636015532, 35.33544333788957], [126.528689765934, 35.336712090509685], [126.52918545293524, 35.33782003188994], [126.52936595363884, 35.33814041775199], [126.52952097877326, 35.33836050929107], [126.52978940237881, 35.33869666425244], [126.53246167735401, 35.34170023924907], [126.53412746625257, 35.343564583918905], [126.5352825867441, 35.344794200544264], [126.53550168989247, 35.344970439151524], [126.53578361090652, 35.345146822351325], [126.53606588783074, 35.34528195544143], [126.53644261501454, 35.345401996170274], [126.53667258605253, 35.345468957264195], [126.53721706847547, 35.34557206325951], [126.54123270482914, 35.34662095129829], [126.55036012723788, 35.34933372592118], [126.55106628589427, 35.349611545562574], [126.55199702698548, 35.35011992486984], [126.55273503048718, 35.350666974981344], [126.55369131722247, 35.35123636329819], [126.55436324813999, 35.35156234420438], [126.55480502165719, 35.351729618175824], [126.55539602212994, 35.35181022263706], [126.55606991040978, 35.351781152821275], [126.55634528530722, 35.351728994988434], [126.55709111894762, 35.351587723416884], [126.55752454984068, 35.35153406748692], [126.5577744369736, 35.3516059966176], [126.55821565662578, 35.351875841011044], [126.56091234576414, 35.354284468025284], [126.56101628746859, 35.35441318654922], [126.5616561790838, 35.35558253583616], [126.56198105322825, 35.3562759252014], [126.56201334001942, 35.35636745350819], [126.56203140970509, 35.35650613689671], [126.56193521110141, 35.35777132394442], [126.56189641139127, 35.3580089403873], [126.56126036357247, 35.36026029644542], [126.56083059726292, 35.36175904479338], [126.56079254607566, 35.36183596275181], [126.5607641780526, 35.361874352721195], [126.56072654486572, 35.361874216206125], [126.56053452477492, 35.3617579651819], [126.55973415959609, 35.361336026625], [126.55960760285458, 35.361281669595854], [126.55956631357465, 35.361278108657345], [126.55661130776106, 35.36411595205808], [126.5564553607554, 35.36428095352135], [126.55631811151072, 35.364449892226126], [126.5562752701557, 35.364557522920414], [126.55631253943788, 35.3646231736136], [126.55932164393457, 35.36604523389296], [126.56385225136967, 35.36937287664226], [126.56406284427693, 35.36953921583779], [126.56420707753853, 35.369809319174934], [126.56424861395183, 35.36994340137299], [126.56424763671805, 35.37012438089671], [126.56414189720817, 35.37055059552261], [126.56403222841686, 35.37085051899511], [126.56395071991253, 35.3711506280419], [126.56395972666611, 35.37123538968209], [126.56397818225939, 35.371281592474844], [126.5644950216702, 35.372083115104665], [126.56463487536841, 35.37218690461773], [126.56489723974659, 35.372345761802734], [126.56496587210128, 35.37237421067853], [126.56504732955592, 35.37240797389005], [126.56516874447125, 35.37239416233954], [126.56521183036355, 35.372389258902416], [126.56613311248204, 35.37197745064176], [126.5662745541445, 35.371889363443834], [126.56682225878231, 35.371330078474884], [126.56702548149299, 35.37110745366685], [126.56717203634697, 35.370804969275326], [126.56729072588729, 35.37056663652102], [126.56741412036745, 35.37035138970783], [126.56754071123093, 35.37024081282933], [126.56780984236923, 35.37001842742923], [126.56891300056412, 35.36913008028913], [126.56929484187668, 35.36890036301936], [126.56937828579645, 35.36889298192153], [126.56989908282787, 35.36906041125406], [126.57004912921538, 35.36911106216907], [126.57034930225905, 35.36921606893873], [126.57105258656028, 35.36952275759302], [126.5716413042776, 35.36978885697922], [126.57196940527648, 35.3699402667249], [126.57227772031219, 35.37011026536457], [126.57295446085988, 35.37054899679107], [126.57310102577243, 35.370677236636816], [126.57313218999899, 35.37071158239213], [126.5731527395922, 35.370780163503646], [126.57319274798002, 35.37112289074396], [126.57323299162103, 35.371418492342556], [126.57341348788096, 35.371873028506776], [126.57343933246106, 35.371915939631], [126.57379281287461, 35.37226832378661], [126.57403716347771, 35.37250470928787], [126.57430008274004, 35.372730061514076], [126.57706421238701, 35.374189121134705], [126.57729388510228, 35.37422842175357], [126.57749759648954, 35.37424624840721], [126.57760218238303, 35.37423310285574], [126.57789500703832, 35.37419627937937], [126.57806269198825, 35.37419047290484], [126.5781197554031, 35.37418849999176], [126.57833853699142, 35.37431345969623], [126.57905792634868, 35.375153928373834], [126.57917724727015, 35.37531713739413], [126.57991456814732, 35.37683706097133], [126.58005922273844, 35.37716727435125], [126.58125420296284, 35.380910699907005], [126.58127775958302, 35.3810595041215], [126.58121239364357, 35.38192254036582], [126.58069227368065, 35.382873109528695], [126.5792468324077, 35.384372238537146], [126.5802597756436, 35.384421829535], [126.58165828945152, 35.38501912303392], [126.58213824766403, 35.38533877382677], [126.58254579482856, 35.385595710511495], [126.5828103990886, 35.38574083648888], [126.58332551876252, 35.38596975880049], [126.58368658903652, 35.38612620915714], [126.58397008983147, 35.38623508360743], [126.58429876914975, 35.38633553311842], [126.58442689802932, 35.386353025131314], [126.58458288445405, 35.38634786860943], [126.58470767557716, 35.386328480159314], [126.58484993773696, 35.38629768282811], [126.58573277938814, 35.3859666187716], [126.585757232781, 35.38592126967931], [126.58605855207844, 35.385280574086636], [126.58608312350214, 35.385212525007056], [126.58618506142027, 35.38492895039831], [126.58719372481012, 35.384547462853504], [126.5922505889724, 35.38330629552851], [126.59455495048874, 35.38262249732497], [126.59617830292484, 35.38209536769093], [126.59750990494385, 35.38077594448708], [126.5980273987286, 35.378942081454774], [126.59822145450595, 35.378137008082334], [126.59824835116139, 35.3776710662593], [126.59827632239745, 35.377158675758814], [126.59840929884946, 35.376222108118995], [126.59843446736012, 35.37609701242893], [126.5985223088241, 35.3758931598872], [126.59956665650647, 35.37382792310593], [126.59970942073205, 35.373576294616825], [126.59999449678187, 35.37316291394009], [126.60020537312624, 35.37286834605735], [126.60026325047171, 35.3727882613639], [126.60061294991297, 35.37241694088814]]]]}}, {"type": "Feature", "properties": {"dong_cd": "5279039000", "dong_nm": "심원면", "sigungu_cd": "52790", "source": "admdongkor-ver20250701"}, "geometry": {"type": "MultiPolygon", "coordinates": [[[[126.48228512784827, 35.53997014961958], [126.48235452082233, 35.53990311308416], [126.48267731497626, 35.540106177885235], [126.48279214946334, 35.54015557699548], [126.48292807828996, 35.54014552637817], [126.48301974472176, 35.54007588320996], [126.48488356568754, 35.538291099347184], [126.48493455880683, 35.538217852025056], [126.48495032178413, 35.538136353163985], [126.4849107517931, 35.53805984872508], [126.48484445971815, 35.537995773521594], [126.48473588849575, 35.537958508967705], [126.48107958965193, 35.53707785808474], [126.48097030836692, 35.53707159167925], [126.48086563547379, 35.53708618607133], [126.47951855520446, 35.53746912888196], [126.47943367809499, 35.53752685340111], [126.47935494669458, 35.537597852991524], [126.47878195570466, 35.53851687709178], [126.47874494566047, 35.53859643339048], [126.47874749174719, 35.538675606094934], [126.47875515644532, 35.538741966894634], [126.47878538603153, 35.53882068430671], [126.47885015440217, 35.53887923290339], [126.47941812990811, 35.53922055805399], [126.48177502555163, 35.540150468388106], [126.48185480236535, 35.54016165936154], [126.48195729166177, 35.54015011752286], [126.48208903567826, 35.54012144749162], [126.48219611919048, 35.54004391340998], [126.48228512784827, 35.53997014961958]]], [[[126.59398764137435, 35.535124243175034], [126.59395262654176, 35.534946156650655], [126.5938992887358, 35.53458565854247], [126.5939031613406, 35.53381999131551], [126.59401892559139, 35.53273942903083], [126.59418755049049, 35.532109439037114], [126.59479824444607, 35.53130078483323], [126.59601893669146, 35.52981857846307], [126.59771259394637, 35.52802756701425], [126.59772878031588, 35.52800141825489], [126.59824973323607, 35.527044271931466], [126.59922385107078, 35.52500682234172], [126.59926208250954, 35.52484437640654], [126.59934960226387, 35.52418293290632], [126.59927046242449, 35.520349882061076], [126.59919248041108, 35.520035951717794], [126.59909564774024, 35.51975066956269], [126.59892390714974, 35.519474689772764], [126.59824974894354, 35.51862133219716], [126.59803659868642, 35.51836599813435], [126.59763344053043, 35.51769697558503], [126.59692227748185, 35.51651424676882], [126.59642775958565, 35.51565387913714], [126.5962909380849, 35.51530484103401], [126.59481676801782, 35.51568672345225], [126.59014572207955, 35.51664150224263], [126.58838928414218, 35.51801562923896], [126.58825758911472, 35.51802651101291], [126.58630114510362, 35.51786108141281], [126.5801317338641, 35.5177922804416], [126.57792818581835, 35.517848292773714], [126.57722443988891, 35.518121158008334], [126.57712386079345, 35.5181562931505], [126.577072247474, 35.518164980340224], [126.57703163456992, 35.51814931394554], [126.57700871592463, 35.51812261446575], [126.5768818010327, 35.51788144129594], [126.57682718071531, 35.51772830182796], [126.57667858675828, 35.51700274650964], [126.57658840917323, 35.51636376804253], [126.57657272948558, 35.51605218308119], [126.5765403689416, 35.515620157056965], [126.57652398487843, 35.51543884571268], [126.57644853858355, 35.515296968420635], [126.57481200056432, 35.513610305329095], [126.57465674831981, 35.51349079279097], [126.57452210021303, 35.51340819394207], [126.57434231436474, 35.51334241198244], [126.57403392738485, 35.513229902101195], [126.57387810530948, 35.513193871423574], [126.57361937283996, 35.513121991322606], [126.57341899515332, 35.51304588398565], [126.57337848135253, 35.51301247397858], [126.57147508769876, 35.50885045939877], [126.57137325171655, 35.508550133500385], [126.57054634416852, 35.50602332213172], [126.57051893045146, 35.50570741610009], [126.57052573494212, 35.504436265170405], [126.57055668642946, 35.50408884054588], [126.5705681897496, 35.503751925130516], [126.57057126334838, 35.503178448085734], [126.57055189537266, 35.5030304504691], [126.5705336834606, 35.50292394485353], [126.57049736310647, 35.50278942852394], [126.56902396694058, 35.498692829167815], [126.56898729336976, 35.49862636467842], [126.56851796018172, 35.49789335887513], [126.5684445120307, 35.49777953434638], [126.56835014905337, 35.497680783122924], [126.56828797754011, 35.49764081068937], [126.56799804302219, 35.49755297138933], [126.56783163740391, 35.49750883940738], [126.56642576412673, 35.497182282861544], [126.56601298736345, 35.49710527161216], [126.56580712072287, 35.49708372105598], [126.56564514589176, 35.4970982615285], [126.56520636893741, 35.497204286341464], [126.5649999737078, 35.49727924985564], [126.56478789535404, 35.49736726874874], [126.56459087813722, 35.49744037025142], [126.56449130287024, 35.497449471939156], [126.5634265893909, 35.49725851137709], [126.56332489496889, 35.49722973529258], [126.56262592012425, 35.49668542926543], [126.56238870161825, 35.49649150716138], [126.56048363853728, 35.49470766411918], [126.55767963631371, 35.49167200865412], [126.55757395393594, 35.49155237536011], [126.55621926415952, 35.48994262549085], [126.55615033826223, 35.48985152654242], [126.55611606876313, 35.48977190774135], [126.55603860829319, 35.489130706563124], [126.55604844507916, 35.48902665506632], [126.556606505302, 35.48616573760628], [126.55667664072699, 35.48603728681818], [126.556804283907, 35.48595070466248], [126.5581240157581, 35.48538684173425], [126.55824217334505, 35.48536076822342], [126.5588809793599, 35.48530055703371], [126.55905535479687, 35.48529201611265], [126.55922870816802, 35.485309687323245], [126.55933286565782, 35.48530627790373], [126.5595345138296, 35.48524644318078], [126.55971529580775, 35.48517707305804], [126.55979645746329, 35.48514330371886], [126.55984990557471, 35.48510375713671], [126.55985024821919, 35.485041304671725], [126.55970325568427, 35.476802543534994], [126.55968475208918, 35.476740740282], [126.55837943017612, 35.47462573591149], [126.55736639495734, 35.473688541102185], [126.55717948899665, 35.47353499806917], [126.55674793856251, 35.47315152070984], [126.55646806033104, 35.472835770961275], [126.55545915469467, 35.4716371070905], [126.55536554988433, 35.47150939832699], [126.55529106421665, 35.47135102853624], [126.55522608998965, 35.47116557776089], [126.55478718714825, 35.471084929691386], [126.55427885031318, 35.471064154405546], [126.55234694247044, 35.47099981601434], [126.55188410421204, 35.471111458230695], [126.55160550905501, 35.471337134482745], [126.55137303170646, 35.471581885975915], [126.54947297443624, 35.47246277576654], [126.54870861184692, 35.47276220821695], [126.54815351333791, 35.472835693645315], [126.54801516285924, 35.47277849648486], [126.54783091398738, 35.47266444435426], [126.54750853577225, 35.47245540402129], [126.54642507877601, 35.471960094484444], [126.54584868364752, 35.47171232160594], [126.54554792044732, 35.47176786242745], [126.54387955072745, 35.47253618045807], [126.54267337902611, 35.47330623093538], [126.54258018032428, 35.473438119861534], [126.5423211242511, 35.474287347410275], [126.54009281903555, 35.47715471134806], [126.5388202867931, 35.47856836070285], [126.53836005362481, 35.47897741739539], [126.53803638318695, 35.479154386625744], [126.53758186823133, 35.479337973566686], [126.53737228945803, 35.47938706372515], [126.53270984568964, 35.48037411749852], [126.5308099654169, 35.48166406652007], [126.52994574181385, 35.48212782251345], [126.52963977987304, 35.482254923089826], [126.52721232962904, 35.48278002563203], [126.52076132816589, 35.484501991147766], [126.52054352572964, 35.48457469162322], [126.51919782725697, 35.485275523470364], [126.5187537368262, 35.48752119184599], [126.51759240984535, 35.490600810116234], [126.51731195071217, 35.490827792041785], [126.51680363254098, 35.49123918571373], [126.51567040673528, 35.49217729995106], [126.5155387722569, 35.492312203937615], [126.5153979797338, 35.49251835533273], [126.51537941825265, 35.49270361981702], [126.51557593100935, 35.49347249693211], [126.51564514746003, 35.493565436926424], [126.51671650681128, 35.493804969570164], [126.5169861507041, 35.49392723643496], [126.51715978526308, 35.49406337207612], [126.51725477916341, 35.49422057811623], [126.51723476502144, 35.494648177483356], [126.51718948975414, 35.49492600199792], [126.51705737972355, 35.49513932537525], [126.51380727378849, 35.49708265240868], [126.51273773389534, 35.497473006198575], [126.51178510780707, 35.49778278850109], [126.51124588486472, 35.49752398222781], [126.51101911636096, 35.49752306123883], [126.51071313889241, 35.4976358705869], [126.51028415306925, 35.49789787193883], [126.50986352935678, 35.498216928504405], [126.50874910056912, 35.499310126103346], [126.50723023177147, 35.50354296471321], [126.50719104822538, 35.50401705542938], [126.50715166018566, 35.50449365272898], [126.50802971489898, 35.505720744922066], [126.50805633939156, 35.50614384727186], [126.50770036753501, 35.50681517226852], [126.50694007262523, 35.50800812804189], [126.50624754967525, 35.508476812640055], [126.5054587831759, 35.50857132655287], [126.50299986384046, 35.50958852513679], [126.50060772269093, 35.511574608804125], [126.49989315408274, 35.51168155701669], [126.49896665306782, 35.51128667725059], [126.49770804151913, 35.50998060142958], [126.49741438073916, 35.50967587221154], [126.49682798657989, 35.50973260586678], [126.49655816488247, 35.51005222384062], [126.49575947721843, 35.5115443894536], [126.49808636731184, 35.51803387092994], [126.4985774217522, 35.52100981220298], [126.5005952195855, 35.52434895594047], [126.51002377740635, 35.53033550395067], [126.51566873851625, 35.53258630736406], [126.5193150106044, 35.53353590550856], [126.52027874823825, 35.53340618383152], [126.52250398876551, 35.532569123408635], [126.52789816268904, 35.53167028286171], [126.52946210663049, 35.531424115296545], [126.53197088046919, 35.53116676310262], [126.53313295713446, 35.531290016155545], [126.53407468583819, 35.531813105038495], [126.5344262062987, 35.53197770360153], [126.53642823976155, 35.531376971940425], [126.53987540979273, 35.529055755683515], [126.54184700830717, 35.52740109781626], [126.54382758426716, 35.527349261269244], [126.54460886697144, 35.527337396023725], [126.54473368423919, 35.527753401502096], [126.54473250534171, 35.52796117689356], [126.5438287809014, 35.52813901063788], [126.54350515171713, 35.52861931821789], [126.5434792382589, 35.52899786151897], [126.5435009051083, 35.52936687331258], [126.54366421079642, 35.529911178619834], [126.54589566273508, 35.53254679533995], [126.54606173712644, 35.53260567418717], [126.54702814365865, 35.531958824133845], [126.54792957750315, 35.53144766338879], [126.55036916116043, 35.53303251603745], [126.5500584011979, 35.53334203047928], [126.54983120568325, 35.533583900897895], [126.54973454008045, 35.533865095956195], [126.55012003264127, 35.53507040858895], [126.55232152048481, 35.53674852168881], [126.55390710284779, 35.53718740725503], [126.55447744150555, 35.53722835476475], [126.55460845995972, 35.53718030569077], [126.55505034762552, 35.53680329287594], [126.55545641305254, 35.53645528796933], [126.55857107440094, 35.53854442119432], [126.56004211515756, 35.539943977210314], [126.56324208130239, 35.541693496188216], [126.56512690752757, 35.54266148276479], [126.56645674302298, 35.54294785466731], [126.5669742103149, 35.54305770678788], [126.56961861706044, 35.54306720431289], [126.57068990780942, 35.54304370829017], [126.57296974017805, 35.542368353098325], [126.57464167906093, 35.54221986467229], [126.57511650610512, 35.54152846119027], [126.5784626291261, 35.541758950217016], [126.58172188357517, 35.541961702068605], [126.58975500161665, 35.54207142500331], [126.59112865458579, 35.541830044178305], [126.59357687755877, 35.540908826690455], [126.5939814625322, 35.54033607314057], [126.594084227974, 35.539871658159825], [126.59389183551276, 35.53820333556273], [126.59382769362395, 35.53764815827067], [126.59346449019937, 35.5366627289471], [126.5934349069072, 35.536609782108535], [126.59286742760894, 35.53559449406423], [126.59398764137435, 35.535124243175034]]], [[[126.48107050876476, 35.54665575561207], [126.48140277371446, 35.54553265282215], [126.48174323154018, 35.54557642572239], [126.48187288841054, 35.54557342003432], [126.48200728968969, 35.545568088421405], [126.48271950703291, 35.54547172710872], [126.48280498488434, 35.54544501655792], [126.48486994659488, 35.54459629547166], [126.48497726356331, 35.54450610948346], [126.48506570393673, 35.54440778159703], [126.48514127861452, 35.54429293142781], [126.48514742096704, 35.54412527431441], [126.48424955695266, 35.5411576223589], [126.48317433780613, 35.54055323348216], [126.48302610091442, 35.54047240396772], [126.48289209170005, 35.54041363873674], [126.48275431813187, 35.54039362916463], [126.48206420507826, 35.54039412667517], [126.48192608516844, 35.54040154132255], [126.48180241869717, 35.54045744509271], [126.47779107809522, 35.542322471839704], [126.47768097724004, 35.5423768534889], [126.47756540278566, 35.54250846885402], [126.47671559674623, 35.54380701027461], [126.4766876842155, 35.543896385001865], [126.47667873204266, 35.54399215801192], [126.47669683353612, 35.54409629319041], [126.47676283332768, 35.5441956640731], [126.48040188251423, 35.546605595244], [126.48049499998712, 35.546667149722424], [126.48064062431989, 35.54676227520951], [126.48070105449986, 35.546789291780875], [126.4807707689405, 35.54681154061741], [126.48088111915477, 35.54681902900999], [126.48099512068391, 35.546762107868716], [126.48107050876476, 35.54665575561207]]]]}}, {"type": "Feature", "properties": {"dong_cd": "5279040000", "dong_nm": "흥덕면", "sigungu_cd": "52790", "source": "admdongkor-ver20250701"}, "geometry": {"type": "MultiPolygon", "coordinates": [[[[126.72169593133111, 35.57302897188287], [126.72175143078533, 35.572981040631426], [126.72293975692637, 35.57221649990263], [126.72377939338135, 35.57174381022502], [126.7245374537717, 35.57144572013064], [126.72599953347522, 35.57087084563813], [126.72636824275267, 35.57073369661851], [126.72650673245577, 35.57061485759117], [126.7266992987237, 35.57038949123991], [126.72679971551447, 35.57018904433115], [126.7268235085979, 35.56996329298075], [126.72631086605277, 35.568398793222165], [126.72628166503682, 35.5683096814042], [126.72607941197955, 35.56770375378849], [126.72492152347166, 35.56487289172706], [126.72382007009423, 35.56216999825571], [126.72347777561652, 35.56132566496994], [126.72085331382779, 35.553484375030884], [126.7207125469242, 35.553025525239086], [126.72048600349038, 35.55212030309325], [126.72026349018684, 35.55096402289106], [126.72004154250102, 35.54981057148209], [126.71966290398419, 35.546974090089904], [126.71945033971961, 35.5444677991855], [126.71928191615433, 35.54200586381032], [126.71922981101362, 35.54068655389582], [126.71916898151709, 35.5391458670554], [126.71912775814899, 35.536006063110314], [126.7191068734377, 35.53441570919246], [126.71906657908069, 35.53188165497885], [126.71901143693998, 35.53077946454739], [126.71858455120761, 35.52773598408356], [126.71852606659161, 35.527624492704916], [126.7183940175309, 35.527506779346304], [126.71770177242101, 35.52710332910203], [126.71756212010571, 35.52705485188536], [126.71663501982445, 35.526473220112], [126.71564327954005, 35.52544900573344], [126.71559935492523, 35.52537967263593], [126.71424062011828, 35.523054235189456], [126.71343874950324, 35.521425419464386], [126.71813476428058, 35.51967215440546], [126.72139825333974, 35.51877587614391], [126.72168051824636, 35.51869934084226], [126.72189922813071, 35.51865731270469], [126.72271450443706, 35.51854067105951], [126.72486610978056, 35.51880108823664], [126.72515225716934, 35.51886681421664], [126.7264393366558, 35.51917322684032], [126.7269027988276, 35.519296074822144], [126.7276069385633, 35.51961305089524], [126.72786055251518, 35.51969696460587], [126.72793261757413, 35.51970225959443], [126.727982847719, 35.519679282728], [126.72817155637746, 35.519492538175626], [126.72851457298354, 35.51908565048894], [126.72859968461695, 35.51893967925114], [126.73093852823558, 35.51407841650017], [126.73199015577187, 35.51169622680036], [126.73200602767542, 35.51163473223093], [126.73227271342658, 35.5096738252219], [126.73409649003095, 35.505944662731295], [126.73488793923173, 35.50447723252456], [126.7349761559903, 35.50433126965344], [126.73503909547193, 35.50425192568845], [126.73434947011715, 35.504258543803374], [126.73404718118572, 35.50398399443134], [126.7338255702686, 35.50344877610708], [126.73364130130932, 35.501270374887774], [126.73297355322171, 35.50053855164039], [126.73147023936569, 35.49999245774757], [126.72765964028846, 35.50027076937204], [126.72552984155078, 35.50103203294624], [126.72455789560472, 35.50162465332255], [126.72413522619132, 35.502741303759436], [126.71760238044479, 35.50330529927007], [126.71209662620335, 35.503771947606694], [126.71098294661968, 35.50225349719304], [126.70560700563657, 35.502905311241506], [126.69926259420905, 35.50431264069066], [126.69926840257791, 35.50437743682754], [126.69941689059115, 35.50519042656777], [126.69983062230271, 35.50621205686491], [126.7000355840143, 35.506785780641444], [126.70008888708418, 35.507027871790925], [126.70008685412598, 35.50709910407013], [126.69969436447434, 35.50725647884956], [126.69543681597318, 35.50462629642079], [126.6935678085263, 35.503409679510966], [126.69244667631, 35.5022288745921], [126.68972121795468, 35.50023924546293], [126.689228276371, 35.500002627281354], [126.6886999974073, 35.499749380364925], [126.6882194156308, 35.4995923748457], [126.68804083664355, 35.499520064415215], [126.68798172483413, 35.499483520739375], [126.68793332226853, 35.499450714283675], [126.68680852943595, 35.498591774713105], [126.68571738056703, 35.49756645033886], [126.68558205445127, 35.497403172314925], [126.68512536401292, 35.49682672140632], [126.68439363070618, 35.495888642776215], [126.6843038815934, 35.49575733970415], [126.68398315958422, 35.49570530487773], [126.68376767194644, 35.49571122719881], [126.68272675515999, 35.495759493710985], [126.68257250777289, 35.495776120023976], [126.6825432199719, 35.49579650333125], [126.67985074727633, 35.49873408693376], [126.67819667407844, 35.50059842838343], [126.67810629170806, 35.50070868633395], [126.6779593768897, 35.500953884213175], [126.67791293328862, 35.501103753740885], [126.6778496425329, 35.50141216351386], [126.6778067227563, 35.501725791897755], [126.67779714418344, 35.50202581543695], [126.67780854377806, 35.502285060155685], [126.67784928568148, 35.50254771736448], [126.6779312753686, 35.50287879786178], [126.67824180794109, 35.50320189048376], [126.6786962881259, 35.50382897962813], [126.6787950675435, 35.50396741521132], [126.6792097715468, 35.50459982900675], [126.67926534888515, 35.5047842098869], [126.67924559922535, 35.505580730729214], [126.67919932186246, 35.506388001535115], [126.67913082532637, 35.50778588868177], [126.67918813662757, 35.50875010432608], [126.67918977686367, 35.508777683063386], [126.67924301787463, 35.50954460513127], [126.67933595680827, 35.510317042886626], [126.67939110683255, 35.510607098895484], [126.67968035600538, 35.51115247233205], [126.67999322800318, 35.511573301958904], [126.68042897342748, 35.5119429204238], [126.68065161924902, 35.51216452079581], [126.68104583294858, 35.51255688004961], [126.68116108105067, 35.51272246460536], [126.68126291702133, 35.512931361039314], [126.68132839050332, 35.513123906461956], [126.6814396799991, 35.514289262397234], [126.68149567029904, 35.51520249222042], [126.68148538268134, 35.51529187021922], [126.68146515470887, 35.51538393977244], [126.68109846198307, 35.516813531635755], [126.6810584683463, 35.516875759774216], [126.68100859265695, 35.51692709845653], [126.68089969906582, 35.51696547927006], [126.6807795319979, 35.517061967842395], [126.67996476921884, 35.51789700482949], [126.679648393552, 35.5183323825907], [126.67790616253059, 35.52083661419918], [126.67786609016001, 35.52091509626684], [126.6778424028693, 35.52103966352094], [126.67786742938388, 35.521408200163364], [126.67793539244146, 35.52180668332524], [126.67859848588004, 35.52329594702513], [126.67882896599423, 35.52363793076211], [126.68002162550586, 35.52523698537601], [126.67932302811565, 35.53056294732807], [126.67912845481797, 35.53111169147891], [126.67678910831128, 35.53514320147122], [126.67462432202979, 35.537963592999354], [126.67411825923585, 35.53850868819083], [126.6736770213392, 35.538997374714846], [126.6735747121343, 35.53916337383713], [126.67356690475266, 35.5392939795697], [126.67365762346611, 35.540196776015584], [126.67371158515202, 35.54031865161873], [126.67392092121521, 35.54061611080864], [126.67405031769812, 35.540937105637], [126.67409308849986, 35.541133170094994], [126.67396776341839, 35.541595988902685], [126.67264543661129, 35.54460698074064], [126.66859727225467, 35.55377098519231], [126.66713474064605, 35.554323863829076], [126.66872255544605, 35.55527701811288], [126.6672115132591, 35.55705834116092], [126.6660620546912, 35.55929388214699], [126.66582865392782, 35.55983598786018], [126.66598712406565, 35.559942619036555], [126.6664631193668, 35.56012091357423], [126.66657877869936, 35.56009763335203], [126.66688215758093, 35.560098474218606], [126.66725756296032, 35.560146715511195], [126.66805118767785, 35.56037309116791], [126.66844001366667, 35.56066913777795], [126.66856906736058, 35.56090547395005], [126.66872581636142, 35.56142508100747], [126.66888078131248, 35.56238119572168], [126.66876360964424, 35.5627702433256], [126.66866193618606, 35.56289974921512], [126.66853162812421, 35.56297017303286], [126.6684876916589, 35.563111657483965], [126.66842864102385, 35.563418272001655], [126.66842800778701, 35.56357163022039], [126.66852062886213, 35.56576178816383], [126.66853429249934, 35.565950601400026], [126.66863479740181, 35.566104261263845], [126.66997430935918, 35.56709906450303], [126.67004636362833, 35.56714645700286], [126.67099883788042, 35.56740865399405], [126.67128769182253, 35.56743303559109], [126.67186511852856, 35.56755260779457], [126.67379936218583, 35.567982648681024], [126.67420508418455, 35.5681684755263], [126.6727939147241, 35.57054802028365], [126.67224789237173, 35.5713957400731], [126.67478575718252, 35.570985344647504], [126.67585340342166, 35.57134678036744], [126.67667158454648, 35.57202710859585], [126.67714862004212, 35.57209074971088], [126.68046444967298, 35.57247647839436], [126.68214353771191, 35.571937138576054], [126.68248861900881, 35.571769100358395], [126.68256629146441, 35.57172356467954], [126.68304979882086, 35.571393979096115], [126.68326135301521, 35.57124671328889], [126.68347095995993, 35.57104135367588], [126.68384292119897, 35.570605918021585], [126.68398558595165, 35.57045845856228], [126.68407630501373, 35.57037773125682], [126.68458568893428, 35.57003413817277], [126.68472594500868, 35.56994827705603], [126.68485097040589, 35.569906360980056], [126.68524745021325, 35.569805338653296], [126.68669309607807, 35.56948706994916], [126.68674907614675, 35.569483688726606], [126.69173695885083, 35.56941040291015], [126.69221684241224, 35.56944858834026], [126.69912136860687, 35.57166935781323], [126.69950180164068, 35.57185951936601], [126.699904226199, 35.5722770905586], [126.70058587330139, 35.57296607909079], [126.70146714734483, 35.57380733453652], [126.70215316103598, 35.574317819511386], [126.70235279534336, 35.5744581548965], [126.70243267322064, 35.57451191656925], [126.7044625884346, 35.57478768322723], [126.70484103846195, 35.57481242892748], [126.70524514616538, 35.574780682376534], [126.70584974759247, 35.57467208690998], [126.7063853116187, 35.57453056889449], [126.70880557554916, 35.57356055072434], [126.71152878176707, 35.57333803732743], [126.71353042697099, 35.57337852665525], [126.71384720632571, 35.573343590103086], [126.71817554738075, 35.57280412701174], [126.71850278572276, 35.57275838678026], [126.71902249833356, 35.57256778796197], [126.71925721933255, 35.572550891714414], [126.72097793800629, 35.57253747639821], [126.72115554623504, 35.572578598801485], [126.72141793778233, 35.57277682516596], [126.72169593133111, 35.57302897188287]]]]}}, {"type": "Feature", "properties": {"dong_cd": "5279041000", "dong_nm": "성내면", "sigungu_cd": "52790", "source": "admdongkor-ver20250701"}, "geometry": {"type": "MultiPolygon", "coordinates": [[[[126.76411001068864, 35.51858393090205], [126.76143070379844, 35.51714917096617], [126.76046933722373, 35.51649093351309], [126.7597653570254, 35.51567568368861], [126.75955739159133, 35.51542586504669], [126.75962514537714, 35.5142446169759], [126.75977401123794, 35.51278786538047], [126.76001054800302, 35.511076237180376], [126.76093336750819, 35.510458262939075], [126.76253456921023, 35.50947905567219], [126.76544649910095, 35.5091228892826], [126.76694177153253, 35.50916340344813], [126.76727526605342, 35.50919225702387], [126.7678507859083, 35.509061755263694], [126.76898740192755, 35.5087826484259], [126.76956345137522, 35.50854093376874], [126.77065840024821, 35.50738789514941], [126.77073748912261, 35.50629103312062], [126.77075870513836, 35.505996668005366], [126.76920858969372, 35.50355215385612], [126.76847223663542, 35.50282876914113], [126.7682380535405, 35.50054429966878], [126.76843997204335, 35.497328669327224], [126.7685567611066, 35.49579310895782], [126.76802942893738, 35.49497822938188], [126.76770950634352, 35.49459692954127], [126.76551406456531, 35.49338501512495], [126.7652736172927, 35.49327952378099], [126.76421392274946, 35.49305931307987], [126.76298003106066, 35.49291267104409], [126.76130301083451, 35.49354026701863], [126.75875414050834, 35.494562654810224], [126.75802637359331, 35.49468736217314], [126.75719980683543, 35.49468569181738], [126.75649452765197, 35.49466623083627], [126.75596572834786, 35.49460207399631], [126.75498599927764, 35.49423053211502], [126.75348912452992, 35.49358754614746], [126.75323628368588, 35.4933797410065], [126.75293947733228, 35.493135772235696], [126.75288487332831, 35.49297341568293], [126.75243347026058, 35.49282827971614], [126.75198187429217, 35.4927462380123], [126.74720779904786, 35.493412249010845], [126.74707710502611, 35.49343889583271], [126.74589549389013, 35.493679858453376], [126.74489137781818, 35.4940652945229], [126.744492591149, 35.49470437145917], [126.7447419273271, 35.49601179406251], [126.74493903470758, 35.496408777474485], [126.7465652342379, 35.49797147035084], [126.74926568999345, 35.50142912743117], [126.75029719531553, 35.502891375487636], [126.750439673519, 35.5031530540202], [126.74671205990023, 35.50731826406074], [126.74257065585508, 35.506345055723706], [126.73870564730282, 35.505146989978655], [126.73627289524, 35.5041772747516], [126.73503909547193, 35.50425192568845], [126.7349761559903, 35.50433126965344], [126.73488793923173, 35.50447723252456], [126.73409649003095, 35.505944662731295], [126.73227271342658, 35.5096738252219], [126.73200602767542, 35.51163473223093], [126.73199015577187, 35.51169622680036], [126.73093852823558, 35.51407841650017], [126.72859968461695, 35.51893967925114], [126.72851457298354, 35.51908565048894], [126.72817155637746, 35.519492538175626], [126.727982847719, 35.519679282728], [126.72793261757413, 35.51970225959443], [126.72786055251518, 35.51969696460587], [126.7276069385633, 35.51961305089524], [126.7269027988276, 35.519296074822144], [126.7264393366558, 35.51917322684032], [126.72515225716934, 35.51886681421664], [126.72486610978056, 35.51880108823664], [126.72271450443706, 35.51854067105951], [126.72189922813071, 35.51865731270469], [126.72168051824636, 35.51869934084226], [126.72139825333974, 35.51877587614391], [126.71813476428058, 35.51967215440546], [126.71343874950324, 35.521425419464386], [126.71424062011828, 35.523054235189456], [126.71559935492523, 35.52537967263593], [126.71564327954005, 35.52544900573344], [126.71663501982445, 35.526473220112], [126.71756212010571, 35.52705485188536], [126.71770177242101, 35.52710332910203], [126.7183940175309, 35.527506779346304], [126.71852606659161, 35.527624492704916], [126.71858455120761, 35.52773598408356], [126.71901143693998, 35.53077946454739], [126.71906657908069, 35.53188165497885], [126.7191068734377, 35.53441570919246], [126.71912775814899, 35.536006063110314], [126.71916898151709, 35.5391458670554], [126.71922981101362, 35.54068655389582], [126.71928191615433, 35.54200586381032], [126.71945033971961, 35.5444677991855], [126.71966290398419, 35.546974090089904], [126.72004154250102, 35.54981057148209], [126.72026349018684, 35.55096402289106], [126.72048600349038, 35.55212030309325], [126.7207125469242, 35.553025525239086], [126.72085331382779, 35.553484375030884], [126.72347777561652, 35.56132566496994], [126.72382007009423, 35.56216999825571], [126.72492152347166, 35.56487289172706], [126.72607941197955, 35.56770375378849], [126.72628166503682, 35.5683096814042], [126.72631086605277, 35.568398793222165], [126.7268235085979, 35.56996329298075], [126.72679971551447, 35.57018904433115], [126.7266992987237, 35.57038949123991], [126.72650673245577, 35.57061485759117], [126.72636824275267, 35.57073369661851], [126.72691948066011, 35.570834098976356], [126.72775741807948, 35.57096217838918], [126.73064816340441, 35.57080646787277], [126.73157644693806, 35.57031285371138], [126.73215856817974, 35.5700856215364], [126.73864502372578, 35.56769669205663], [126.73903904751889, 35.56759112094575], [126.73925543077375, 35.56744603881619], [126.74112042514307, 35.56767171055084], [126.74222811612441, 35.567993920219344], [126.7433740608785, 35.56836718493524], [126.74388660051972, 35.56869004972015], [126.74425534143047, 35.56895572374034], [126.74437488362551, 35.56909724155643], [126.74522102570829, 35.570168328224476], [126.74541689041668, 35.57045910589655], [126.74793757454775, 35.571053643727005], [126.74967574381743, 35.571098345980545], [126.75246379231889, 35.57216652164343], [126.75349950537714, 35.573376097937114], [126.75562419058197, 35.57367932944984], [126.7571990296575, 35.57357890139055], [126.75763535375009, 35.573140223276035], [126.75987341117062, 35.572130335021996], [126.76405062194834, 35.570509056340676], [126.76449943088066, 35.56807977780635], [126.76471734197541, 35.566572797640944], [126.76672533661139, 35.5638069534248], [126.76694729506163, 35.56368832977886], [126.76678621253092, 35.562773415944214], [126.76655789796293, 35.56195669390763], [126.76472587896885, 35.55891439959124], [126.76387231089413, 35.55838327007647], [126.76315914306552, 35.55811625249844], [126.76120816833546, 35.55603249146], [126.76092792336574, 35.555730930139354], [126.76210274606565, 35.5547889259702], [126.76216961914459, 35.55473610528167], [126.76220641150248, 35.55471366327528], [126.76224700275996, 35.554701683654514], [126.76231174745025, 35.55468738672549], [126.76247141550785, 35.55466623374307], [126.76266718041815, 35.554621811853885], [126.76276657252244, 35.55458479973166], [126.76288424841601, 35.55453110181033], [126.76298624979889, 35.55446334160309], [126.7645939791426, 35.55324408091375], [126.76608471459814, 35.549374805793654], [126.76610612856668, 35.549288532165924], [126.76605242625101, 35.54875876436888], [126.76603615624177, 35.548614980296044], [126.76599648188352, 35.548507509682835], [126.76576938423736, 35.54803538000744], [126.76566793203409, 35.547887256012245], [126.76494632264712, 35.54686918534104], [126.764792553994, 35.54671476110536], [126.76441271379386, 35.54636041613267], [126.764270785543, 35.54627292805332], [126.76406052522047, 35.54616297412011], [126.76375726713512, 35.546061731701855], [126.76365622563398, 35.54601235232876], [126.7623766828496, 35.54504938777597], [126.76220394625007, 35.54471287195203], [126.7620719933402, 35.5441124767877], [126.76140287406312, 35.53550816022071], [126.7612023095152, 35.532895715054174], [126.7612024082325, 35.532862690387084], [126.76122677418303, 35.532816509776076], [126.76456837365342, 35.529844049374475], [126.76460760178595, 35.52981117040802], [126.7651420971346, 35.529588075886636], [126.7653400561843, 35.52956312980246], [126.76540801611614, 35.52956711875929], [126.7661440507165, 35.529659925209046], [126.76631629072546, 35.52968227258125], [126.76692195085025, 35.52956919567875], [126.77254721065574, 35.525401361255355], [126.77307698449236, 35.52494693686514], [126.7737114275182, 35.524258119265006], [126.77373941056878, 35.52354802543205], [126.77284859455057, 35.522650963825356], [126.77049030543753, 35.52132332016227], [126.77042005798127, 35.521286205648025], [126.76971155181126, 35.52093980068098], [126.76646372499178, 35.519997623671884], [126.76411001068864, 35.51858393090205]]]]}}, {"type": "Feature", "properties": {"dong_cd": "5279042000", "dong_nm": "신림면", "sigungu_cd": "52790", "source": "admdongkor-ver20250701"}, "geometry": {"type": "MultiPolygon", "coordinates": [[[[126.73503909547193, 35.50425192568845], [126.73627289524, 35.5041772747516], [126.73870564730282, 35.505146989978655], [126.74257065585508, 35.506345055723706], [126.74671205990023, 35.50731826406074], [126.750439673519, 35.5031530540202], [126.75029719531553, 35.502891375487636], [126.74926568999345, 35.50142912743117], [126.7465652342379, 35.49797147035084], [126.74493903470758, 35.496408777474485], [126.7447419273271, 35.49601179406251], [126.744492591149, 35.49470437145917], [126.74489137781818, 35.4940652945229], [126.74589549389013, 35.493679858453376], [126.74707710502611, 35.49343889583271], [126.74720779904786, 35.493412249010845], [126.75198187429217, 35.4927462380123], [126.75243347026058, 35.49282827971614], [126.75288487332831, 35.49297341568293], [126.75293947733228, 35.493135772235696], [126.75323628368588, 35.4933797410065], [126.75348912452992, 35.49358754614746], [126.75498599927764, 35.49423053211502], [126.75596572834786, 35.49460207399631], [126.75649452765197, 35.49466623083627], [126.75719980683543, 35.49468569181738], [126.75802637359331, 35.49468736217314], [126.75875414050834, 35.494562654810224], [126.76130301083451, 35.49354026701863], [126.76298003106066, 35.49291267104409], [126.76421392274946, 35.49305931307987], [126.76515717297626, 35.49240299880813], [126.76527009417997, 35.4923090091003], [126.76536767690071, 35.492205139427945], [126.76544226376457, 35.49208358905297], [126.76549896959938, 35.49195219109907], [126.76583721434957, 35.490967430045266], [126.7658683111154, 35.490837922803], [126.76587902905052, 35.49067699090327], [126.76586156587457, 35.49051993413087], [126.76583884825396, 35.490407983615285], [126.76583935935129, 35.4902322963712], [126.76588379108024, 35.48991831669189], [126.7661539003652, 35.488591852023646], [126.76650694473793, 35.48691615065994], [126.76672722800551, 35.48598711303435], [126.76677377503381, 35.48582819651648], [126.76681243836885, 35.48573011851823], [126.76684331528566, 35.48567914755218], [126.7669049720689, 35.48559977504249], [126.76697169624182, 35.48554494546879], [126.76712049521956, 35.485431388748076], [126.76730004666418, 35.485308046349225], [126.76772057051377, 35.485058581317375], [126.76802304427326, 35.48491390866913], [126.76828969836933, 35.48476132880781], [126.76857437454956, 35.48457635409012], [126.76879240493301, 35.484423663201255], [126.7689232715555, 35.484310082104834], [126.76911065068573, 35.48412786711002], [126.76930321991739, 35.48392605617188], [126.76945730213161, 35.48375459762002], [126.76966546740745, 35.483470365289556], [126.7697915027438, 35.483256619663976], [126.76992558032256, 35.48291828234112], [126.77002115134785, 35.482620081404605], [126.77087717664654, 35.47680191996226], [126.77214525648057, 35.47293411633437], [126.77221141619542, 35.472839690631005], [126.77227802321569, 35.472593711099165], [126.77243193098046, 35.471939893458675], [126.77248153669952, 35.47172627788411], [126.77252664602044, 35.47131188283737], [126.77254942058588, 35.47102567053194], [126.77259339161623, 35.470409225013974], [126.77260303345945, 35.4699895758516], [126.77251960116996, 35.46837906838677], [126.7724103248446, 35.468183239354865], [126.7720287686098, 35.46776068298633], [126.77199244136895, 35.46772305890868], [126.7717823029997, 35.46750547988537], [126.77155948506027, 35.46734405810214], [126.77026477781956, 35.46654988533902], [126.76976083865117, 35.46635428731811], [126.76967851724234, 35.466331729452534], [126.76957219449643, 35.46633150983842], [126.76947916874136, 35.466333385800084], [126.7692898193337, 35.46638006044543], [126.76918391075662, 35.466406173892125], [126.76893133964495, 35.4664281007554], [126.76859910728734, 35.46642338209812], [126.76842461412114, 35.46641575695723], [126.76830676373947, 35.4664105866237], [126.76742980357746, 35.46635185425059], [126.76719860303234, 35.466335088444055], [126.7640497654522, 35.46604363841164], [126.76395416455388, 35.466018993114545], [126.76196622052169, 35.46504912018919], [126.7618388401982, 35.46498161732463], [126.76179009914324, 35.464946539879534], [126.76167704906415, 35.464865136289745], [126.76153119246605, 35.46475277749706], [126.75699746713782, 35.46100824768541], [126.75682518870535, 35.46085302382083], [126.75675628985728, 35.46078360260346], [126.75533504035504, 35.457948069420546], [126.75483641897306, 35.456742671739015], [126.75437264076935, 35.45553232602725], [126.75432234173572, 35.45537828293031], [126.7542910464022, 35.4553172804591], [126.75426686531883, 35.455270148747914], [126.75418471602956, 35.45519051683866], [126.74980867537319, 35.451358798460944], [126.74968101457961, 35.45125369663], [126.74950097293093, 35.45114624662451], [126.74787370633258, 35.45032792218097], [126.74778084355079, 35.450327726780884], [126.74768126907742, 35.450343509121254], [126.74759184260985, 35.45035769378716], [126.74472421640797, 35.45095163002075], [126.7446591642011, 35.450969246107555], [126.7445816188441, 35.451004500522025], [126.74396231295734, 35.451398046905524], [126.74347246448094, 35.45174698616715], [126.74321854026014, 35.45192787156526], [126.74311697532092, 35.451996813394224], [126.74303247437149, 35.452038970405276], [126.74287536200676, 35.45210870609215], [126.74268525662744, 35.45218017404691], [126.74232485781675, 35.452277724387216], [126.74211110529664, 35.452333070267], [126.74149494542696, 35.4524911818273], [126.74137151752656, 35.452511104514244], [126.74126215269571, 35.45251328442472], [126.74113938181249, 35.45249033301247], [126.74090804790498, 35.45232272600723], [126.73932949380348, 35.4506316349295], [126.73913001637271, 35.45041486438218], [126.73812702656105, 35.449119764134885], [126.73811794165826, 35.449033582916684], [126.73694156744476, 35.449774310302324], [126.73675959126734, 35.449877392533686], [126.73662327914282, 35.44993025368764], [126.73229724698759, 35.450843359767646], [126.73024949152664, 35.45115702462443], [126.72908417944771, 35.45126580575446], [126.72899342552944, 35.451262997280985], [126.72881844315484, 35.45121743544814], [126.72858526054179, 35.451118681915496], [126.72829148148945, 35.450956486401815], [126.72805845392476, 35.45081257010712], [126.72789774693402, 35.450619044615074], [126.72779644141976, 35.45047868508608], [126.72774612204175, 35.45040897492747], [126.72755923632182, 35.45017025581936], [126.72742031633726, 35.45001328402755], [126.7272359971539, 35.449861526043996], [126.72634763218895, 35.44915434704517], [126.72625056404028, 35.44909831133223], [126.72610160331668, 35.44904759623514], [126.72279532771819, 35.448179717351394], [126.7201767587374, 35.448611586324205], [126.72004502309099, 35.44864263023851], [126.71993323400783, 35.44867238370178], [126.71986317057488, 35.44870504133044], [126.71971371220295, 35.44879815261389], [126.71961191260125, 35.44886749956177], [126.7146463360005, 35.45256425487468], [126.71148962633497, 35.45502373960014], [126.71134666351409, 35.455140126305466], [126.71123923409655, 35.455209704244176], [126.71107626550489, 35.45531523569597], [126.71066252918637, 35.455499442602814], [126.71059361960944, 35.45551135988677], [126.7083094057149, 35.45573117058664], [126.70745155973133, 35.45571727051067], [126.70036743238349, 35.455503409736636], [126.6956045823388, 35.45551668878232], [126.69554582365755, 35.45555556303164], [126.6954796727911, 35.4555772864488], [126.692110063373, 35.456014313854844], [126.69198168257088, 35.45602597302302], [126.69173681662441, 35.45601404950133], [126.69165723054438, 35.45601016966547], [126.69068032224072, 35.45584867948626], [126.69047220089215, 35.45580018372832], [126.69029274991782, 35.45574421683854], [126.69009951224965, 35.45566439879985], [126.68966215154308, 35.45544569598324], [126.68927692457854, 35.4552484853495], [126.68904868491595, 35.45513551053863], [126.68895717041573, 35.45509929870221], [126.688854604288, 35.45507352212469], [126.68873364100541, 35.455049156422696], [126.68858518342383, 35.455041277231246], [126.68842833216547, 35.45503943385001], [126.688153223671, 35.45505530037653], [126.68790934578269, 35.45508018095991], [126.68785059336773, 35.455090466591194], [126.68769021138463, 35.455118546678534], [126.6876607251911, 35.4551349574799], [126.6876533601076, 35.455160451556345], [126.68763982187897, 35.45629191115512], [126.68719989762141, 35.46163586313073], [126.68718089855497, 35.461818867472324], [126.68699025755413, 35.46319250049293], [126.68697172392444, 35.463255463760426], [126.6869238099267, 35.46330933077658], [126.68629246377263, 35.463616109433104], [126.68620793658717, 35.46365193265219], [126.68612091462606, 35.46367808687974], [126.68592894048192, 35.46372024251246], [126.68580432696808, 35.46372892695571], [126.68345437217823, 35.463803256270104], [126.68319148580154, 35.46381150832326], [126.68310223359417, 35.463814298084536], [126.68301268474254, 35.46381111147394], [126.68273917654125, 35.46380137135731], [126.68225307977507, 35.46372817538497], [126.68210651619358, 35.463682699678074], [126.67940140849656, 35.46256682098385], [126.67731011752922, 35.46174563749075], [126.67717097232665, 35.46169425823039], [126.67700963674014, 35.461678858212444], [126.67689970764803, 35.46167548574328], [126.6745361120249, 35.4627434538059], [126.67405492458806, 35.46287531129002], [126.67221104927205, 35.46318445931586], [126.67026601617589, 35.463110011466135], [126.66962447444173, 35.46306724275162], [126.66375528300654, 35.46469811076045], [126.66436347327769, 35.46505149516451], [126.66792559891002, 35.46741828706831], [126.66812547114893, 35.46757476998889], [126.66815038029371, 35.46762413531624], [126.66947461878195, 35.47036738267271], [126.66955848095144, 35.47071236381979], [126.66962671693015, 35.47118449522531], [126.6696305183157, 35.47149453135677], [126.66965291216167, 35.47333857401235], [126.67077824961731, 35.47340493256975], [126.67447508905718, 35.47354766970339], [126.67498420815875, 35.47349911736798], [126.67673802425134, 35.47356424482623], [126.67683945831875, 35.47357452208804], [126.67707286842823, 35.47367085851888], [126.68074841957628, 35.47546797252834], [126.68076363553334, 35.475490627711395], [126.68093722372396, 35.4764800046465], [126.68093578730264, 35.47684156172597], [126.68065439140369, 35.477060721696496], [126.68049240685612, 35.477186871528794], [126.6804361371891, 35.47744282637787], [126.68035857584464, 35.47842184036481], [126.68037567395542, 35.47875331095983], [126.68071561752177, 35.481270066712476], [126.68108044502057, 35.482159858817234], [126.68308328178705, 35.485370043590535], [126.68496453761333, 35.48705988045159], [126.68633831491734, 35.488093512977024], [126.68674128734474, 35.4884151627256], [126.6869199162959, 35.488582736494706], [126.68697367671105, 35.488702193844865], [126.68702271501064, 35.48892973336345], [126.68703870948669, 35.48909343312344], [126.68700454931515, 35.48929110691697], [126.68663374746022, 35.491431539251884], [126.68660401519037, 35.4915678202089], [126.68657027976073, 35.49165640982349], [126.6864532264312, 35.49182907380939], [126.68629414306535, 35.49201288253364], [126.68593421983753, 35.492461060514934], [126.68569132987373, 35.49277074001772], [126.68565335198608, 35.49284509356481], [126.68565296490695, 35.49294397929162], [126.68600461441112, 35.493483234960586], [126.68607928933176, 35.49358230066139], [126.68700445328662, 35.49437849151882], [126.68792156248128, 35.49516057983715], [126.68836543921832, 35.495512437439174], [126.68847759416839, 35.49563556970648], [126.68851481260745, 35.49570381634661], [126.68862601885661, 35.49644019009907], [126.68507294130016, 35.495980811065024], [126.68489513689326, 35.49593275716096], [126.6843038815934, 35.49575733970415], [126.68439363070618, 35.495888642776215], [126.68512536401292, 35.49682672140632], [126.68558205445127, 35.497403172314925], [126.68571738056703, 35.49756645033886], [126.68680852943595, 35.498591774713105], [126.68793332226853, 35.499450714283675], [126.68798172483413, 35.499483520739375], [126.68804083664355, 35.499520064415215], [126.6882194156308, 35.4995923748457], [126.6886999974073, 35.499749380364925], [126.689228276371, 35.500002627281354], [126.68972121795468, 35.50023924546293], [126.69244667631, 35.5022288745921], [126.6935678085263, 35.503409679510966], [126.69543681597318, 35.50462629642079], [126.69969436447434, 35.50725647884956], [126.70008685412598, 35.50709910407013], [126.70008888708418, 35.507027871790925], [126.7000355840143, 35.506785780641444], [126.69983062230271, 35.50621205686491], [126.69941689059115, 35.50519042656777], [126.69926840257791, 35.50437743682754], [126.69926259420905, 35.50431264069066], [126.70560700563657, 35.502905311241506], [126.71098294661968, 35.50225349719304], [126.71209662620335, 35.503771947606694], [126.71760238044479, 35.50330529927007], [126.72413522619132, 35.502741303759436], [126.72455789560472, 35.50162465332255], [126.72552984155078, 35.50103203294624], [126.72765964028846, 35.50027076937204], [126.73147023936569, 35.49999245774757], [126.73297355322171, 35.50053855164039], [126.73364130130932, 35.501270374887774], [126.7338255702686, 35.50344877610708], [126.73404718118572, 35.50398399443134], [126.73434947011715, 35.504258543803374], [126.73503909547193, 35.50425192568845]]]]}}, {"type": "Feature", "properties": {"dong_cd": "5279043000", "dong_nm": "부안면", "sigungu_cd": "52790", "source": "admdongkor-ver20250701"}, "geometry": {"type": "MultiPolygon", "coordinates": [[[[126.58931161942286, 35.57198784475626], [126.58952261395983, 35.57194790992928], [126.58959703494693, 35.57196885678438], [126.58966959558474, 35.571939452910755], [126.58977560465875, 35.571892425116836], [126.58985609659314, 35.57183100673025], [126.58990992619142, 35.571775662278924], [126.59004394408822, 35.57156051473823], [126.59007599578231, 35.57147511975336], [126.59008040793715, 35.571376054911774], [126.59007747264286, 35.571348033792965], [126.58970619468373, 35.57086178554555], [126.5896485052174, 35.57083081826791], [126.58823141950701, 35.57015060073407], [126.58803826441408, 35.57014360274718], [126.58770210669572, 35.57037430596647], [126.58755231820518, 35.5704973030172], [126.58746657807902, 35.571030325626715], [126.58732583188494, 35.57204614937108], [126.58737093727044, 35.573551627745786], [126.58738445204354, 35.573681876382764], [126.58759306554437, 35.573715748996825], [126.58765023473512, 35.57358628695147], [126.58778886014515, 35.573236055448504], [126.58796167646688, 35.572676878350556], [126.58809598190071, 35.572544454489005], [126.58821557396435, 35.57245236501587], [126.58834484743102, 35.57238266828059], [126.58871561609762, 35.57221921102171], [126.58895433701807, 35.5721182017837], [126.58931161942286, 35.57198784475626]]], [[[126.66713474064605, 35.554323863829076], [126.66859727225467, 35.55377098519231], [126.67264543661129, 35.54460698074064], [126.67396776341839, 35.541595988902685], [126.67409308849986, 35.541133170094994], [126.67405031769812, 35.540937105637], [126.67392092121521, 35.54061611080864], [126.67371158515202, 35.54031865161873], [126.67365762346611, 35.540196776015584], [126.67356690475266, 35.5392939795697], [126.6735747121343, 35.53916337383713], [126.6736770213392, 35.538997374714846], [126.67411825923585, 35.53850868819083], [126.67462432202979, 35.537963592999354], [126.67678910831128, 35.53514320147122], [126.67912845481797, 35.53111169147891], [126.67932302811565, 35.53056294732807], [126.68002162550586, 35.52523698537601], [126.67882896599423, 35.52363793076211], [126.67859848588004, 35.52329594702513], [126.67793539244146, 35.52180668332524], [126.67786742938388, 35.521408200163364], [126.6778424028693, 35.52103966352094], [126.67786609016001, 35.52091509626684], [126.67790616253059, 35.52083661419918], [126.679648393552, 35.5183323825907], [126.67996476921884, 35.51789700482949], [126.6807795319979, 35.517061967842395], [126.68089969906582, 35.51696547927006], [126.68100859265695, 35.51692709845653], [126.6810584683463, 35.516875759774216], [126.68109846198307, 35.516813531635755], [126.68146515470887, 35.51538393977244], [126.68148538268134, 35.51529187021922], [126.68149567029904, 35.51520249222042], [126.6814396799991, 35.514289262397234], [126.68132839050332, 35.513123906461956], [126.68126291702133, 35.512931361039314], [126.68116108105067, 35.51272246460536], [126.68104583294858, 35.51255688004961], [126.68065161924902, 35.51216452079581], [126.68042897342748, 35.5119429204238], [126.67999322800318, 35.511573301958904], [126.67968035600538, 35.51115247233205], [126.67939110683255, 35.510607098895484], [126.67933595680827, 35.510317042886626], [126.67924301787463, 35.50954460513127], [126.67918977686367, 35.508777683063386], [126.67918813662757, 35.50875010432608], [126.67913082532637, 35.50778588868177], [126.67919932186246, 35.506388001535115], [126.67924559922535, 35.505580730729214], [126.67926534888515, 35.5047842098869], [126.6792097715468, 35.50459982900675], [126.6787950675435, 35.50396741521132], [126.6786962881259, 35.50382897962813], [126.67824180794109, 35.50320189048376], [126.6779312753686, 35.50287879786178], [126.67784928568148, 35.50254771736448], [126.67780854377806, 35.502285060155685], [126.67779714418344, 35.50202581543695], [126.6778067227563, 35.501725791897755], [126.6778496425329, 35.50141216351386], [126.67791293328862, 35.501103753740885], [126.6779593768897, 35.500953884213175], [126.67810629170806, 35.50070868633395], [126.67819667407844, 35.50059842838343], [126.67985074727633, 35.49873408693376], [126.6825432199719, 35.49579650333125], [126.68257250777289, 35.495776120023976], [126.68272675515999, 35.495759493710985], [126.68376767194644, 35.49571122719881], [126.68398315958422, 35.49570530487773], [126.6843038815934, 35.49575733970415], [126.68489513689326, 35.49593275716096], [126.68507294130016, 35.495980811065024], [126.68862601885661, 35.49644019009907], [126.68851481260745, 35.49570381634661], [126.68847759416839, 35.49563556970648], [126.68836543921832, 35.495512437439174], [126.68792156248128, 35.49516057983715], [126.68700445328662, 35.49437849151882], [126.68607928933176, 35.49358230066139], [126.68600461441112, 35.493483234960586], [126.68565296490695, 35.49294397929162], [126.68565335198608, 35.49284509356481], [126.68569132987373, 35.49277074001772], [126.68593421983753, 35.492461060514934], [126.68629414306535, 35.49201288253364], [126.6864532264312, 35.49182907380939], [126.68657027976073, 35.49165640982349], [126.68660401519037, 35.4915678202089], [126.68663374746022, 35.491431539251884], [126.68700454931515, 35.48929110691697], [126.68703870948669, 35.48909343312344], [126.68702271501064, 35.48892973336345], [126.68697367671105, 35.488702193844865], [126.6869199162959, 35.488582736494706], [126.68674128734474, 35.4884151627256], [126.68633831491734, 35.488093512977024], [126.68496453761333, 35.48705988045159], [126.68308328178705, 35.485370043590535], [126.68108044502057, 35.482159858817234], [126.68071561752177, 35.481270066712476], [126.68037567395542, 35.47875331095983], [126.68035857584464, 35.47842184036481], [126.6804361371891, 35.47744282637787], [126.68049240685612, 35.477186871528794], [126.68065439140369, 35.477060721696496], [126.68093578730264, 35.47684156172597], [126.68093722372396, 35.4764800046465], [126.68076363553334, 35.475490627711395], [126.68074841957628, 35.47546797252834], [126.67707286842823, 35.47367085851888], [126.67683945831875, 35.47357452208804], [126.67673802425134, 35.47356424482623], [126.67498420815875, 35.47349911736798], [126.67447508905718, 35.47354766970339], [126.67077824961731, 35.47340493256975], [126.66965291216167, 35.47333857401235], [126.66962212071532, 35.473510828295765], [126.6695816597191, 35.47359697140713], [126.66935981273757, 35.473904062413816], [126.66857419434807, 35.474902246109686], [126.66810343352076, 35.475264445559944], [126.66793761054365, 35.47537070416445], [126.66703480224844, 35.478209196128326], [126.66702870566952, 35.47837907197566], [126.66657098285056, 35.48061185923391], [126.66608595821116, 35.48166486466235], [126.66387594157399, 35.48551644982208], [126.66353048693122, 35.48601461281089], [126.66337714015506, 35.48610809747761], [126.66049307525833, 35.48766762137724], [126.66009610409854, 35.48785749052063], [126.65968027661441, 35.487972583901666], [126.65961726534177, 35.487982051378935], [126.65951159636201, 35.487997946123976], [126.65915516557365, 35.488051561969144], [126.65864091184292, 35.48817088246413], [126.65840190947638, 35.48824130989768], [126.6582392333393, 35.48832521687754], [126.65816773881598, 35.48842344038824], [126.65704016051055, 35.49025626260744], [126.65700034465004, 35.49060043753378], [126.65695921158031, 35.49130486741377], [126.65692023551279, 35.49147474242358], [126.65675389061663, 35.492028750481616], [126.65663821579417, 35.49227753089434], [126.65263117699492, 35.49744145153152], [126.65249950329178, 35.49756185371391], [126.65172369708199, 35.49802278977213], [126.65086924115226, 35.49842272598004], [126.65056258798565, 35.49853360290383], [126.64851280693965, 35.499264704816206], [126.64837605178373, 35.49928665286849], [126.64794687801037, 35.499283684875934], [126.647743912249, 35.49927327459647], [126.64754276659919, 35.49924869949838], [126.64504143030803, 35.49839854849282], [126.64462048898812, 35.49823280405992], [126.64399287924354, 35.497970197056226], [126.64265215006077, 35.49729565514097], [126.64151042172873, 35.49668495830833], [126.64143522675545, 35.49661957301355], [126.64140309023362, 35.496535843742194], [126.64145651027175, 35.49584975637839], [126.6414357115516, 35.49579480418178], [126.64137314410291, 35.49573630614243], [126.6402158329781, 35.495191788995825], [126.63623059605597, 35.49366841316161], [126.63601086088273, 35.493590330591], [126.63597598256189, 35.49358095265862], [126.63585587571782, 35.49354866144553], [126.63455530603935, 35.494208166490154], [126.63198948387367, 35.49563971107164], [126.62974034974323, 35.49699447807713], [126.629021189436, 35.49747941053554], [126.62414270571013, 35.50028740089509], [126.62239134474241, 35.50064215208525], [126.6222502034541, 35.50070461119786], [126.6216071842313, 35.501315395980185], [126.62138837014894, 35.501555608371994], [126.62129129580583, 35.501759627388275], [126.62122568871929, 35.50211562871186], [126.6211922296847, 35.50240879032979], [126.62130633697502, 35.50266061032544], [126.62148301276133, 35.50303060412152], [126.62172491821306, 35.503780864308055], [126.62170658279572, 35.504943622396326], [126.62169046245664, 35.50503847864964], [126.62163095922111, 35.50515725946514], [126.62152422280197, 35.50532412487156], [126.62143988464226, 35.50542928858738], [126.62136214264847, 35.50550587701334], [126.61931631201357, 35.50682262443484], [126.61924146066754, 35.50686906479954], [126.61911233854367, 35.506897277236156], [126.61867765198834, 35.5069799576995], [126.61832083574144, 35.50701418302669], [126.61803972243818, 35.50703980829857], [126.61687255046402, 35.50695514192503], [126.61676852634443, 35.506936739003145], [126.61666726448112, 35.50691833457869], [126.61648779443237, 35.506880116459826], [126.61622174922564, 35.50680790973685], [126.61525868735274, 35.506433462014996], [126.61501696120904, 35.506330353504296], [126.61222010171487, 35.50616456934626], [126.61071516702827, 35.50681989988455], [126.61001955436075, 35.50707346203673], [126.60776294099597, 35.50787980577791], [126.60706331107848, 35.508126748091065], [126.60652950862672, 35.50830985373304], [126.6062060660188, 35.50840782653041], [126.60587462171944, 35.50848926812819], [126.60562406715282, 35.508541261660916], [126.60478774231028, 35.508672195587145], [126.60466435332513, 35.50868518302726], [126.60407279432354, 35.508747417139936], [126.60362455576083, 35.50877070166406], [126.60332182826936, 35.50875980428408], [126.60303936557978, 35.50873081771183], [126.60287809794985, 35.50868736442713], [126.6026645569319, 35.50860083253358], [126.60255574734619, 35.50856250529289], [126.60189818067249, 35.50846460192777], [126.60152696298053, 35.50842541265597], [126.6012038660661, 35.50844746167126], [126.6008562690728, 35.50853046866612], [126.60040737250915, 35.508687422173146], [126.59846579012344, 35.5094385201081], [126.59816235279116, 35.50956954739663], [126.5980000874253, 35.50972414512137], [126.59771117541031, 35.5100796922983], [126.59759594019465, 35.51026492340623], [126.59599793177966, 35.51324940275874], [126.5959557303729, 35.51337678624416], [126.59593075768095, 35.513518392227574], [126.59589493926592, 35.513754908208696], [126.59593453244004, 35.514148970488264], [126.59598163324772, 35.51442542621358], [126.59603583067792, 35.514669325822396], [126.5962909380849, 35.51530484103401], [126.59642775958565, 35.51565387913714], [126.59692227748185, 35.51651424676882], [126.59763344053043, 35.51769697558503], [126.59803659868642, 35.51836599813435], [126.59824974894354, 35.51862133219716], [126.59892390714974, 35.519474689772764], [126.59909564774024, 35.51975066956269], [126.59919248041108, 35.520035951717794], [126.59927046242449, 35.520349882061076], [126.59934960226387, 35.52418293290632], [126.59926208250954, 35.52484437640654], [126.59922385107078, 35.52500682234172], [126.59824973323607, 35.527044271931466], [126.59772878031588, 35.52800141825489], [126.59771259394637, 35.52802756701425], [126.59601893669146, 35.52981857846307], [126.59479824444607, 35.53130078483323], [126.59418755049049, 35.532109439037114], [126.59401892559139, 35.53273942903083], [126.5939031613406, 35.53381999131551], [126.5938992887358, 35.53458565854247], [126.59395262654176, 35.534946156650655], [126.59398764137435, 35.535124243175034], [126.59535107713519, 35.53614163352849], [126.60260029398992, 35.54252474247141], [126.60231538145912, 35.54300533932113], [126.6019184440529, 35.54405841132797], [126.6022765703845, 35.546127894702366], [126.60467322817861, 35.54887915876099], [126.60549998653214, 35.54982818771371], [126.60631202886785, 35.550712603192615], [126.607097955464, 35.55103674863366], [126.60812436349588, 35.55130620553464], [126.6083093874326, 35.55136500760554], [126.61015844930684, 35.55444668796985], [126.61045702987735, 35.554961712580166], [126.61214521575847, 35.55618029532982], [126.61270468962509, 35.556397490763686], [126.61496743238337, 35.55610328297803], [126.61604154176912, 35.55666782949917], [126.61641184514833, 35.55689245842939], [126.61657567890782, 35.55713248982027], [126.61675489258616, 35.55767118724532], [126.61728544467348, 35.56019957991224], [126.61742331324317, 35.56146925297198], [126.6175139066665, 35.562303553527215], [126.61710236147724, 35.563240721646274], [126.61693612456953, 35.56411663105487], [126.61666103812752, 35.56625288021016], [126.61668103717908, 35.567411933468364], [126.61704051065, 35.56953028976581], [126.61724709631123, 35.569870948687615], [126.61777657968344, 35.56997248613761], [126.6183141704752, 35.569942836541486], [126.61868403912344, 35.56960577043962], [126.61869876905533, 35.56945704429969], [126.62408222734332, 35.56848775594859], [126.62481743692165, 35.56898756406706], [126.62577775493614, 35.57100032011089], [126.62757590077477, 35.57180637860342], [126.62802117234217, 35.57196706014008], [126.62943887947515, 35.57217828832087], [126.63148466636028, 35.57252263913209], [126.63193712074292, 35.57269949169172], [126.63283911967322, 35.57382527724461], [126.63322085917909, 35.57436664447498], [126.63321931361021, 35.57470371477685], [126.63370403884038, 35.574969656030945], [126.63411415610783, 35.57492310358854], [126.63519394305236, 35.5742788976222], [126.63559255040907, 35.57365870503068], [126.63569890956065, 35.57302546296825], [126.6360581869318, 35.57200355691487], [126.6361062904522, 35.57192572444035], [126.63798029071528, 35.57178734974964], [126.64131985785052, 35.57154070726501], [126.64321417104631, 35.571292649840665], [126.64744307547075, 35.56991155542103], [126.64789777070264, 35.56966597824291], [126.64939826561783, 35.568058375273466], [126.65244091495028, 35.56467566039403], [126.65496344630519, 35.563826764587944], [126.6574579796224, 35.56331650763594], [126.65791896447733, 35.56270140442319], [126.65810930277732, 35.56232767349563], [126.65844006323289, 35.56063344699481], [126.66062645888978, 35.55850701551793], [126.66461145453134, 35.55490530583976], [126.66586091959215, 35.55434861018259], [126.6668885776616, 35.554141856921966], [126.66713474064605, 35.554323863829076]]]]}}]}