{"type": "FeatureCollection", "features": [{"type": "Feature", "geometry": {"type": "Polygon", "coordinates": [[[126.43146, 35.42604], [126.43134, 35.43505], [126.44235, 35.43515], [126.44247, 35.42613], [126.43146, 35.42604]]]}, "properties": {"grid_id": "다마0315", "region_type_cd": "RURAL", "households": 6, "buildings": 11, "avg_score": 23.6, "risk_level_cd": "ok"}}, {"type": "Feature", "geometry": {"type": "Polygon", "coordinates": [[[126.43134, 35.43505], [126.43122, 35.44407], [126.44224, 35.44417], [126.44235, 35.43515], [126.43134, 35.43505]]]}, "properties": {"grid_id": "다마0316", "region_type_cd": "RURAL", "households": 15, "buildings": 21, "avg_score": 21.4, "risk_level_cd": "ok"}}, {"type": "Feature", "geometry": {"type": "Polygon", "coordinates": [[[126.43122, 35.44407], [126.4311, 35.45308], [126.44212, 35.45318], [126.44224, 35.44417], [126.43122, 35.44407]]]}, "properties": {"grid_id": "다마0317", "region_type_cd": "RURAL", "households": 21, "buildings": 23, "avg_score": 19.3, "risk_level_cd": "ok"}}, {"type": "Feature", "geometry": {"type": "Polygon", "coordinates": [[[126.44247, 35.42613], [126.44235, 35.43515], [126.45337, 35.43525], [126.45349, 35.42623], [126.44247, 35.42613]]]}, "properties": {"grid_id": "다마0415", "region_type_cd": "RURAL", "households": 5, "buildings": 8, "avg_score": 25.2, "risk_level_cd": "ok"}}, {"type": "Feature", "geometry": {"type": "Polygon", "coordinates": [[[126.44235, 35.43515], [126.44224, 35.44417], [126.45325, 35.44426], [126.45337, 35.43525], [126.44235, 35.43515]]]}, "properties": {"grid_id": "다마0416", "region_type_cd": "RURAL", "households": 18, "buildings": 32, "avg_score": 21.7, "risk_level_cd": "ok"}}, {"type": "Feature", "geometry": {"type": "Polygon", "coordinates": [[[126.44224, 35.44417], [126.44212, 35.45318], [126.45314, 35.45328], [126.45325, 35.44426], [126.44224, 35.44417]]]}, "properties": {"grid_id": "다마0417", "region_type_cd": "RURAL", "households": 19, "buildings": 36, "avg_score": 21.2, "risk_level_cd": "ok"}}, {"type": "Feature", "geometry": {"type": "Polygon", "coordinates": [[[126.442, 35.4622], [126.44188, 35.47121], [126.4529, 35.47131], [126.45302, 35.46229], [126.442, 35.4622]]]}, "properties": {"grid_id": "다마0419", "region_type_cd": "RURAL", "households": 5, "buildings": 1, "avg_score": 23.4, "risk_level_cd": "ok"}}, {"type": "Feature", "geometry": {"type": "Polygon", "coordinates": [[[126.45349, 35.42623], [126.45337, 35.43525], [126.46439, 35.43534], [126.4645, 35.42633], [126.45349, 35.42623]]]}, "properties": {"grid_id": "다마0515", "region_type_cd": "RURAL", "households": 14, "buildings": 8, "avg_score": 22.5, "risk_level_cd": "ok"}}, {"type": "Feature", "geometry": {"type": "Polygon", "coordinates": [[[126.45337, 35.43525], [126.45325, 35.44426], [126.46427, 35.44436], [126.46439, 35.43534], [126.45337, 35.43525]]]}, "properties": {"grid_id": "다마0516", "region_type_cd": "RURAL", "households": 25, "buildings": 44, "avg_score": 19.9, "risk_level_cd": "ok"}}, {"type": "Feature", "geometry": {"type": "Polygon", "coordinates": [[[126.45325, 35.44426], [126.45314, 35.45328], [126.46415, 35.45337], [126.46427, 35.44436], [126.45325, 35.44426]]]}, "properties": {"grid_id": "다마0517", "region_type_cd": "RURAL", "households": 17, "buildings": 20, "avg_score": 22.2, "risk_level_cd": "ok"}}, {"type": "Feature", "geometry": {"type": "Polygon", "coordinates": [[[126.45314, 35.45328], [126.45302, 35.46229], [126.46404, 35.46239], [126.46415, 35.45337], [126.45314, 35.45328]]]}, "properties": {"grid_id": "다마0518", "region_type_cd": "RURAL", "households": 12, "buildings": 21, "avg_score": 22.4, "risk_level_cd": "ok"}}, {"type": "Feature", "geometry": {"type": "Polygon", "coordinates": [[[126.45302, 35.46229], [126.4529, 35.47131], [126.46392, 35.4714], [126.46404, 35.46239], [126.45302, 35.46229]]]}, "properties": {"grid_id": "다마0519", "region_type_cd": "RURAL", "households": 10, "buildings": 24, "avg_score": 21.0, "risk_level_cd": "ok"}}, {"type": "Feature", "geometry": {"type": "Polygon", "coordinates": [[[126.4529, 35.47131], [126.45279, 35.48032], [126.46381, 35.48042], [126.46392, 35.4714], [126.4529, 35.47131]]]}, "properties": {"grid_id": "다마0520", "region_type_cd": "RURAL", "households": 9, "buildings": 8, "avg_score": 20.5, "risk_level_cd": "ok"}}, {"type": "Feature", "geometry": {"type": "Polygon", "coordinates": [[[126.4645, 35.42633], [126.46439, 35.43534], [126.4754, 35.43543], [126.47552, 35.42642], [126.4645, 35.42633]]]}, "properties": {"grid_id": "다마0615", "region_type_cd": "RURAL", "households": 5, "buildings": 4, "avg_score": 24.1, "risk_level_cd": "ok"}}, {"type": "Feature", "geometry": {"type": "Polygon", "coordinates": [[[126.46439, 35.43534], [126.46427, 35.44436], [126.47529, 35.44445], [126.4754, 35.43543], [126.46439, 35.43534]]]}, "properties": {"grid_id": "다마0616", "region_type_cd": "RURAL", "households": 18, "buildings": 28, "avg_score": 20.6, "risk_level_cd": "ok"}}, {"type": "Feature", "geometry": {"type": "Polygon", "coordinates": [[[126.46427, 35.44436], [126.46415, 35.45337], [126.47517, 35.45347], [126.47529, 35.44445], [126.46427, 35.44436]]]}, "properties": {"grid_id": "다마0617", "region_type_cd": "RURAL", "households": 9, "buildings": 10, "avg_score": 22.2, "risk_level_cd": "ok"}}, {"type": "Feature", "geometry": {"type": "Polygon", "coordinates": [[[126.46415, 35.45337], [126.46404, 35.46239], [126.47506, 35.46248], [126.47517, 35.45347], [126.46415, 35.45337]]]}, "properties": {"grid_id": "다마0618", "region_type_cd": "RURAL", "households": 14, "buildings": 28, "avg_score": 24.4, "risk_level_cd": "ok"}}, {"type": "Feature", "geometry": {"type": "Polygon", "coordinates": [[[126.46404, 35.46239], [126.46392, 35.4714], [126.47494, 35.4715], [126.47506, 35.46248], [126.46404, 35.46239]]]}, "properties": {"grid_id": "다마0619", "region_type_cd": "RURAL", "households": 11, "buildings": 32, "avg_score": 23.1, "risk_level_cd": "ok"}}, {"type": "Feature", "geometry": {"type": "Polygon", "coordinates": [[[126.46392, 35.4714], [126.46381, 35.48042], [126.47483, 35.48051], [126.47494, 35.4715], [126.46392, 35.4714]]]}, "properties": {"grid_id": "다마0620", "region_type_cd": "RURAL", "households": 12, "buildings": 29, "avg_score": 24.0, "risk_level_cd": "ok"}}, {"type": "Feature", "geometry": {"type": "Polygon", "coordinates": [[[126.46381, 35.48042], [126.46369, 35.48943], [126.47471, 35.48953], [126.47483, 35.48051], [126.46381, 35.48042]]]}, "properties": {"grid_id": "다마0621", "region_type_cd": "RURAL", "households": 9, "buildings": 13, "avg_score": 23.2, "risk_level_cd": "ok"}}, {"type": "Feature", "geometry": {"type": "Polygon", "coordinates": [[[126.46369, 35.48943], [126.46358, 35.49845], [126.4746, 35.49854], [126.47471, 35.48953], [126.46369, 35.48943]]]}, "properties": {"grid_id": "다마0622", "region_type_cd": "RURAL", "households": 16, "buildings": 31, "avg_score": 19.5, "risk_level_cd": "ok"}}, {"type": "Feature", "geometry": {"type": "Polygon", "coordinates": [[[126.46358, 35.49845], [126.46346, 35.50746], [126.47449, 35.50756], [126.4746, 35.49854], [126.46358, 35.49845]]]}, "properties": {"grid_id": "다마0623", "region_type_cd": "RURAL", "households": 8, "buildings": 4, "avg_score": 22.6, "risk_level_cd": "ok"}}, {"type": "Feature", "geometry": {"type": "Polygon", "coordinates": [[[126.47563, 35.4174], [126.47552, 35.42642], [126.48653, 35.42651], [126.48664, 35.4175], [126.47563, 35.4174]]]}, "properties": {"grid_id": "다마0714", "region_type_cd": "RURAL", "households": 27, "buildings": 16, "avg_score": 17.2, "risk_level_cd": "ok"}}, {"type": "Feature", "geometry": {"type": "Polygon", "coordinates": [[[126.47552, 35.42642], [126.4754, 35.43543], [126.48642, 35.43553], [126.48653, 35.42651], [126.47552, 35.42642]]]}, "properties": {"grid_id": "다마0715", "region_type_cd": "RURAL", "households": 17, "buildings": 11, "avg_score": 21.9, "risk_level_cd": "ok"}}, {"type": "Feature", "geometry": {"type": "Polygon", "coordinates": [[[126.4754, 35.43543], [126.47529, 35.44445], [126.4863, 35.44454], [126.48642, 35.43553], [126.4754, 35.43543]]]}, "properties": {"grid_id": "다마0716", "region_type_cd": "RURAL", "households": 27, "buildings": 23, "avg_score": 18.9, "risk_level_cd": "ok"}}, {"type": "Feature", "geometry": {"type": "Polygon", "coordinates": [[[126.47529, 35.44445], [126.47517, 35.45347], [126.48619, 35.45356], [126.4863, 35.44454], [126.47529, 35.44445]]]}, "properties": {"grid_id": "다마0717", "region_type_cd": "RURAL", "households": 10, "buildings": 15, "avg_score": 23.5, "risk_level_cd": "ok"}}, {"type": "Feature", "geometry": {"type": "Polygon", "coordinates": [[[126.47517, 35.45347], [126.47506, 35.46248], [126.48608, 35.46257], [126.48619, 35.45356], [126.47517, 35.45347]]]}, "properties": {"grid_id": "다마0718", "region_type_cd": "RURAL", "households": 14, "buildings": 21, "avg_score": 23.7, "risk_level_cd": "ok"}}, {"type": "Feature", "geometry": {"type": "Polygon", "coordinates": [[[126.47506, 35.46248], [126.47494, 35.4715], [126.48596, 35.47159], [126.48608, 35.46257], [126.47506, 35.46248]]]}, "properties": {"grid_id": "다마0719", "region_type_cd": "RURAL", "households": 16, "buildings": 31, "avg_score": 25.1, "risk_level_cd": "ok"}}, {"type": "Feature", "geometry": {"type": "Polygon", "coordinates": [[[126.47494, 35.4715], [126.47483, 35.48051], [126.48585, 35.4806], [126.48596, 35.47159], [126.47494, 35.4715]]]}, "properties": {"grid_id": "다마0720", "region_type_cd": "RURAL", "households": 5, "buildings": 15, "avg_score": 27.3, "risk_level_cd": "ok"}}, {"type": "Feature", "geometry": {"type": "Polygon", "coordinates": [[[126.47483, 35.48051], [126.47471, 35.48953], [126.48574, 35.48962], [126.48585, 35.4806], [126.47483, 35.48051]]]}, "properties": {"grid_id": "다마0721", "region_type_cd": "RURAL", "households": 16, "buildings": 25, "avg_score": 23.2, "risk_level_cd": "ok"}}, {"type": "Feature", "geometry": {"type": "Polygon", "coordinates": [[[126.47471, 35.48953], [126.4746, 35.49854], [126.48562, 35.49864], [126.48574, 35.48962], [126.47471, 35.48953]]]}, "properties": {"grid_id": "다마0722", "region_type_cd": "RURAL", "households": 16, "buildings": 37, "avg_score": 19.6, "risk_level_cd": "ok"}}, {"type": "Feature", "geometry": {"type": "Polygon", "coordinates": [[[126.4746, 35.49854], [126.47449, 35.50756], [126.48551, 35.50765], [126.48562, 35.49864], [126.4746, 35.49854]]]}, "properties": {"grid_id": "다마0723", "region_type_cd": "RURAL", "households": 13, "buildings": 5, "avg_score": 26.0, "risk_level_cd": "ok"}}, {"type": "Feature", "geometry": {"type": "Polygon", "coordinates": [[[126.47449, 35.50756], [126.47437, 35.51657], [126.4854, 35.51667], [126.48551, 35.50765], [126.47449, 35.50756]]]}, "properties": {"grid_id": "다마0724", "region_type_cd": "RURAL", "households": 10, "buildings": 5, "avg_score": 21.3, "risk_level_cd": "ok"}}, {"type": "Feature", "geometry": {"type": "Polygon", "coordinates": [[[126.47437, 35.51657], [126.47426, 35.52559], [126.48528, 35.52568], [126.4854, 35.51667], [126.47437, 35.51657]]]}, "properties": {"grid_id": "다마0725", "region_type_cd": "RURAL", "households": 11, "buildings": 5, "avg_score": 20.6, "risk_level_cd": "ok"}}, {"type": "Feature", "geometry": {"type": "Polygon", "coordinates": [[[126.48732, 35.3634], [126.48721, 35.37242], [126.49821, 35.37251], [126.49832, 35.3635], [126.48732, 35.3634]]]}, "properties": {"grid_id": "다마0808", "region_type_cd": "RURAL", "households": 10, "buildings": 2, "avg_score": 22.1, "risk_level_cd": "ok"}}, {"type": "Feature", "geometry": {"type": "Polygon", "coordinates": [[[126.48721, 35.37242], [126.48709, 35.38144], [126.4981, 35.38153], [126.49821, 35.37251], [126.48721, 35.37242]]]}, "properties": {"grid_id": "다마0809", "region_type_cd": "RURAL", "households": 10, "buildings": 5, "avg_score": 22.8, "risk_level_cd": "ok"}}, {"type": "Feature", "geometry": {"type": "Polygon", "coordinates": [[[126.48709, 35.38144], [126.48698, 35.39045], [126.49799, 35.39054], [126.4981, 35.38153], [126.48709, 35.38144]]]}, "properties": {"grid_id": "다마0810", "region_type_cd": "RURAL", "households": 17, "buildings": 24, "avg_score": 21.1, "risk_level_cd": "ok"}}, {"type": "Feature", "geometry": {"type": "Polygon", "coordinates": [[[126.48698, 35.39045], [126.48687, 35.39947], [126.49788, 35.39956], [126.49799, 35.39054], [126.48698, 35.39045]]]}, "properties": {"grid_id": "다마0811", "region_type_cd": "RURAL", "households": 20, "buildings": 22, "avg_score": 23.1, "risk_level_cd": "ok"}}, {"type": "Feature", "geometry": {"type": "Polygon", "coordinates": [[[126.48687, 35.39947], [126.48676, 35.40848], [126.49777, 35.40857], [126.49788, 35.39956], [126.48687, 35.39947]]]}, "properties": {"grid_id": "다마0812", "region_type_cd": "RURAL", "households": 20, "buildings": 28, "avg_score": 21.2, "risk_level_cd": "ok"}}, {"type": "Feature", "geometry": {"type": "Polygon", "coordinates": [[[126.48676, 35.40848], [126.48664, 35.4175], [126.49766, 35.41759], [126.49777, 35.40857], [126.48676, 35.40848]]]}, "properties": {"grid_id": "다마0813", "region_type_cd": "RURAL", "households": 23, "buildings": 27, "avg_score": 19.4, "risk_level_cd": "ok"}}, {"type": "Feature", "geometry": {"type": "Polygon", "coordinates": [[[126.48664, 35.4175], [126.48653, 35.42651], [126.49754, 35.4266], [126.49766, 35.41759], [126.48664, 35.4175]]]}, "properties": {"grid_id": "다마0814", "region_type_cd": "RURAL", "households": 10, "buildings": 9, "avg_score": 23.2, "risk_level_cd": "ok"}}, {"type": "Feature", "geometry": {"type": "Polygon", "coordinates": [[[126.48653, 35.42651], [126.48642, 35.43553], [126.49743, 35.43562], [126.49754, 35.4266], [126.48653, 35.42651]]]}, "properties": {"grid_id": "다마0815", "region_type_cd": "RURAL", "households": 14, "buildings": 16, "avg_score": 17.6, "risk_level_cd": "ok"}}, {"type": "Feature", "geometry": {"type": "Polygon", "coordinates": [[[126.48642, 35.43553], [126.4863, 35.44454], [126.49732, 35.44464], [126.49743, 35.43562], [126.48642, 35.43553]]]}, "properties": {"grid_id": "다마0816", "region_type_cd": "BUFFER", "households": 57, "buildings": 102, "avg_score": 15.7, "risk_level_cd": "ok"}}, {"type": "Feature", "geometry": {"type": "Polygon", "coordinates": [[[126.4863, 35.44454], [126.48619, 35.45356], [126.49721, 35.45365], [126.49732, 35.44464], [126.4863, 35.44454]]]}, "properties": {"grid_id": "다마0817", "region_type_cd": "RURAL", "households": 33, "buildings": 20, "avg_score": 18.4, "risk_level_cd": "ok"}}, {"type": "Feature", "geometry": {"type": "Polygon", "coordinates": [[[126.48619, 35.45356], [126.48608, 35.46257], [126.4971, 35.46267], [126.49721, 35.45365], [126.48619, 35.45356]]]}, "properties": {"grid_id": "다마0818", "region_type_cd": "RURAL", "households": 8, "buildings": 8, "avg_score": 21.4, "risk_level_cd": "ok"}}, {"type": "Feature", "geometry": {"type": "Polygon", "coordinates": [[[126.48608, 35.46257], [126.48596, 35.47159], [126.49698, 35.47168], [126.4971, 35.46267], [126.48608, 35.46257]]]}, "properties": {"grid_id": "다마0819", "region_type_cd": "RURAL", "households": 9, "buildings": 9, "avg_score": 26.1, "risk_level_cd": "ok"}}, {"type": "Feature", "geometry": {"type": "Polygon", "coordinates": [[[126.48596, 35.47159], [126.48585, 35.4806], [126.49687, 35.4807], [126.49698, 35.47168], [126.48596, 35.47159]]]}, "properties": {"grid_id": "다마0820", "region_type_cd": "RURAL", "households": 8, "buildings": 9, "avg_score": 27.3, "risk_level_cd": "ok"}}, {"type": "Feature", "geometry": {"type": "Polygon", "coordinates": [[[126.48585, 35.4806], [126.48574, 35.48962], [126.49676, 35.48971], [126.49687, 35.4807], [126.48585, 35.4806]]]}, "properties": {"grid_id": "다마0821", "region_type_cd": "RURAL", "households": 8, "buildings": 4, "avg_score": 23.4, "risk_level_cd": "ok"}}, {"type": "Feature", "geometry": {"type": "Polygon", "coordinates": [[[126.48574, 35.48962], [126.48562, 35.49864], [126.49665, 35.49873], [126.49676, 35.48971], [126.48574, 35.48962]]]}, "properties": {"grid_id": "다마0822", "region_type_cd": "RURAL", "households": 13, "buildings": 10, "avg_score": 27.7, "risk_level_cd": "ok"}}, {"type": "Feature", "geometry": {"type": "Polygon", "coordinates": [[[126.48562, 35.49864], [126.48551, 35.50765], [126.49654, 35.50774], [126.49665, 35.49873], [126.48562, 35.49864]]]}, "properties": {"grid_id": "다마0823", "region_type_cd": "RURAL", "households": 20, "buildings": 41, "avg_score": 50.6, "risk_level_cd": "warn"}}, {"type": "Feature", "geometry": {"type": "Polygon", "coordinates": [[[126.48551, 35.50765], [126.4854, 35.51667], [126.49642, 35.51676], [126.49654, 35.50774], [126.48551, 35.50765]]]}, "properties": {"grid_id": "다마0824", "region_type_cd": "RURAL", "households": 17, "buildings": 24, "avg_score": 23.0, "risk_level_cd": "ok"}}, {"type": "Feature", "geometry": {"type": "Polygon", "coordinates": [[[126.4854, 35.51667], [126.48528, 35.52568], [126.49631, 35.52577], [126.49642, 35.51676], [126.4854, 35.51667]]]}, "properties": {"grid_id": "다마0825", "region_type_cd": "RURAL", "households": 15, "buildings": 42, "avg_score": 26.3, "risk_level_cd": "ok"}}, {"type": "Feature", "geometry": {"type": "Polygon", "coordinates": [[[126.49844, 35.35448], [126.49832, 35.3635], [126.50933, 35.36359], [126.50944, 35.35457], [126.49844, 35.35448]]]}, "properties": {"grid_id": "다마0907", "region_type_cd": "RURAL", "households": 6, "buildings": 2, "avg_score": 27.3, "risk_level_cd": "ok"}}, {"type": "Feature", "geometry": {"type": "Polygon", "coordinates": [[[126.49832, 35.3635], [126.49821, 35.37251], [126.50922, 35.3726], [126.50933, 35.36359], [126.49832, 35.3635]]]}, "properties": {"grid_id": "다마0908", "region_type_cd": "RURAL", "households": 14, "buildings": 19, "avg_score": 21.8, "risk_level_cd": "ok"}}, {"type": "Feature", "geometry": {"type": "Polygon", "coordinates": [[[126.49821, 35.37251], [126.4981, 35.38153], [126.50911, 35.38162], [126.50922, 35.3726], [126.49821, 35.37251]]]}, "properties": {"grid_id": "다마0909", "region_type_cd": "RURAL", "households": 21, "buildings": 23, "avg_score": 23.3, "risk_level_cd": "ok"}}, {"type": "Feature", "geometry": {"type": "Polygon", "coordinates": [[[126.4981, 35.38153], [126.49799, 35.39054], [126.509, 35.39063], [126.50911, 35.38162], [126.4981, 35.38153]]]}, "properties": {"grid_id": "다마0910", "region_type_cd": "RURAL", "households": 16, "buildings": 10, "avg_score": 15.3, "risk_level_cd": "ok"}}, {"type": "Feature", "geometry": {"type": "Polygon", "coordinates": [[[126.49799, 35.39054], [126.49788, 35.39956], [126.50889, 35.39965], [126.509, 35.39063], [126.49799, 35.39054]]]}, "properties": {"grid_id": "다마0911", "region_type_cd": "RURAL", "households": 15, "buildings": 30, "avg_score": 23.9, "risk_level_cd": "ok"}}, {"type": "Feature", "geometry": {"type": "Polygon", "coordinates": [[[126.49788, 35.39956], [126.49777, 35.40857], [126.50878, 35.40866], [126.50889, 35.39965], [126.49788, 35.39956]]]}, "properties": {"grid_id": "다마0912", "region_type_cd": "RURAL", "households": 10, "buildings": 9, "avg_score": 18.3, "risk_level_cd": "ok"}}, {"type": "Feature", "geometry": {"type": "Polygon", "coordinates": [[[126.49777, 35.40857], [126.49766, 35.41759], [126.50867, 35.41768], [126.50878, 35.40866], [126.49777, 35.40857]]]}, "properties": {"grid_id": "다마0913", "region_type_cd": "RURAL", "households": 14, "buildings": 12, "avg_score": 20.1, "risk_level_cd": "ok"}}, {"type": "Feature", "geometry": {"type": "Polygon", "coordinates": [[[126.49766, 35.41759], [126.49754, 35.4266], [126.50856, 35.4267], [126.50867, 35.41768], [126.49766, 35.41759]]]}, "properties": {"grid_id": "다마0914", "region_type_cd": "RURAL", "households": 5, "buildings": 3, "avg_score": 28.0, "risk_level_cd": "ok"}}, {"type": "Feature", "geometry": {"type": "Polygon", "coordinates": [[[126.49754, 35.4266], [126.49743, 35.43562], [126.50845, 35.43571], [126.50856, 35.4267], [126.49754, 35.4266]]]}, "properties": {"grid_id": "다마0915", "region_type_cd": "RURAL", "households": 3, "buildings": 2, "avg_score": 24.9, "risk_level_cd": "ok"}}, {"type": "Feature", "geometry": {"type": "Polygon", "coordinates": [[[126.49743, 35.43562], [126.49732, 35.44464], [126.50834, 35.44473], [126.50845, 35.43571], [126.49743, 35.43562]]]}, "properties": {"grid_id": "다마0916", "region_type_cd": "RURAL", "households": 21, "buildings": 8, "avg_score": 20.9, "risk_level_cd": "ok"}}, {"type": "Feature", "geometry": {"type": "Polygon", "coordinates": [[[126.49732, 35.44464], [126.49721, 35.45365], [126.50823, 35.45374], [126.50834, 35.44473], [126.49732, 35.44464]]]}, "properties": {"grid_id": "다마0917", "region_type_cd": "RURAL", "households": 12, "buildings": 21, "avg_score": 20.3, "risk_level_cd": "ok"}}, {"type": "Feature", "geometry": {"type": "Polygon", "coordinates": [[[126.49721, 35.45365], [126.4971, 35.46267], [126.50812, 35.46276], [126.50823, 35.45374], [126.49721, 35.45365]]]}, "properties": {"grid_id": "다마0918", "region_type_cd": "RURAL", "households": 7, "buildings": 7, "avg_score": 24.4, "risk_level_cd": "ok"}}, {"type": "Feature", "geometry": {"type": "Polygon", "coordinates": [[[126.4971, 35.46267], [126.49698, 35.47168], [126.50801, 35.47177], [126.50812, 35.46276], [126.4971, 35.46267]]]}, "properties": {"grid_id": "다마0919", "region_type_cd": "RURAL", "households": 8, "buildings": 14, "avg_score": 22.4, "risk_level_cd": "ok"}}, {"type": "Feature", "geometry": {"type": "Polygon", "coordinates": [[[126.49698, 35.47168], [126.49687, 35.4807], [126.50789, 35.48079], [126.50801, 35.47177], [126.49698, 35.47168]]]}, "properties": {"grid_id": "다마0920", "region_type_cd": "RURAL", "households": 5, "buildings": 6, "avg_score": 21.3, "risk_level_cd": "ok"}}, {"type": "Feature", "geometry": {"type": "Polygon", "coordinates": [[[126.49687, 35.4807], [126.49676, 35.48971], [126.50778, 35.4898], [126.50789, 35.48079], [126.49687, 35.4807]]]}, "properties": {"grid_id": "다마0921", "region_type_cd": "RURAL", "households": 12, "buildings": 16, "avg_score": 26.6, "risk_level_cd": "ok"}}, {"type": "Feature", "geometry": {"type": "Polygon", "coordinates": [[[126.49676, 35.48971], [126.49665, 35.49873], [126.50767, 35.49882], [126.50778, 35.4898], [126.49676, 35.48971]]]}, "properties": {"grid_id": "다마0922", "region_type_cd": "RURAL", "households": 10, "buildings": 7, "avg_score": 43.0, "risk_level_cd": "warn"}}, {"type": "Feature", "geometry": {"type": "Polygon", "coordinates": [[[126.49665, 35.49873], [126.49654, 35.50774], [126.50756, 35.50783], [126.50767, 35.49882], [126.49665, 35.49873]]]}, "properties": {"grid_id": "다마0923", "region_type_cd": "RURAL", "households": 13, "buildings": 9, "avg_score": 46.3, "risk_level_cd": "warn"}}, {"type": "Feature", "geometry": {"type": "Polygon", "coordinates": [[[126.49654, 35.50774], [126.49642, 35.51676], [126.50745, 35.51685], [126.50756, 35.50783], [126.49654, 35.50774]]]}, "properties": {"grid_id": "다마0924", "region_type_cd": "RURAL", "households": 9, "buildings": 5, "avg_score": 29.6, "risk_level_cd": "ok"}}, {"type": "Feature", "geometry": {"type": "Polygon", "coordinates": [[[126.49642, 35.51676], [126.49631, 35.52577], [126.50734, 35.52586], [126.50745, 35.51685], [126.49642, 35.51676]]]}, "properties": {"grid_id": "다마0925", "region_type_cd": "RURAL", "households": 2, "buildings": 2, "avg_score": 25.5, "risk_level_cd": "ok"}}, {"type": "Feature", "geometry": {"type": "Polygon", "coordinates": [[[126.50988, 35.31851], [126.50977, 35.32752], [126.52077, 35.32761], [126.52088, 35.3186], [126.50988, 35.31851]]]}, "properties": {"grid_id": "다마1003", "region_type_cd": "RURAL", "households": 8, "buildings": 2, "avg_score": 30.0, "risk_level_cd": "ok"}}, {"type": "Feature", "geometry": {"type": "Polygon", "coordinates": [[[126.50977, 35.32752], [126.50966, 35.33654], [126.52066, 35.33663], [126.52077, 35.32761], [126.50977, 35.32752]]]}, "properties": {"grid_id": "다마1004", "region_type_cd": "RURAL", "households": 8, "buildings": 4, "avg_score": 28.1, "risk_level_cd": "ok"}}, {"type": "Feature", "geometry": {"type": "Polygon", "coordinates": [[[126.50966, 35.33654], [126.50955, 35.34556], [126.52055, 35.34565], [126.52066, 35.33663], [126.50966, 35.33654]]]}, "properties": {"grid_id": "다마1005", "region_type_cd": "RURAL", "households": 10, "buildings": 3, "avg_score": 27.6, "risk_level_cd": "ok"}}, {"type": "Feature", "geometry": {"type": "Polygon", "coordinates": [[[126.50955, 35.34556], [126.50944, 35.35457], [126.52045, 35.35466], [126.52055, 35.34565], [126.50955, 35.34556]]]}, "properties": {"grid_id": "다마1006", "region_type_cd": "RURAL", "households": 6, "buildings": 1, "avg_score": 16.8, "risk_level_cd": "ok"}}, {"type": "Feature", "geometry": {"type": "Polygon", "coordinates": [[[126.50944, 35.35457], [126.50933, 35.36359], [126.52034, 35.36368], [126.52045, 35.35466], [126.50944, 35.35457]]]}, "properties": {"grid_id": "다마1007", "region_type_cd": "RURAL", "households": 4, "buildings": 3, "avg_score": 24.0, "risk_level_cd": "ok"}}, {"type": "Feature", "geometry": {"type": "Polygon", "coordinates": [[[126.50933, 35.36359], [126.50922, 35.3726], [126.52023, 35.37269], [126.52034, 35.36368], [126.50933, 35.36359]]]}, "properties": {"grid_id": "다마1008", "region_type_cd": "RURAL", "households": 16, "buildings": 11, "avg_score": 20.9, "risk_level_cd": "ok"}}, {"type": "Feature", "geometry": {"type": "Polygon", "coordinates": [[[126.50922, 35.3726], [126.50911, 35.38162], [126.52012, 35.38171], [126.52023, 35.37269], [126.50922, 35.3726]]]}, "properties": {"grid_id": "다마1009", "region_type_cd": "RURAL", "households": 39, "buildings": 66, "avg_score": 20.1, "risk_level_cd": "ok"}}, {"type": "Feature", "geometry": {"type": "Polygon", "coordinates": [[[126.50911, 35.38162], [126.509, 35.39063], [126.52001, 35.39072], [126.52012, 35.38171], [126.50911, 35.38162]]]}, "properties": {"grid_id": "다마1010", "region_type_cd": "RURAL", "households": 27, "buildings": 30, "avg_score": 21.9, "risk_level_cd": "ok"}}, {"type": "Feature", "geometry": {"type": "Polygon", "coordinates": [[[126.509, 35.39063], [126.50889, 35.39965], [126.5199, 35.39974], [126.52001, 35.39072], [126.509, 35.39063]]]}, "properties": {"grid_id": "다마1011", "region_type_cd": "RURAL", "households": 9, "buildings": 5, "avg_score": 22.1, "risk_level_cd": "ok"}}, {"type": "Feature", "geometry": {"type": "Polygon", "coordinates": [[[126.50889, 35.39965], [126.50878, 35.40866], [126.51979, 35.40875], [126.5199, 35.39974], [126.50889, 35.39965]]]}, "properties": {"grid_id": "다마1012", "region_type_cd": "RURAL", "households": 3, "buildings": 5, "avg_score": 25.0, "risk_level_cd": "ok"}}, {"type": "Feature", "geometry": {"type": "Polygon", "coordinates": [[[126.50867, 35.41768], [126.50856, 35.4267], [126.51957, 35.42679], [126.51968, 35.41777], [126.50867, 35.41768]]]}, "properties": {"grid_id": "다마1014", "region_type_cd": "RURAL", "households": 6, "buildings": 10, "avg_score": 25.5, "risk_level_cd": "ok"}}, {"type": "Feature", "geometry": {"type": "Polygon", "coordinates": [[[126.50845, 35.43571], [126.50834, 35.44473], [126.51935, 35.44482], [126.51946, 35.4358], [126.50845, 35.43571]]]}, "properties": {"grid_id": "다마1016", "region_type_cd": "RURAL", "households": 7, "buildings": 12, "avg_score": 54.6, "risk_level_cd": "warn"}}, {"type": "Feature", "geometry": {"type": "Polygon", "coordinates": [[[126.50834, 35.44473], [126.50823, 35.45374], [126.51925, 35.45383], [126.51935, 35.44482], [126.50834, 35.44473]]]}, "properties": {"grid_id": "다마1017", "region_type_cd": "RURAL", "households": 10, "buildings": 14, "avg_score": 26.9, "risk_level_cd": "ok"}}, {"type": "Feature", "geometry": {"type": "Polygon", "coordinates": [[[126.50823, 35.45374], [126.50812, 35.46276], [126.51914, 35.46285], [126.51925, 35.45383], [126.50823, 35.45374]]]}, "properties": {"grid_id": "다마1018", "region_type_cd": "RURAL", "households": 11, "buildings": 12, "avg_score": 22.4, "risk_level_cd": "ok"}}, {"type": "Feature", "geometry": {"type": "Polygon", "coordinates": [[[126.50812, 35.46276], [126.50801, 35.47177], [126.51903, 35.47186], [126.51914, 35.46285], [126.50812, 35.46276]]]}, "properties": {"grid_id": "다마1019", "region_type_cd": "RURAL", "households": 10, "buildings": 15, "avg_score": 23.8, "risk_level_cd": "ok"}}, {"type": "Feature", "geometry": {"type": "Polygon", "coordinates": [[[126.50801, 35.47177], [126.50789, 35.48079], [126.51892, 35.48088], [126.51903, 35.47186], [126.50801, 35.47177]]]}, "properties": {"grid_id": "다마1020", "region_type_cd": "RURAL", "households": 11, "buildings": 24, "avg_score": 22.0, "risk_level_cd": "ok"}}, {"type": "Feature", "geometry": {"type": "Polygon", "coordinates": [[[126.50789, 35.48079], [126.50778, 35.4898], [126.51881, 35.48989], [126.51892, 35.48088], [126.50789, 35.48079]]]}, "properties": {"grid_id": "다마1021", "region_type_cd": "RURAL", "households": 10, "buildings": 11, "avg_score": 21.5, "risk_level_cd": "ok"}}, {"type": "Feature", "geometry": {"type": "Polygon", "coordinates": [[[126.50778, 35.4898], [126.50767, 35.49882], [126.5187, 35.49891], [126.51881, 35.48989], [126.50778, 35.4898]]]}, "properties": {"grid_id": "다마1022", "region_type_cd": "RURAL", "households": 10, "buildings": 20, "avg_score": 24.5, "risk_level_cd": "ok"}}, {"type": "Feature", "geometry": {"type": "Polygon", "coordinates": [[[126.50756, 35.50783], [126.50745, 35.51685], [126.51848, 35.51694], [126.51859, 35.50792], [126.50756, 35.50783]]]}, "properties": {"grid_id": "다마1024", "region_type_cd": "RURAL", "households": 8, "buildings": 2, "avg_score": 23.5, "risk_level_cd": "ok"}}, {"type": "Feature", "geometry": {"type": "Polygon", "coordinates": [[[126.50745, 35.51685], [126.50734, 35.52586], [126.51837, 35.52595], [126.51848, 35.51694], [126.50745, 35.51685]]]}, "properties": {"grid_id": "다마1025", "region_type_cd": "RURAL", "households": 18, "buildings": 6, "avg_score": 25.4, "risk_level_cd": "ok"}}, {"type": "Feature", "geometry": {"type": "Polygon", "coordinates": [[[126.50734, 35.52586], [126.50723, 35.53488], [126.51826, 35.53497], [126.51837, 35.52595], [126.50734, 35.52586]]]}, "properties": {"grid_id": "다마1026", "region_type_cd": "RURAL", "households": 28, "buildings": 63, "avg_score": 20.7, "risk_level_cd": "ok"}}, {"type": "Feature", "geometry": {"type": "Polygon", "coordinates": [[[126.52099, 35.30958], [126.52088, 35.3186], [126.53188, 35.31869], [126.53199, 35.30967], [126.52099, 35.30958]]]}, "properties": {"grid_id": "다마1102", "region_type_cd": "RURAL", "households": 17, "buildings": 10, "avg_score": 22.2, "risk_level_cd": "ok"}}, {"type": "Feature", "geometry": {"type": "Polygon", "coordinates": [[[126.52088, 35.3186], [126.52077, 35.32761], [126.53177, 35.3277], [126.53188, 35.31869], [126.52088, 35.3186]]]}, "properties": {"grid_id": "다마1103", "region_type_cd": "RURAL", "households": 7, "buildings": 5, "avg_score": 31.6, "risk_level_cd": "ok"}}, {"type": "Feature", "geometry": {"type": "Polygon", "coordinates": [[[126.52077, 35.32761], [126.52066, 35.33663], [126.53167, 35.33672], [126.53177, 35.3277], [126.52077, 35.32761]]]}, "properties": {"grid_id": "다마1104", "region_type_cd": "RURAL", "households": 8, "buildings": 6, "avg_score": 26.8, "risk_level_cd": "ok"}}, {"type": "Feature", "geometry": {"type": "Polygon", "coordinates": [[[126.52066, 35.33663], [126.52055, 35.34565], [126.53156, 35.34573], [126.53167, 35.33672], [126.52066, 35.33663]]]}, "properties": {"grid_id": "다마1105", "region_type_cd": "RURAL", "households": 13, "buildings": 8, "avg_score": 26.5, "risk_level_cd": "ok"}}, {"type": "Feature", "geometry": {"type": "Polygon", "coordinates": [[[126.52055, 35.34565], [126.52045, 35.35466], [126.53145, 35.35475], [126.53156, 35.34573], [126.52055, 35.34565]]]}, "properties": {"grid_id": "다마1106", "region_type_cd": "RURAL", "households": 20, "buildings": 28, "avg_score": 22.6, "risk_level_cd": "ok"}}, {"type": "Feature", "geometry": {"type": "Polygon", "coordinates": [[[126.52045, 35.35466], [126.52034, 35.36368], [126.53134, 35.36377], [126.53145, 35.35475], [126.52045, 35.35466]]]}, "properties": {"grid_id": "다마1107", "region_type_cd": "RURAL", "households": 8, "buildings": 5, "avg_score": 25.6, "risk_level_cd": "ok"}}, {"type": "Feature", "geometry": {"type": "Polygon", "coordinates": [[[126.52034, 35.36368], [126.52023, 35.37269], [126.53124, 35.37278], [126.53134, 35.36377], [126.52034, 35.36368]]]}, "properties": {"grid_id": "다마1108", "region_type_cd": "RURAL", "households": 8, "buildings": 12, "avg_score": 24.2, "risk_level_cd": "ok"}}, {"type": "Feature", "geometry": {"type": "Polygon", "coordinates": [[[126.52023, 35.37269], [126.52012, 35.38171], [126.53113, 35.3818], [126.53124, 35.37278], [126.52023, 35.37269]]]}, "properties": {"grid_id": "다마1109", "region_type_cd": "RURAL", "households": 19, "buildings": 19, "avg_score": 22.7, "risk_level_cd": "ok"}}, {"type": "Feature", "geometry": {"type": "Polygon", "coordinates": [[[126.52012, 35.38171], [126.52001, 35.39072], [126.53102, 35.39081], [126.53113, 35.3818], [126.52012, 35.38171]]]}, "properties": {"grid_id": "다마1110", "region_type_cd": "URBAN", "households": 6, "buildings": 1, "avg_score": 15.9, "risk_level_cd": "ok"}}, {"type": "Feature", "geometry": {"type": "Polygon", "coordinates": [[[126.52001, 35.39072], [126.5199, 35.39974], [126.53091, 35.39983], [126.53102, 35.39081], [126.52001, 35.39072]]]}, "properties": {"grid_id": "다마1111", "region_type_cd": "RURAL", "households": 8, "buildings": 8, "avg_score": 26.1, "risk_level_cd": "ok"}}, {"type": "Feature", "geometry": {"type": "Polygon", "coordinates": [[[126.5199, 35.39974], [126.51979, 35.40875], [126.5308, 35.40884], [126.53091, 35.39983], [126.5199, 35.39974]]]}, "properties": {"grid_id": "다마1112", "region_type_cd": "RURAL", "households": 11, "buildings": 10, "avg_score": 23.6, "risk_level_cd": "ok"}}, {"type": "Feature", "geometry": {"type": "Polygon", "coordinates": [[[126.51979, 35.40875], [126.51968, 35.41777], [126.5307, 35.41786], [126.5308, 35.40884], [126.51979, 35.40875]]]}, "properties": {"grid_id": "다마1113", "region_type_cd": "RURAL", "households": 6, "buildings": 3, "avg_score": 25.6, "risk_level_cd": "ok"}}, {"type": "Feature", "geometry": {"type": "Polygon", "coordinates": [[[126.51968, 35.41777], [126.51957, 35.42679], [126.53059, 35.42687], [126.5307, 35.41786], [126.51968, 35.41777]]]}, "properties": {"grid_id": "다마1114", "region_type_cd": "RURAL", "households": 2, "buildings": 3, "avg_score": 22.3, "risk_level_cd": "ok"}}, {"type": "Feature", "geometry": {"type": "Polygon", "coordinates": [[[126.51946, 35.4358], [126.51935, 35.44482], [126.53037, 35.44491], [126.53048, 35.43589], [126.51946, 35.4358]]]}, "properties": {"grid_id": "다마1116", "region_type_cd": "RURAL", "households": 3, "buildings": 3, "avg_score": 100.0, "risk_level_cd": "danger"}}, {"type": "Feature", "geometry": {"type": "Polygon", "coordinates": [[[126.51935, 35.44482], [126.51925, 35.45383], [126.53026, 35.45392], [126.53037, 35.44491], [126.51935, 35.44482]]]}, "properties": {"grid_id": "다마1117", "region_type_cd": "RURAL", "households": 15, "buildings": 9, "avg_score": 25.9, "risk_level_cd": "ok"}}, {"type": "Feature", "geometry": {"type": "Polygon", "coordinates": [[[126.51925, 35.45383], [126.51914, 35.46285], [126.53016, 35.46294], [126.53026, 35.45392], [126.51925, 35.45383]]]}, "properties": {"grid_id": "다마1118", "region_type_cd": "RURAL", "households": 17, "buildings": 24, "avg_score": 22.8, "risk_level_cd": "ok"}}, {"type": "Feature", "geometry": {"type": "Polygon", "coordinates": [[[126.51914, 35.46285], [126.51903, 35.47186], [126.53005, 35.47195], [126.53016, 35.46294], [126.51914, 35.46285]]]}, "properties": {"grid_id": "다마1119", "region_type_cd": "RURAL", "households": 16, "buildings": 22, "avg_score": 23.4, "risk_level_cd": "ok"}}, {"type": "Feature", "geometry": {"type": "Polygon", "coordinates": [[[126.51903, 35.47186], [126.51892, 35.48088], [126.52994, 35.48097], [126.53005, 35.47195], [126.51903, 35.47186]]]}, "properties": {"grid_id": "다마1120", "region_type_cd": "RURAL", "households": 11, "buildings": 17, "avg_score": 22.2, "risk_level_cd": "ok"}}, {"type": "Feature", "geometry": {"type": "Polygon", "coordinates": [[[126.51892, 35.48088], [126.51881, 35.48989], [126.52983, 35.48998], [126.52994, 35.48097], [126.51892, 35.48088]]]}, "properties": {"grid_id": "다마1121", "region_type_cd": "RURAL", "households": 15, "buildings": 19, "avg_score": 24.2, "risk_level_cd": "ok"}}, {"type": "Feature", "geometry": {"type": "Polygon", "coordinates": [[[126.51881, 35.48989], [126.5187, 35.49891], [126.52972, 35.499], [126.52983, 35.48998], [126.51881, 35.48989]]]}, "properties": {"grid_id": "다마1122", "region_type_cd": "RURAL", "households": 14, "buildings": 22, "avg_score": 22.7, "risk_level_cd": "ok"}}, {"type": "Feature", "geometry": {"type": "Polygon", "coordinates": [[[126.5187, 35.49891], [126.51859, 35.50792], [126.52961, 35.50801], [126.52972, 35.499], [126.5187, 35.49891]]]}, "properties": {"grid_id": "다마1123", "region_type_cd": "RURAL", "households": 15, "buildings": 26, "avg_score": 23.0, "risk_level_cd": "ok"}}, {"type": "Feature", "geometry": {"type": "Polygon", "coordinates": [[[126.51859, 35.50792], [126.51848, 35.51694], [126.5295, 35.51703], [126.52961, 35.50801], [126.51859, 35.50792]]]}, "properties": {"grid_id": "다마1124", "region_type_cd": "RURAL", "households": 20, "buildings": 12, "avg_score": 22.9, "risk_level_cd": "ok"}}, {"type": "Feature", "geometry": {"type": "Polygon", "coordinates": [[[126.51848, 35.51694], [126.51837, 35.52595], [126.5294, 35.52604], [126.5295, 35.51703], [126.51848, 35.51694]]]}, "properties": {"grid_id": "다마1125", "region_type_cd": "RURAL", "households": 29, "buildings": 33, "avg_score": 20.3, "risk_level_cd": "ok"}}, {"type": "Feature", "geometry": {"type": "Polygon", "coordinates": [[[126.51837, 35.52595], [126.51826, 35.53497], [126.52929, 35.53506], [126.5294, 35.52604], [126.51837, 35.52595]]]}, "properties": {"grid_id": "다마1126", "region_type_cd": "RURAL", "households": 20, "buildings": 22, "avg_score": 20.9, "risk_level_cd": "ok"}}, {"type": "Feature", "geometry": {"type": "Polygon", "coordinates": [[[126.53199, 35.30967], [126.53188, 35.31869], [126.54288, 35.31877], [126.54299, 35.30976], [126.53199, 35.30967]]]}, "properties": {"grid_id": "다마1202", "region_type_cd": "RURAL", "households": 28, "buildings": 48, "avg_score": 21.3, "risk_level_cd": "ok"}}, {"type": "Feature", "geometry": {"type": "Polygon", "coordinates": [[[126.53188, 35.31869], [126.53177, 35.3277], [126.54277, 35.32779], [126.54288, 35.31877], [126.53188, 35.31869]]]}, "properties": {"grid_id": "다마1203", "region_type_cd": "RURAL", "households": 6, "buildings": 1, "avg_score": 29.9, "risk_level_cd": "ok"}}, {"type": "Feature", "geometry": {"type": "Polygon", "coordinates": [[[126.53177, 35.3277], [126.53167, 35.33672], [126.54267, 35.33681], [126.54277, 35.32779], [126.53177, 35.3277]]]}, "properties": {"grid_id": "다마1204", "region_type_cd": "RURAL", "households": 6, "buildings": 5, "avg_score": 27.1, "risk_level_cd": "ok"}}, {"type": "Feature", "geometry": {"type": "Polygon", "coordinates": [[[126.53167, 35.33672], [126.53156, 35.34573], [126.54256, 35.34582], [126.54267, 35.33681], [126.53167, 35.33672]]]}, "properties": {"grid_id": "다마1205", "region_type_cd": "RURAL", "households": 15, "buildings": 17, "avg_score": 26.5, "risk_level_cd": "ok"}}, {"type": "Feature", "geometry": {"type": "Polygon", "coordinates": [[[126.53156, 35.34573], [126.53145, 35.35475], [126.54246, 35.35484], [126.54256, 35.34582], [126.53156, 35.34573]]]}, "properties": {"grid_id": "다마1206", "region_type_cd": "RURAL", "households": 14, "buildings": 8, "avg_score": 22.6, "risk_level_cd": "ok"}}, {"type": "Feature", "geometry": {"type": "Polygon", "coordinates": [[[126.53145, 35.35475], [126.53134, 35.36377], [126.54235, 35.36385], [126.54246, 35.35484], [126.53145, 35.35475]]]}, "properties": {"grid_id": "다마1207", "region_type_cd": "RURAL", "households": 15, "buildings": 30, "avg_score": 24.1, "risk_level_cd": "ok"}}, {"type": "Feature", "geometry": {"type": "Polygon", "coordinates": [[[126.53134, 35.36377], [126.53124, 35.37278], [126.54224, 35.37287], [126.54235, 35.36385], [126.53134, 35.36377]]]}, "properties": {"grid_id": "다마1208", "region_type_cd": "RURAL", "households": 11, "buildings": 16, "avg_score": 26.0, "risk_level_cd": "ok"}}, {"type": "Feature", "geometry": {"type": "Polygon", "coordinates": [[[126.53124, 35.37278], [126.53113, 35.3818], [126.54214, 35.38188], [126.54224, 35.37287], [126.53124, 35.37278]]]}, "properties": {"grid_id": "다마1209", "region_type_cd": "RURAL", "households": 8, "buildings": 14, "avg_score": 22.5, "risk_level_cd": "ok"}}, {"type": "Feature", "geometry": {"type": "Polygon", "coordinates": [[[126.53113, 35.3818], [126.53102, 35.39081], [126.54203, 35.3909], [126.54214, 35.38188], [126.53113, 35.3818]]]}, "properties": {"grid_id": "다마1210", "region_type_cd": "RURAL", "households": 10, "buildings": 11, "avg_score": 22.1, "risk_level_cd": "ok"}}, {"type": "Feature", "geometry": {"type": "Polygon", "coordinates": [[[126.53102, 35.39081], [126.53091, 35.39983], [126.54192, 35.39992], [126.54203, 35.3909], [126.53102, 35.39081]]]}, "properties": {"grid_id": "다마1211", "region_type_cd": "RURAL", "households": 9, "buildings": 11, "avg_score": 24.3, "risk_level_cd": "ok"}}, {"type": "Feature", "geometry": {"type": "Polygon", "coordinates": [[[126.53091, 35.39983], [126.5308, 35.40884], [126.54182, 35.40893], [126.54192, 35.39992], [126.53091, 35.39983]]]}, "properties": {"grid_id": "다마1212", "region_type_cd": "RURAL", "households": 7, "buildings": 6, "avg_score": 24.5, "risk_level_cd": "ok"}}, {"type": "Feature", "geometry": {"type": "Polygon", "coordinates": [[[126.5308, 35.40884], [126.5307, 35.41786], [126.54171, 35.41795], [126.54182, 35.40893], [126.5308, 35.40884]]]}, "properties": {"grid_id": "다마1213", "region_type_cd": "RURAL", "households": 9, "buildings": 6, "avg_score": 22.3, "risk_level_cd": "ok"}}, {"type": "Feature", "geometry": {"type": "Polygon", "coordinates": [[[126.53059, 35.42687], [126.53048, 35.43589], [126.5415, 35.43598], [126.5416, 35.42696], [126.53059, 35.42687]]]}, "properties": {"grid_id": "다마1215", "region_type_cd": "RURAL", "households": 7, "buildings": 5, "avg_score": 25.6, "risk_level_cd": "ok"}}, {"type": "Feature", "geometry": {"type": "Polygon", "coordinates": [[[126.53048, 35.43589], [126.53037, 35.44491], [126.54139, 35.44499], [126.5415, 35.43598], [126.53048, 35.43589]]]}, "properties": {"grid_id": "다마1216", "region_type_cd": "RURAL", "households": 9, "buildings": 9, "avg_score": 28.6, "risk_level_cd": "ok"}}, {"type": "Feature", "geometry": {"type": "Polygon", "coordinates": [[[126.53037, 35.44491], [126.53026, 35.45392], [126.54128, 35.45401], [126.54139, 35.44499], [126.53037, 35.44491]]]}, "properties": {"grid_id": "다마1217", "region_type_cd": "RURAL", "households": 16, "buildings": 31, "avg_score": 21.8, "risk_level_cd": "ok"}}, {"type": "Feature", "geometry": {"type": "Polygon", "coordinates": [[[126.53026, 35.45392], [126.53016, 35.46294], [126.54117, 35.46302], [126.54128, 35.45401], [126.53026, 35.45392]]]}, "properties": {"grid_id": "다마1218", "region_type_cd": "RURAL", "households": 41, "buildings": 65, "avg_score": 20.5, "risk_level_cd": "ok"}}, {"type": "Feature", "geometry": {"type": "Polygon", "coordinates": [[[126.53016, 35.46294], [126.53005, 35.47195], [126.54107, 35.47204], [126.54117, 35.46302], [126.53016, 35.46294]]]}, "properties": {"grid_id": "다마1219", "region_type_cd": "RURAL", "households": 27, "buildings": 32, "avg_score": 26.0, "risk_level_cd": "ok"}}, {"type": "Feature", "geometry": {"type": "Polygon", "coordinates": [[[126.53005, 35.47195], [126.52994, 35.48097], [126.54096, 35.48106], [126.54107, 35.47204], [126.53005, 35.47195]]]}, "properties": {"grid_id": "다마1220", "region_type_cd": "RURAL", "households": 7, "buildings": 7, "avg_score": 29.2, "risk_level_cd": "ok"}}, {"type": "Feature", "geometry": {"type": "Polygon", "coordinates": [[[126.52994, 35.48097], [126.52983, 35.48998], [126.54085, 35.49007], [126.54096, 35.48106], [126.52994, 35.48097]]]}, "properties": {"grid_id": "다마1221", "region_type_cd": "RURAL", "households": 4, "buildings": 2, "avg_score": 25.0, "risk_level_cd": "ok"}}, {"type": "Feature", "geometry": {"type": "Polygon", "coordinates": [[[126.52983, 35.48998], [126.52972, 35.499], [126.54075, 35.49909], [126.54085, 35.49007], [126.52983, 35.48998]]]}, "properties": {"grid_id": "다마1222", "region_type_cd": "RURAL", "households": 2, "buildings": 2, "avg_score": 28.2, "risk_level_cd": "ok"}}, {"type": "Feature", "geometry": {"type": "Polygon", "coordinates": [[[126.52972, 35.499], [126.52961, 35.50801], [126.54064, 35.5081], [126.54075, 35.49909], [126.52972, 35.499]]]}, "properties": {"grid_id": "다마1223", "region_type_cd": "RURAL", "households": 11, "buildings": 10, "avg_score": 22.3, "risk_level_cd": "ok"}}, {"type": "Feature", "geometry": {"type": "Polygon", "coordinates": [[[126.52961, 35.50801], [126.5295, 35.51703], [126.54053, 35.51712], [126.54064, 35.5081], [126.52961, 35.50801]]]}, "properties": {"grid_id": "다마1224", "region_type_cd": "RURAL", "households": 11, "buildings": 23, "avg_score": 21.8, "risk_level_cd": "ok"}}, {"type": "Feature", "geometry": {"type": "Polygon", "coordinates": [[[126.5295, 35.51703], [126.5294, 35.52604], [126.54042, 35.52613], [126.54053, 35.51712], [126.5295, 35.51703]]]}, "properties": {"grid_id": "다마1225", "region_type_cd": "RURAL", "households": 22, "buildings": 40, "avg_score": 21.7, "risk_level_cd": "ok"}}, {"type": "Feature", "geometry": {"type": "Polygon", "coordinates": [[[126.5294, 35.52604], [126.52929, 35.53506], [126.54032, 35.53515], [126.54042, 35.52613], [126.5294, 35.52604]]]}, "properties": {"grid_id": "다마1226", "region_type_cd": "RURAL", "households": 13, "buildings": 10, "avg_score": 21.4, "risk_level_cd": "ok"}}, {"type": "Feature", "geometry": {"type": "Polygon", "coordinates": [[[126.54299, 35.30976], [126.54288, 35.31877], [126.55388, 35.31886], [126.55399, 35.30985], [126.54299, 35.30976]]]}, "properties": {"grid_id": "다마1302", "region_type_cd": "RURAL", "households": 11, "buildings": 8, "avg_score": 29.6, "risk_level_cd": "ok"}}, {"type": "Feature", "geometry": {"type": "Polygon", "coordinates": [[[126.54288, 35.31877], [126.54277, 35.32779], [126.55378, 35.32788], [126.55388, 35.31886], [126.54288, 35.31877]]]}, "properties": {"grid_id": "다마1303", "region_type_cd": "RURAL", "households": 11, "buildings": 19, "avg_score": 25.2, "risk_level_cd": "ok"}}, {"type": "Feature", "geometry": {"type": "Polygon", "coordinates": [[[126.54277, 35.32779], [126.54267, 35.33681], [126.55367, 35.33689], [126.55378, 35.32788], [126.54277, 35.32779]]]}, "properties": {"grid_id": "다마1304", "region_type_cd": "RURAL", "households": 14, "buildings": 12, "avg_score": 28.6, "risk_level_cd": "ok"}}, {"type": "Feature", "geometry": {"type": "Polygon", "coordinates": [[[126.54267, 35.33681], [126.54256, 35.34582], [126.55357, 35.34591], [126.55367, 35.33689], [126.54267, 35.33681]]]}, "properties": {"grid_id": "다마1305", "region_type_cd": "RURAL", "households": 19, "buildings": 32, "avg_score": 25.7, "risk_level_cd": "ok"}}, {"type": "Feature", "geometry": {"type": "Polygon", "coordinates": [[[126.54256, 35.34582], [126.54246, 35.35484], [126.55346, 35.35492], [126.55357, 35.34591], [126.54256, 35.34582]]]}, "properties": {"grid_id": "다마1306", "region_type_cd": "RURAL", "households": 18, "buildings": 33, "avg_score": 95.1, "risk_level_cd": "danger"}}, {"type": "Feature", "geometry": {"type": "Polygon", "coordinates": [[[126.54246, 35.35484], [126.54235, 35.36385], [126.55336, 35.36394], [126.55346, 35.35492], [126.54246, 35.35484]]]}, "properties": {"grid_id": "다마1307", "region_type_cd": "RURAL", "households": 13, "buildings": 19, "avg_score": 58.9, "risk_level_cd": "warn"}}, {"type": "Feature", "geometry": {"type": "Polygon", "coordinates": [[[126.54235, 35.36385], [126.54224, 35.37287], [126.55325, 35.37296], [126.55336, 35.36394], [126.54235, 35.36385]]]}, "properties": {"grid_id": "다마1308", "region_type_cd": "RURAL", "households": 10, "buildings": 12, "avg_score": 23.2, "risk_level_cd": "ok"}}, {"type": "Feature", "geometry": {"type": "Polygon", "coordinates": [[[126.54224, 35.37287], [126.54214, 35.38188], [126.55314, 35.38197], [126.55325, 35.37296], [126.54224, 35.37287]]]}, "properties": {"grid_id": "다마1309", "region_type_cd": "RURAL", "households": 5, "buildings": 4, "avg_score": 20.3, "risk_level_cd": "ok"}}, {"type": "Feature", "geometry": {"type": "Polygon", "coordinates": [[[126.54214, 35.38188], [126.54203, 35.3909], [126.55304, 35.39099], [126.55314, 35.38197], [126.54214, 35.38188]]]}, "properties": {"grid_id": "다마1310", "region_type_cd": "RURAL", "households": 17, "buildings": 43, "avg_score": 23.8, "risk_level_cd": "ok"}}, {"type": "Feature", "geometry": {"type": "Polygon", "coordinates": [[[126.54203, 35.3909], [126.54192, 35.39992], [126.55293, 35.4], [126.55304, 35.39099], [126.54203, 35.3909]]]}, "properties": {"grid_id": "다마1311", "region_type_cd": "RURAL", "households": 11, "buildings": 11, "avg_score": 28.4, "risk_level_cd": "ok"}}, {"type": "Feature", "geometry": {"type": "Polygon", "coordinates": [[[126.54192, 35.39992], [126.54182, 35.40893], [126.55283, 35.40902], [126.55293, 35.4], [126.54192, 35.39992]]]}, "properties": {"grid_id": "다마1312", "region_type_cd": "RURAL", "households": 10, "buildings": 5, "avg_score": 26.5, "risk_level_cd": "ok"}}, {"type": "Feature", "geometry": {"type": "Polygon", "coordinates": [[[126.54182, 35.40893], [126.54171, 35.41795], [126.55272, 35.41803], [126.55283, 35.40902], [126.54182, 35.40893]]]}, "properties": {"grid_id": "다마1313", "region_type_cd": "RURAL", "households": 18, "buildings": 3, "avg_score": 23.4, "risk_level_cd": "ok"}}, {"type": "Feature", "geometry": {"type": "Polygon", "coordinates": [[[126.54171, 35.41795], [126.5416, 35.42696], [126.55262, 35.42705], [126.55272, 35.41803], [126.54171, 35.41795]]]}, "properties": {"grid_id": "다마1314", "region_type_cd": "RURAL", "households": 17, "buildings": 9, "avg_score": 25.1, "risk_level_cd": "ok"}}, {"type": "Feature", "geometry": {"type": "Polygon", "coordinates": [[[126.5416, 35.42696], [126.5415, 35.43598], [126.55251, 35.43606], [126.55262, 35.42705], [126.5416, 35.42696]]]}, "properties": {"grid_id": "다마1315", "region_type_cd": "RURAL", "households": 12, "buildings": 12, "avg_score": 25.6, "risk_level_cd": "ok"}}, {"type": "Feature", "geometry": {"type": "Polygon", "coordinates": [[[126.5415, 35.43598], [126.54139, 35.44499], [126.55241, 35.44508], [126.55251, 35.43606], [126.5415, 35.43598]]]}, "properties": {"grid_id": "다마1316", "region_type_cd": "RURAL", "households": 11, "buildings": 16, "avg_score": 23.8, "risk_level_cd": "ok"}}, {"type": "Feature", "geometry": {"type": "Polygon", "coordinates": [[[126.54139, 35.44499], [126.54128, 35.45401], [126.5523, 35.4541], [126.55241, 35.44508], [126.54139, 35.44499]]]}, "properties": {"grid_id": "다마1317", "region_type_cd": "RURAL", "households": 24, "buildings": 15, "avg_score": 23.6, "risk_level_cd": "ok"}}, {"type": "Feature", "geometry": {"type": "Polygon", "coordinates": [[[126.54128, 35.45401], [126.54117, 35.46302], [126.55219, 35.46311], [126.5523, 35.4541], [126.54128, 35.45401]]]}, "properties": {"grid_id": "다마1318", "region_type_cd": "RURAL", "households": 46, "buildings": 78, "avg_score": 20.6, "risk_level_cd": "ok"}}, {"type": "Feature", "geometry": {"type": "Polygon", "coordinates": [[[126.54117, 35.46302], [126.54107, 35.47204], [126.55209, 35.47213], [126.55219, 35.46311], [126.54117, 35.46302]]]}, "properties": {"grid_id": "다마1319", "region_type_cd": "RURAL", "households": 30, "buildings": 20, "avg_score": 21.6, "risk_level_cd": "ok"}}, {"type": "Feature", "geometry": {"type": "Polygon", "coordinates": [[[126.54107, 35.47204], [126.54096, 35.48106], [126.55198, 35.48114], [126.55209, 35.47213], [126.54107, 35.47204]]]}, "properties": {"grid_id": "다마1320", "region_type_cd": "RURAL", "households": 3, "buildings": 8, "avg_score": 22.9, "risk_level_cd": "ok"}}, {"type": "Feature", "geometry": {"type": "Polygon", "coordinates": [[[126.54096, 35.48106], [126.54085, 35.49007], [126.55188, 35.49016], [126.55198, 35.48114], [126.54096, 35.48106]]]}, "properties": {"grid_id": "다마1321", "region_type_cd": "RURAL", "households": 4, "buildings": 11, "avg_score": 24.7, "risk_level_cd": "ok"}}, {"type": "Feature", "geometry": {"type": "Polygon", "coordinates": [[[126.54085, 35.49007], [126.54075, 35.49909], [126.55177, 35.49917], [126.55188, 35.49016], [126.54085, 35.49007]]]}, "properties": {"grid_id": "다마1322", "region_type_cd": "RURAL", "households": 3, "buildings": 4, "avg_score": 23.8, "risk_level_cd": "ok"}}, {"type": "Feature", "geometry": {"type": "Polygon", "coordinates": [[[126.54075, 35.49909], [126.54064, 35.5081], [126.55166, 35.50819], [126.55177, 35.49917], [126.54075, 35.49909]]]}, "properties": {"grid_id": "다마1323", "region_type_cd": "RURAL", "households": 4, "buildings": 5, "avg_score": 22.8, "risk_level_cd": "ok"}}, {"type": "Feature", "geometry": {"type": "Polygon", "coordinates": [[[126.54064, 35.5081], [126.54053, 35.51712], [126.55156, 35.5172], [126.55166, 35.50819], [126.54064, 35.5081]]]}, "properties": {"grid_id": "다마1324", "region_type_cd": "RURAL", "households": 8, "buildings": 9, "avg_score": 25.4, "risk_level_cd": "ok"}}, {"type": "Feature", "geometry": {"type": "Polygon", "coordinates": [[[126.54053, 35.51712], [126.54042, 35.52613], [126.55145, 35.52622], [126.55156, 35.5172], [126.54053, 35.51712]]]}, "properties": {"grid_id": "다마1325", "region_type_cd": "RURAL", "households": 34, "buildings": 66, "avg_score": 20.6, "risk_level_cd": "ok"}}, {"type": "Feature", "geometry": {"type": "Polygon", "coordinates": [[[126.55399, 35.30985], [126.55388, 35.31886], [126.56488, 35.31895], [126.56498, 35.30993], [126.55399, 35.30985]]]}, "properties": {"grid_id": "다마1402", "region_type_cd": "RURAL", "households": 15, "buildings": 17, "avg_score": 26.2, "risk_level_cd": "ok"}}, {"type": "Feature", "geometry": {"type": "Polygon", "coordinates": [[[126.55388, 35.31886], [126.55378, 35.32788], [126.56478, 35.32796], [126.56488, 35.31895], [126.55388, 35.31886]]]}, "properties": {"grid_id": "다마1403", "region_type_cd": "RURAL", "households": 11, "buildings": 12, "avg_score": 28.6, "risk_level_cd": "ok"}}, {"type": "Feature", "geometry": {"type": "Polygon", "coordinates": [[[126.55378, 35.32788], [126.55367, 35.33689], [126.56467, 35.33698], [126.56478, 35.32796], [126.55378, 35.32788]]]}, "properties": {"grid_id": "다마1404", "region_type_cd": "RURAL", "households": 12, "buildings": 17, "avg_score": 26.8, "risk_level_cd": "ok"}}, {"type": "Feature", "geometry": {"type": "Polygon", "coordinates": [[[126.55367, 35.33689], [126.55357, 35.34591], [126.56457, 35.34599], [126.56467, 35.33698], [126.55367, 35.33689]]]}, "properties": {"grid_id": "다마1405", "region_type_cd": "RURAL", "households": 9, "buildings": 12, "avg_score": 28.3, "risk_level_cd": "ok"}}, {"type": "Feature", "geometry": {"type": "Polygon", "coordinates": [[[126.55357, 35.34591], [126.55346, 35.35492], [126.56447, 35.35501], [126.56457, 35.34599], [126.55357, 35.34591]]]}, "properties": {"grid_id": "다마1406", "region_type_cd": "RURAL", "households": 13, "buildings": 8, "avg_score": 29.6, "risk_level_cd": "ok"}}, {"type": "Feature", "geometry": {"type": "Polygon", "coordinates": [[[126.55346, 35.35492], [126.55336, 35.36394], [126.56436, 35.36403], [126.56447, 35.35501], [126.55346, 35.35492]]]}, "properties": {"grid_id": "다마1407", "region_type_cd": "RURAL", "households": 13, "buildings": 17, "avg_score": 51.3, "risk_level_cd": "warn"}}, {"type": "Feature", "geometry": {"type": "Polygon", "coordinates": [[[126.55336, 35.36394], [126.55325, 35.37296], [126.56426, 35.37304], [126.56436, 35.36403], [126.55336, 35.36394]]]}, "properties": {"grid_id": "다마1408", "region_type_cd": "RURAL", "households": 14, "buildings": 35, "avg_score": 23.5, "risk_level_cd": "ok"}}, {"type": "Feature", "geometry": {"type": "Polygon", "coordinates": [[[126.55325, 35.37296], [126.55314, 35.38197], [126.56415, 35.38206], [126.56426, 35.37304], [126.55325, 35.37296]]]}, "properties": {"grid_id": "다마1409", "region_type_cd": "RURAL", "households": 13, "buildings": 20, "avg_score": 22.6, "risk_level_cd": "ok"}}, {"type": "Feature", "geometry": {"type": "Polygon", "coordinates": [[[126.55314, 35.38197], [126.55304, 35.39099], [126.56405, 35.39107], [126.56415, 35.38206], [126.55314, 35.38197]]]}, "properties": {"grid_id": "다마1410", "region_type_cd": "RURAL", "households": 8, "buildings": 5, "avg_score": 26.4, "risk_level_cd": "ok"}}, {"type": "Feature", "geometry": {"type": "Polygon", "coordinates": [[[126.55304, 35.39099], [126.55293, 35.4], [126.56394, 35.40009], [126.56405, 35.39107], [126.55304, 35.39099]]]}, "properties": {"grid_id": "다마1411", "region_type_cd": "RURAL", "households": 8, "buildings": 1, "avg_score": 19.2, "risk_level_cd": "ok"}}, {"type": "Feature", "geometry": {"type": "Polygon", "coordinates": [[[126.55293, 35.4], [126.55283, 35.40902], [126.56384, 35.4091], [126.56394, 35.40009], [126.55293, 35.4]]]}, "properties": {"grid_id": "다마1412", "region_type_cd": "RURAL", "households": 58, "buildings": 12, "avg_score": 26.6, "risk_level_cd": "ok"}}, {"type": "Feature", "geometry": {"type": "Polygon", "coordinates": [[[126.55283, 35.40902], [126.55272, 35.41803], [126.56374, 35.41812], [126.56384, 35.4091], [126.55283, 35.40902]]]}, "properties": {"grid_id": "다마1413", "region_type_cd": "BUFFER", "households": 104, "buildings": 131, "avg_score": 45.4, "risk_level_cd": "warn"}}, {"type": "Feature", "geometry": {"type": "Polygon", "coordinates": [[[126.55272, 35.41803], [126.55262, 35.42705], [126.56363, 35.42713], [126.56374, 35.41812], [126.55272, 35.41803]]]}, "properties": {"grid_id": "다마1414", "region_type_cd": "RURAL", "households": 61, "buildings": 40, "avg_score": 27.2, "risk_level_cd": "ok"}}, {"type": "Feature", "geometry": {"type": "Polygon", "coordinates": [[[126.55262, 35.42705], [126.55251, 35.43606], [126.56353, 35.43615], [126.56363, 35.42713], [126.55262, 35.42705]]]}, "properties": {"grid_id": "다마1415", "region_type_cd": "RURAL", "households": 12, "buildings": 11, "avg_score": 23.4, "risk_level_cd": "ok"}}, {"type": "Feature", "geometry": {"type": "Polygon", "coordinates": [[[126.55241, 35.44508], [126.5523, 35.4541], [126.56332, 35.45418], [126.56342, 35.44517], [126.55241, 35.44508]]]}, "properties": {"grid_id": "다마1417", "region_type_cd": "RURAL", "households": 11, "buildings": 14, "avg_score": 23.5, "risk_level_cd": "ok"}}, {"type": "Feature", "geometry": {"type": "Polygon", "coordinates": [[[126.5523, 35.4541], [126.55219, 35.46311], [126.56321, 35.4632], [126.56332, 35.45418], [126.5523, 35.4541]]]}, "properties": {"grid_id": "다마1418", "region_type_cd": "RURAL", "households": 20, "buildings": 12, "avg_score": 26.1, "risk_level_cd": "ok"}}, {"type": "Feature", "geometry": {"type": "Polygon", "coordinates": [[[126.55188, 35.49016], [126.55177, 35.49917], [126.5628, 35.49926], [126.5629, 35.49024], [126.55188, 35.49016]]]}, "properties": {"grid_id": "다마1422", "region_type_cd": "RURAL", "households": 1, "buildings": 1, "avg_score": 24.3, "risk_level_cd": "ok"}}, {"type": "Feature", "geometry": {"type": "Polygon", "coordinates": [[[126.55177, 35.49917], [126.55166, 35.50819], [126.56269, 35.50827], [126.5628, 35.49926], [126.55177, 35.49917]]]}, "properties": {"grid_id": "다마1423", "region_type_cd": "RURAL", "households": 4, "buildings": 4, "avg_score": 26.0, "risk_level_cd": "ok"}}, {"type": "Feature", "geometry": {"type": "Polygon", "coordinates": [[[126.55166, 35.50819], [126.55156, 35.5172], [126.56259, 35.51729], [126.56269, 35.50827], [126.55166, 35.50819]]]}, "properties": {"grid_id": "다마1424", "region_type_cd": "RURAL", "households": 17, "buildings": 7, "avg_score": 20.2, "risk_level_cd": "ok"}}, {"type": "Feature", "geometry": {"type": "Polygon", "coordinates": [[[126.55156, 35.5172], [126.55145, 35.52622], [126.56248, 35.52631], [126.56259, 35.51729], [126.55156, 35.5172]]]}, "properties": {"grid_id": "다마1425", "region_type_cd": "RURAL", "households": 41, "buildings": 79, "avg_score": 17.2, "risk_level_cd": "ok"}}, {"type": "Feature", "geometry": {"type": "Polygon", "coordinates": [[[126.55145, 35.52622], [126.55135, 35.53523], [126.56238, 35.53532], [126.56248, 35.52631], [126.55145, 35.52622]]]}, "properties": {"grid_id": "다마1426", "region_type_cd": "RURAL", "households": 39, "buildings": 49, "avg_score": 19.0, "risk_level_cd": "ok"}}, {"type": "Feature", "geometry": {"type": "Polygon", "coordinates": [[[126.55135, 35.53523], [126.55124, 35.54425], [126.56227, 35.54434], [126.56238, 35.53532], [126.55135, 35.53523]]]}, "properties": {"grid_id": "다마1427", "region_type_cd": "RURAL", "households": 20, "buildings": 3, "avg_score": 18.7, "risk_level_cd": "ok"}}, {"type": "Feature", "geometry": {"type": "Polygon", "coordinates": [[[126.56509, 35.30092], [126.56498, 35.30993], [126.57598, 35.31002], [126.57609, 35.301], [126.56509, 35.30092]]]}, "properties": {"grid_id": "다마1501", "region_type_cd": "RURAL", "households": 17, "buildings": 1, "avg_score": 21.5, "risk_level_cd": "ok"}}, {"type": "Feature", "geometry": {"type": "Polygon", "coordinates": [[[126.56498, 35.30993], [126.56488, 35.31895], [126.57588, 35.31903], [126.57598, 35.31002], [126.56498, 35.30993]]]}, "properties": {"grid_id": "다마1502", "region_type_cd": "RURAL", "households": 16, "buildings": 23, "avg_score": 24.8, "risk_level_cd": "ok"}}, {"type": "Feature", "geometry": {"type": "Polygon", "coordinates": [[[126.56488, 35.31895], [126.56478, 35.32796], [126.57578, 35.32805], [126.57588, 35.31903], [126.56488, 35.31895]]]}, "properties": {"grid_id": "다마1503", "region_type_cd": "RURAL", "households": 9, "buildings": 5, "avg_score": 24.6, "risk_level_cd": "ok"}}, {"type": "Feature", "geometry": {"type": "Polygon", "coordinates": [[[126.56478, 35.32796], [126.56467, 35.33698], [126.57568, 35.33706], [126.57578, 35.32805], [126.56478, 35.32796]]]}, "properties": {"grid_id": "다마1504", "region_type_cd": "RURAL", "households": 12, "buildings": 16, "avg_score": 25.2, "risk_level_cd": "ok"}}, {"type": "Feature", "geometry": {"type": "Polygon", "coordinates": [[[126.56467, 35.33698], [126.56457, 35.34599], [126.57557, 35.34608], [126.57568, 35.33706], [126.56467, 35.33698]]]}, "properties": {"grid_id": "다마1505", "region_type_cd": "RURAL", "households": 5, "buildings": 1, "avg_score": 21.7, "risk_level_cd": "ok"}}, {"type": "Feature", "geometry": {"type": "Polygon", "coordinates": [[[126.56457, 35.34599], [126.56447, 35.35501], [126.57547, 35.35509], [126.57557, 35.34608], [126.56457, 35.34599]]]}, "properties": {"grid_id": "다마1506", "region_type_cd": "RURAL", "households": 22, "buildings": 40, "avg_score": 25.0, "risk_level_cd": "ok"}}, {"type": "Feature", "geometry": {"type": "Polygon", "coordinates": [[[126.56447, 35.35501], [126.56436, 35.36403], [126.57537, 35.36411], [126.57547, 35.35509], [126.56447, 35.35501]]]}, "properties": {"grid_id": "다마1507", "region_type_cd": "RURAL", "households": 13, "buildings": 26, "avg_score": 29.0, "risk_level_cd": "ok"}}, {"type": "Feature", "geometry": {"type": "Polygon", "coordinates": [[[126.56436, 35.36403], [126.56426, 35.37304], [126.57526, 35.37313], [126.57537, 35.36411], [126.56436, 35.36403]]]}, "properties": {"grid_id": "다마1508", "region_type_cd": "RURAL", "households": 5, "buildings": 7, "avg_score": 28.3, "risk_level_cd": "ok"}}, {"type": "Feature", "geometry": {"type": "Polygon", "coordinates": [[[126.56426, 35.37304], [126.56415, 35.38206], [126.57516, 35.38214], [126.57526, 35.37313], [126.56426, 35.37304]]]}, "properties": {"grid_id": "다마1509", "region_type_cd": "RURAL", "households": 10, "buildings": 16, "avg_score": 26.7, "risk_level_cd": "ok"}}, {"type": "Feature", "geometry": {"type": "Polygon", "coordinates": [[[126.56415, 35.38206], [126.56405, 35.39107], [126.57506, 35.39116], [126.57516, 35.38214], [126.56415, 35.38206]]]}, "properties": {"grid_id": "다마1510", "region_type_cd": "RURAL", "households": 7, "buildings": 10, "avg_score": 24.6, "risk_level_cd": "ok"}}, {"type": "Feature", "geometry": {"type": "Polygon", "coordinates": [[[126.56405, 35.39107], [126.56394, 35.40009], [126.57496, 35.40017], [126.57506, 35.39116], [126.56405, 35.39107]]]}, "properties": {"grid_id": "다마1511", "region_type_cd": "RURAL", "households": 6, "buildings": 1, "avg_score": 78.6, "risk_level_cd": "danger"}}, {"type": "Feature", "geometry": {"type": "Polygon", "coordinates": [[[126.56394, 35.40009], [126.56384, 35.4091], [126.57485, 35.40919], [126.57496, 35.40017], [126.56394, 35.40009]]]}, "properties": {"grid_id": "다마1512", "region_type_cd": "RURAL", "households": 13, "buildings": 12, "avg_score": 58.1, "risk_level_cd": "warn"}}, {"type": "Feature", "geometry": {"type": "Polygon", "coordinates": [[[126.56384, 35.4091], [126.56374, 35.41812], [126.57475, 35.4182], [126.57485, 35.40919], [126.56384, 35.4091]]]}, "properties": {"grid_id": "다마1513", "region_type_cd": "RURAL", "households": 52, "buildings": 16, "avg_score": 76.0, "risk_level_cd": "danger"}}, {"type": "Feature", "geometry": {"type": "Polygon", "coordinates": [[[126.56374, 35.41812], [126.56363, 35.42713], [126.57465, 35.42722], [126.57475, 35.4182], [126.56374, 35.41812]]]}, "properties": {"grid_id": "다마1514", "region_type_cd": "RURAL", "households": 15, "buildings": 17, "avg_score": 23.8, "risk_level_cd": "ok"}}, {"type": "Feature", "geometry": {"type": "Polygon", "coordinates": [[[126.56363, 35.42713], [126.56353, 35.43615], [126.57454, 35.43624], [126.57465, 35.42722], [126.56363, 35.42713]]]}, "properties": {"grid_id": "다마1515", "region_type_cd": "RURAL", "households": 20, "buildings": 20, "avg_score": 22.5, "risk_level_cd": "ok"}}, {"type": "Feature", "geometry": {"type": "Polygon", "coordinates": [[[126.56342, 35.44517], [126.56332, 35.45418], [126.57434, 35.45427], [126.57444, 35.44525], [126.56342, 35.44517]]]}, "properties": {"grid_id": "다마1517", "region_type_cd": "RURAL", "households": 7, "buildings": 1, "avg_score": 24.7, "risk_level_cd": "ok"}}, {"type": "Feature", "geometry": {"type": "Polygon", "coordinates": [[[126.56332, 35.45418], [126.56321, 35.4632], [126.57423, 35.46328], [126.57434, 35.45427], [126.56332, 35.45418]]]}, "properties": {"grid_id": "다마1518", "region_type_cd": "RURAL", "households": 9, "buildings": 16, "avg_score": 25.7, "risk_level_cd": "ok"}}, {"type": "Feature", "geometry": {"type": "Polygon", "coordinates": [[[126.56311, 35.47221], [126.563, 35.48123], [126.57403, 35.48131], [126.57413, 35.4723], [126.56311, 35.47221]]]}, "properties": {"grid_id": "다마1520", "region_type_cd": "RURAL", "households": 0, "buildings": 1, "avg_score": 29.8, "risk_level_cd": "ok"}}, {"type": "Feature", "geometry": {"type": "Polygon", "coordinates": [[[126.56269, 35.50827], [126.56259, 35.51729], [126.57361, 35.51738], [126.57372, 35.50836], [126.56269, 35.50827]]]}, "properties": {"grid_id": "다마1524", "region_type_cd": "RURAL", "households": 9, "buildings": 15, "avg_score": 22.1, "risk_level_cd": "ok"}}, {"type": "Feature", "geometry": {"type": "Polygon", "coordinates": [[[126.56248, 35.52631], [126.56238, 35.53532], [126.57341, 35.53541], [126.57351, 35.52639], [126.56248, 35.52631]]]}, "properties": {"grid_id": "다마1526", "region_type_cd": "RURAL", "households": 26, "buildings": 8, "avg_score": 15.8, "risk_level_cd": "ok"}}, {"type": "Feature", "geometry": {"type": "Polygon", "coordinates": [[[126.56238, 35.53532], [126.56227, 35.54434], [126.5733, 35.54442], [126.57341, 35.53541], [126.56238, 35.53532]]]}, "properties": {"grid_id": "다마1527", "region_type_cd": "BUFFER", "households": 68, "buildings": 143, "avg_score": 14.2, "risk_level_cd": "ok"}}, {"type": "Feature", "geometry": {"type": "Polygon", "coordinates": [[[126.57609, 35.301], [126.57598, 35.31002], [126.58698, 35.3101], [126.58708, 35.30108], [126.57609, 35.301]]]}, "properties": {"grid_id": "다마1601", "region_type_cd": "RURAL", "households": 22, "buildings": 22, "avg_score": 21.5, "risk_level_cd": "ok"}}, {"type": "Feature", "geometry": {"type": "Polygon", "coordinates": [[[126.57598, 35.31002], [126.57588, 35.31903], [126.58688, 35.31911], [126.58698, 35.3101], [126.57598, 35.31002]]]}, "properties": {"grid_id": "다마1602", "region_type_cd": "RURAL", "households": 15, "buildings": 21, "avg_score": 27.5, "risk_level_cd": "ok"}}, {"type": "Feature", "geometry": {"type": "Polygon", "coordinates": [[[126.57588, 35.31903], [126.57578, 35.32805], [126.58678, 35.32813], [126.58688, 35.31911], [126.57588, 35.31903]]]}, "properties": {"grid_id": "다마1603", "region_type_cd": "RURAL", "households": 10, "buildings": 9, "avg_score": 28.3, "risk_level_cd": "ok"}}, {"type": "Feature", "geometry": {"type": "Polygon", "coordinates": [[[126.57578, 35.32805], [126.57568, 35.33706], [126.58668, 35.33715], [126.58678, 35.32813], [126.57578, 35.32805]]]}, "properties": {"grid_id": "다마1604", "region_type_cd": "RURAL", "households": 8, "buildings": 6, "avg_score": 26.8, "risk_level_cd": "ok"}}, {"type": "Feature", "geometry": {"type": "Polygon", "coordinates": [[[126.57568, 35.33706], [126.57557, 35.34608], [126.58658, 35.34616], [126.58668, 35.33715], [126.57568, 35.33706]]]}, "properties": {"grid_id": "다마1605", "region_type_cd": "RURAL", "households": 35, "buildings": 33, "avg_score": 26.3, "risk_level_cd": "ok"}}, {"type": "Feature", "geometry": {"type": "Polygon", "coordinates": [[[126.57557, 35.34608], [126.57547, 35.35509], [126.58648, 35.35518], [126.58658, 35.34616], [126.57557, 35.34608]]]}, "properties": {"grid_id": "다마1606", "region_type_cd": "RURAL", "households": 17, "buildings": 18, "avg_score": 26.9, "risk_level_cd": "ok"}}, {"type": "Feature", "geometry": {"type": "Polygon", "coordinates": [[[126.57547, 35.35509], [126.57537, 35.36411], [126.58637, 35.36419], [126.58648, 35.35518], [126.57547, 35.35509]]]}, "properties": {"grid_id": "다마1607", "region_type_cd": "RURAL", "households": 7, "buildings": 10, "avg_score": 26.2, "risk_level_cd": "ok"}}, {"type": "Feature", "geometry": {"type": "Polygon", "coordinates": [[[126.57537, 35.36411], [126.57526, 35.37313], [126.58627, 35.37321], [126.58637, 35.36419], [126.57537, 35.36411]]]}, "properties": {"grid_id": "다마1608", "region_type_cd": "RURAL", "households": 2, "buildings": 2, "avg_score": 36.8, "risk_level_cd": "warn"}}, {"type": "Feature", "geometry": {"type": "Polygon", "coordinates": [[[126.57526, 35.37313], [126.57516, 35.38214], [126.58617, 35.38223], [126.58627, 35.37321], [126.57526, 35.37313]]]}, "properties": {"grid_id": "다마1609", "region_type_cd": "RURAL", "households": 6, "buildings": 5, "avg_score": 23.1, "risk_level_cd": "ok"}}, {"type": "Feature", "geometry": {"type": "Polygon", "coordinates": [[[126.57516, 35.38214], [126.57506, 35.39116], [126.58607, 35.39124], [126.58617, 35.38223], [126.57516, 35.38214]]]}, "properties": {"grid_id": "다마1610", "region_type_cd": "RURAL", "households": 8, "buildings": 3, "avg_score": 20.7, "risk_level_cd": "ok"}}, {"type": "Feature", "geometry": {"type": "Polygon", "coordinates": [[[126.57506, 35.39116], [126.57496, 35.40017], [126.58597, 35.40026], [126.58607, 35.39124], [126.57506, 35.39116]]]}, "properties": {"grid_id": "다마1611", "region_type_cd": "RURAL", "households": 12, "buildings": 12, "avg_score": 30.5, "risk_level_cd": "ok"}}, {"type": "Feature", "geometry": {"type": "Polygon", "coordinates": [[[126.57496, 35.40017], [126.57485, 35.40919], [126.58587, 35.40927], [126.58597, 35.40026], [126.57496, 35.40017]]]}, "properties": {"grid_id": "다마1612", "region_type_cd": "RURAL", "households": 11, "buildings": 5, "avg_score": 24.1, "risk_level_cd": "ok"}}, {"type": "Feature", "geometry": {"type": "Polygon", "coordinates": [[[126.57485, 35.40919], [126.57475, 35.4182], [126.58576, 35.41829], [126.58587, 35.40927], [126.57485, 35.40919]]]}, "properties": {"grid_id": "다마1613", "region_type_cd": "RURAL", "households": 17, "buildings": 31, "avg_score": 25.0, "risk_level_cd": "ok"}}, {"type": "Feature", "geometry": {"type": "Polygon", "coordinates": [[[126.57475, 35.4182], [126.57465, 35.42722], [126.58566, 35.4273], [126.58576, 35.41829], [126.57475, 35.4182]]]}, "properties": {"grid_id": "다마1614", "region_type_cd": "RURAL", "households": 11, "buildings": 12, "avg_score": 22.4, "risk_level_cd": "ok"}}, {"type": "Feature", "geometry": {"type": "Polygon", "coordinates": [[[126.57465, 35.42722], [126.57454, 35.43624], [126.58556, 35.43632], [126.58566, 35.4273], [126.57465, 35.42722]]]}, "properties": {"grid_id": "다마1615", "region_type_cd": "RURAL", "households": 10, "buildings": 10, "avg_score": 26.2, "risk_level_cd": "ok"}}, {"type": "Feature", "geometry": {"type": "Polygon", "coordinates": [[[126.57454, 35.43624], [126.57444, 35.44525], [126.58546, 35.44534], [126.58556, 35.43632], [126.57454, 35.43624]]]}, "properties": {"grid_id": "다마1616", "region_type_cd": "RURAL", "households": 12, "buildings": 7, "avg_score": 23.0, "risk_level_cd": "ok"}}, {"type": "Feature", "geometry": {"type": "Polygon", "coordinates": [[[126.57444, 35.44525], [126.57434, 35.45427], [126.58536, 35.45435], [126.58546, 35.44534], [126.57444, 35.44525]]]}, "properties": {"grid_id": "다마1617", "region_type_cd": "RURAL", "households": 10, "buildings": 13, "avg_score": 23.6, "risk_level_cd": "ok"}}, {"type": "Feature", "geometry": {"type": "Polygon", "coordinates": [[[126.57434, 35.45427], [126.57423, 35.46328], [126.58525, 35.46337], [126.58536, 35.45435], [126.57434, 35.45427]]]}, "properties": {"grid_id": "다마1618", "region_type_cd": "RURAL", "households": 10, "buildings": 13, "avg_score": 21.9, "risk_level_cd": "ok"}}, {"type": "Feature", "geometry": {"type": "Polygon", "coordinates": [[[126.57392, 35.49033], [126.57382, 35.49934], [126.58484, 35.49943], [126.58495, 35.49041], [126.57392, 35.49033]]]}, "properties": {"grid_id": "다마1622", "region_type_cd": "RURAL", "households": 2, "buildings": 2, "avg_score": 39.0, "risk_level_cd": "warn"}}, {"type": "Feature", "geometry": {"type": "Polygon", "coordinates": [[[126.57382, 35.49934], [126.57372, 35.50836], [126.58474, 35.50844], [126.58484, 35.49943], [126.57382, 35.49934]]]}, "properties": {"grid_id": "다마1623", "region_type_cd": "RURAL", "households": 12, "buildings": 9, "avg_score": 25.1, "risk_level_cd": "ok"}}, {"type": "Feature", "geometry": {"type": "Polygon", "coordinates": [[[126.57341, 35.53541], [126.5733, 35.54442], [126.58433, 35.54451], [126.58444, 35.53549], [126.57341, 35.53541]]]}, "properties": {"grid_id": "다마1627", "region_type_cd": "RURAL", "households": 7, "buildings": 8, "avg_score": 22.3, "risk_level_cd": "ok"}}, {"type": "Feature", "geometry": {"type": "Polygon", "coordinates": [[[126.58698, 35.3101], [126.58688, 35.31911], [126.59788, 35.3192], [126.59798, 35.31018], [126.58698, 35.3101]]]}, "properties": {"grid_id": "다마1702", "region_type_cd": "RURAL", "households": 13, "buildings": 4, "avg_score": 30.1, "risk_level_cd": "ok"}}, {"type": "Feature", "geometry": {"type": "Polygon", "coordinates": [[[126.58678, 35.32813], [126.58668, 35.33715], [126.59768, 35.33723], [126.59778, 35.32821], [126.58678, 35.32813]]]}, "properties": {"grid_id": "다마1704", "region_type_cd": "RURAL", "households": 39, "buildings": 14, "avg_score": 24.8, "risk_level_cd": "ok"}}, {"type": "Feature", "geometry": {"type": "Polygon", "coordinates": [[[126.58668, 35.33715], [126.58658, 35.34616], [126.59758, 35.34625], [126.59768, 35.33723], [126.58668, 35.33715]]]}, "properties": {"grid_id": "다마1705", "region_type_cd": "BUFFER", "households": 70, "buildings": 92, "avg_score": 37.2, "risk_level_cd": "warn"}}, {"type": "Feature", "geometry": {"type": "Polygon", "coordinates": [[[126.58658, 35.34616], [126.58648, 35.35518], [126.59748, 35.35526], [126.59758, 35.34625], [126.58658, 35.34616]]]}, "properties": {"grid_id": "다마1706", "region_type_cd": "RURAL", "households": 43, "buildings": 31, "avg_score": 22.8, "risk_level_cd": "ok"}}, {"type": "Feature", "geometry": {"type": "Polygon", "coordinates": [[[126.58648, 35.35518], [126.58637, 35.36419], [126.59738, 35.36428], [126.59748, 35.35526], [126.58648, 35.35518]]]}, "properties": {"grid_id": "다마1707", "region_type_cd": "RURAL", "households": 19, "buildings": 33, "avg_score": 24.0, "risk_level_cd": "ok"}}, {"type": "Feature", "geometry": {"type": "Polygon", "coordinates": [[[126.58637, 35.36419], [126.58627, 35.37321], [126.59728, 35.37329], [126.59738, 35.36428], [126.58637, 35.36419]]]}, "properties": {"grid_id": "다마1708", "region_type_cd": "RURAL", "households": 8, "buildings": 3, "avg_score": 26.8, "risk_level_cd": "ok"}}, {"type": "Feature", "geometry": {"type": "Polygon", "coordinates": [[[126.58627, 35.37321], [126.58617, 35.38223], [126.59718, 35.38231], [126.59728, 35.37329], [126.58627, 35.37321]]]}, "properties": {"grid_id": "다마1709", "region_type_cd": "RURAL", "households": 17, "buildings": 20, "avg_score": 24.4, "risk_level_cd": "ok"}}, {"type": "Feature", "geometry": {"type": "Polygon", "coordinates": [[[126.58617, 35.38223], [126.58607, 35.39124], [126.59708, 35.39132], [126.59718, 35.38231], [126.58617, 35.38223]]]}, "properties": {"grid_id": "다마1710", "region_type_cd": "RURAL", "households": 19, "buildings": 36, "avg_score": 25.5, "risk_level_cd": "ok"}}, {"type": "Feature", "geometry": {"type": "Polygon", "coordinates": [[[126.58607, 35.39124], [126.58597, 35.40026], [126.59698, 35.40034], [126.59708, 35.39132], [126.58607, 35.39124]]]}, "properties": {"grid_id": "다마1711", "region_type_cd": "RURAL", "households": 12, "buildings": 3, "avg_score": 20.7, "risk_level_cd": "ok"}}, {"type": "Feature", "geometry": {"type": "Polygon", "coordinates": [[[126.58597, 35.40026], [126.58587, 35.40927], [126.59688, 35.40936], [126.59698, 35.40034], [126.58597, 35.40026]]]}, "properties": {"grid_id": "다마1712", "region_type_cd": "RURAL", "households": 7, "buildings": 8, "avg_score": 26.9, "risk_level_cd": "ok"}}, {"type": "Feature", "geometry": {"type": "Polygon", "coordinates": [[[126.58587, 35.40927], [126.58576, 35.41829], [126.59678, 35.41837], [126.59688, 35.40936], [126.58587, 35.40927]]]}, "properties": {"grid_id": "다마1713", "region_type_cd": "RURAL", "households": 7, "buildings": 3, "avg_score": 24.7, "risk_level_cd": "ok"}}, {"type": "Feature", "geometry": {"type": "Polygon", "coordinates": [[[126.58576, 35.41829], [126.58566, 35.4273], [126.59668, 35.42739], [126.59678, 35.41837], [126.58576, 35.41829]]]}, "properties": {"grid_id": "다마1714", "region_type_cd": "RURAL", "households": 9, "buildings": 9, "avg_score": 24.9, "risk_level_cd": "ok"}}, {"type": "Feature", "geometry": {"type": "Polygon", "coordinates": [[[126.58566, 35.4273], [126.58556, 35.43632], [126.59658, 35.4364], [126.59668, 35.42739], [126.58566, 35.4273]]]}, "properties": {"grid_id": "다마1715", "region_type_cd": "RURAL", "households": 9, "buildings": 12, "avg_score": 23.0, "risk_level_cd": "ok"}}, {"type": "Feature", "geometry": {"type": "Polygon", "coordinates": [[[126.58556, 35.43632], [126.58546, 35.44534], [126.59648, 35.44542], [126.59658, 35.4364], [126.58556, 35.43632]]]}, "properties": {"grid_id": "다마1716", "region_type_cd": "RURAL", "households": 11, "buildings": 17, "avg_score": 25.4, "risk_level_cd": "ok"}}, {"type": "Feature", "geometry": {"type": "Polygon", "coordinates": [[[126.58546, 35.44534], [126.58536, 35.45435], [126.59637, 35.45443], [126.59648, 35.44542], [126.58546, 35.44534]]]}, "properties": {"grid_id": "다마1717", "region_type_cd": "RURAL", "households": 9, "buildings": 5, "avg_score": 23.1, "risk_level_cd": "ok"}}, {"type": "Feature", "geometry": {"type": "Polygon", "coordinates": [[[126.58536, 35.45435], [126.58525, 35.46337], [126.59627, 35.46345], [126.59637, 35.45443], [126.58536, 35.45435]]]}, "properties": {"grid_id": "다마1718", "region_type_cd": "RURAL", "households": 6, "buildings": 5, "avg_score": 22.6, "risk_level_cd": "ok"}}, {"type": "Feature", "geometry": {"type": "Polygon", "coordinates": [[[126.58515, 35.47238], [126.58505, 35.4814], [126.59607, 35.48148], [126.59617, 35.47246], [126.58515, 35.47238]]]}, "properties": {"grid_id": "다마1720", "region_type_cd": "RURAL", "households": 4, "buildings": 3, "avg_score": 21.0, "risk_level_cd": "ok"}}, {"type": "Feature", "geometry": {"type": "Polygon", "coordinates": [[[126.58505, 35.4814], [126.58495, 35.49041], [126.59597, 35.4905], [126.59607, 35.48148], [126.58505, 35.4814]]]}, "properties": {"grid_id": "다마1721", "region_type_cd": "RURAL", "households": 6, "buildings": 4, "avg_score": 26.1, "risk_level_cd": "ok"}}, {"type": "Feature", "geometry": {"type": "Polygon", "coordinates": [[[126.58484, 35.49943], [126.58474, 35.50844], [126.59577, 35.50853], [126.59587, 35.49951], [126.58484, 35.49943]]]}, "properties": {"grid_id": "다마1723", "region_type_cd": "RURAL", "households": 24, "buildings": 50, "avg_score": 23.0, "risk_level_cd": "ok"}}, {"type": "Feature", "geometry": {"type": "Polygon", "coordinates": [[[126.58474, 35.50844], [126.58464, 35.51746], [126.59567, 35.51754], [126.59577, 35.50853], [126.58474, 35.50844]]]}, "properties": {"grid_id": "다마1724", "region_type_cd": "RURAL", "households": 13, "buildings": 2, "avg_score": 25.4, "risk_level_cd": "ok"}}, {"type": "Feature", "geometry": {"type": "Polygon", "coordinates": [[[126.58464, 35.51746], [126.58454, 35.52648], [126.59557, 35.52656], [126.59567, 35.51754], [126.58464, 35.51746]]]}, "properties": {"grid_id": "다마1725", "region_type_cd": "RURAL", "households": 5, "buildings": 10, "avg_score": 24.5, "risk_level_cd": "ok"}}, {"type": "Feature", "geometry": {"type": "Polygon", "coordinates": [[[126.58444, 35.53549], [126.58433, 35.54451], [126.59536, 35.54459], [126.59547, 35.53557], [126.58444, 35.53549]]]}, "properties": {"grid_id": "다마1727", "region_type_cd": "RURAL", "households": 11, "buildings": 19, "avg_score": 23.5, "risk_level_cd": "ok"}}, {"type": "Feature", "geometry": {"type": "Polygon", "coordinates": [[[126.58413, 35.56254], [126.58403, 35.57155], [126.59506, 35.57164], [126.59516, 35.56262], [126.58413, 35.56254]]]}, "properties": {"grid_id": "다마1730", "region_type_cd": "RURAL", "households": 2, "buildings": 1, "avg_score": 24.0, "risk_level_cd": "ok"}}, {"type": "Feature", "geometry": {"type": "Polygon", "coordinates": [[[126.58403, 35.57155], [126.58392, 35.58057], [126.59496, 35.58065], [126.59506, 35.57164], [126.58403, 35.57155]]]}, "properties": {"grid_id": "다마1731", "region_type_cd": "RURAL", "households": 2, "buildings": 3, "avg_score": 23.1, "risk_level_cd": "ok"}}, {"type": "Feature", "geometry": {"type": "Polygon", "coordinates": [[[126.59778, 35.32821], [126.59768, 35.33723], [126.60868, 35.33731], [126.60878, 35.32829], [126.59778, 35.32821]]]}, "properties": {"grid_id": "다마1804", "region_type_cd": "RURAL", "households": 29, "buildings": 2, "avg_score": 26.5, "risk_level_cd": "ok"}}, {"type": "Feature", "geometry": {"type": "Polygon", "coordinates": [[[126.59768, 35.33723], [126.59758, 35.34625], [126.60858, 35.34633], [126.60868, 35.33731], [126.59768, 35.33723]]]}, "properties": {"grid_id": "다마1805", "region_type_cd": "BUFFER", "households": 75, "buildings": 133, "avg_score": 17.3, "risk_level_cd": "ok"}}, {"type": "Feature", "geometry": {"type": "Polygon", "coordinates": [[[126.59758, 35.34625], [126.59748, 35.35526], [126.60849, 35.35534], [126.60858, 35.34633], [126.59758, 35.34625]]]}, "properties": {"grid_id": "다마1806", "region_type_cd": "RURAL", "households": 19, "buildings": 9, "avg_score": 27.0, "risk_level_cd": "ok"}}, {"type": "Feature", "geometry": {"type": "Polygon", "coordinates": [[[126.59748, 35.35526], [126.59738, 35.36428], [126.60839, 35.36436], [126.60849, 35.35534], [126.59748, 35.35526]]]}, "properties": {"grid_id": "다마1807", "region_type_cd": "RURAL", "households": 7, "buildings": 13, "avg_score": 26.0, "risk_level_cd": "ok"}}, {"type": "Feature", "geometry": {"type": "Polygon", "coordinates": [[[126.59738, 35.36428], [126.59728, 35.37329], [126.60829, 35.37337], [126.60839, 35.36436], [126.59738, 35.36428]]]}, "properties": {"grid_id": "다마1808", "region_type_cd": "RURAL", "households": 10, "buildings": 13, "avg_score": 25.0, "risk_level_cd": "ok"}}, {"type": "Feature", "geometry": {"type": "Polygon", "coordinates": [[[126.59728, 35.37329], [126.59718, 35.38231], [126.60819, 35.38239], [126.60829, 35.37337], [126.59728, 35.37329]]]}, "properties": {"grid_id": "다마1809", "region_type_cd": "RURAL", "households": 9, "buildings": 5, "avg_score": 25.9, "risk_level_cd": "ok"}}, {"type": "Feature", "geometry": {"type": "Polygon", "coordinates": [[[126.59718, 35.38231], [126.59708, 35.39132], [126.60809, 35.39141], [126.60819, 35.38239], [126.59718, 35.38231]]]}, "properties": {"grid_id": "다마1810", "region_type_cd": "RURAL", "households": 4, "buildings": 4, "avg_score": 26.2, "risk_level_cd": "ok"}}, {"type": "Feature", "geometry": {"type": "Polygon", "coordinates": [[[126.59708, 35.39132], [126.59698, 35.40034], [126.60799, 35.40042], [126.60809, 35.39141], [126.59708, 35.39132]]]}, "properties": {"grid_id": "다마1811", "region_type_cd": "RURAL", "households": 3, "buildings": 2, "avg_score": 27.8, "risk_level_cd": "ok"}}, {"type": "Feature", "geometry": {"type": "Polygon", "coordinates": [[[126.59698, 35.40034], [126.59688, 35.40936], [126.60789, 35.40944], [126.60799, 35.40042], [126.59698, 35.40034]]]}, "properties": {"grid_id": "다마1812", "region_type_cd": "RURAL", "households": 13, "buildings": 11, "avg_score": 24.4, "risk_level_cd": "ok"}}, {"type": "Feature", "geometry": {"type": "Polygon", "coordinates": [[[126.59688, 35.40936], [126.59678, 35.41837], [126.60779, 35.41845], [126.60789, 35.40944], [126.59688, 35.40936]]]}, "properties": {"grid_id": "다마1813", "region_type_cd": "RURAL", "households": 19, "buildings": 15, "avg_score": 19.1, "risk_level_cd": "ok"}}, {"type": "Feature", "geometry": {"type": "Polygon", "coordinates": [[[126.59678, 35.41837], [126.59668, 35.42739], [126.60769, 35.42747], [126.60779, 35.41845], [126.59678, 35.41837]]]}, "properties": {"grid_id": "다마1814", "region_type_cd": "RURAL", "households": 11, "buildings": 12, "avg_score": 22.7, "risk_level_cd": "ok"}}, {"type": "Feature", "geometry": {"type": "Polygon", "coordinates": [[[126.59668, 35.42739], [126.59658, 35.4364], [126.60759, 35.43648], [126.60769, 35.42747], [126.59668, 35.42739]]]}, "properties": {"grid_id": "다마1815", "region_type_cd": "RURAL", "households": 14, "buildings": 20, "avg_score": 23.6, "risk_level_cd": "ok"}}, {"type": "Feature", "geometry": {"type": "Polygon", "coordinates": [[[126.59658, 35.4364], [126.59648, 35.44542], [126.60749, 35.4455], [126.60759, 35.43648], [126.59658, 35.4364]]]}, "properties": {"grid_id": "다마1816", "region_type_cd": "RURAL", "households": 9, "buildings": 9, "avg_score": 24.0, "risk_level_cd": "ok"}}, {"type": "Feature", "geometry": {"type": "Polygon", "coordinates": [[[126.59648, 35.44542], [126.59637, 35.45443], [126.60739, 35.45452], [126.60749, 35.4455], [126.59648, 35.44542]]]}, "properties": {"grid_id": "다마1817", "region_type_cd": "RURAL", "households": 14, "buildings": 20, "avg_score": 26.5, "risk_level_cd": "ok"}}, {"type": "Feature", "geometry": {"type": "Polygon", "coordinates": [[[126.59637, 35.45443], [126.59627, 35.46345], [126.60729, 35.46353], [126.60739, 35.45452], [126.59637, 35.45443]]]}, "properties": {"grid_id": "다마1818", "region_type_cd": "RURAL", "households": 3, "buildings": 3, "avg_score": 20.1, "risk_level_cd": "ok"}}, {"type": "Feature", "geometry": {"type": "Polygon", "coordinates": [[[126.59627, 35.46345], [126.59617, 35.47246], [126.60719, 35.47255], [126.60729, 35.46353], [126.59627, 35.46345]]]}, "properties": {"grid_id": "다마1819", "region_type_cd": "RURAL", "households": 2, "buildings": 2, "avg_score": 21.9, "risk_level_cd": "ok"}}, {"type": "Feature", "geometry": {"type": "Polygon", "coordinates": [[[126.59617, 35.47246], [126.59607, 35.48148], [126.60709, 35.48156], [126.60719, 35.47255], [126.59617, 35.47246]]]}, "properties": {"grid_id": "다마1820", "region_type_cd": "RURAL", "households": 12, "buildings": 13, "avg_score": 25.4, "risk_level_cd": "ok"}}, {"type": "Feature", "geometry": {"type": "Polygon", "coordinates": [[[126.59607, 35.48148], [126.59597, 35.4905], [126.60699, 35.49058], [126.60709, 35.48156], [126.59607, 35.48148]]]}, "properties": {"grid_id": "다마1821", "region_type_cd": "RURAL", "households": 11, "buildings": 16, "avg_score": 25.7, "risk_level_cd": "ok"}}, {"type": "Feature", "geometry": {"type": "Polygon", "coordinates": [[[126.59597, 35.4905], [126.59587, 35.49951], [126.60689, 35.49959], [126.60699, 35.49058], [126.59597, 35.4905]]]}, "properties": {"grid_id": "다마1822", "region_type_cd": "RURAL", "households": 7, "buildings": 6, "avg_score": 24.1, "risk_level_cd": "ok"}}, {"type": "Feature", "geometry": {"type": "Polygon", "coordinates": [[[126.59587, 35.49951], [126.59577, 35.50853], [126.60679, 35.50861], [126.60689, 35.49959], [126.59587, 35.49951]]]}, "properties": {"grid_id": "다마1823", "region_type_cd": "RURAL", "households": 16, "buildings": 12, "avg_score": 26.1, "risk_level_cd": "ok"}}, {"type": "Feature", "geometry": {"type": "Polygon", "coordinates": [[[126.59577, 35.50853], [126.59567, 35.51754], [126.60669, 35.51762], [126.60679, 35.50861], [126.59577, 35.50853]]]}, "properties": {"grid_id": "다마1824", "region_type_cd": "RURAL", "households": 8, "buildings": 25, "avg_score": 24.3, "risk_level_cd": "ok"}}, {"type": "Feature", "geometry": {"type": "Polygon", "coordinates": [[[126.59557, 35.52656], [126.59547, 35.53557], [126.60649, 35.53566], [126.60659, 35.52664], [126.59557, 35.52656]]]}, "properties": {"grid_id": "다마1826", "region_type_cd": "RURAL", "households": 4, "buildings": 14, "avg_score": 24.1, "risk_level_cd": "ok"}}, {"type": "Feature", "geometry": {"type": "Polygon", "coordinates": [[[126.60888, 35.31928], [126.60878, 35.32829], [126.61978, 35.32838], [126.61988, 35.31936], [126.60888, 35.31928]]]}, "properties": {"grid_id": "다마1903", "region_type_cd": "RURAL", "households": 18, "buildings": 16, "avg_score": 27.4, "risk_level_cd": "ok"}}, {"type": "Feature", "geometry": {"type": "Polygon", "coordinates": [[[126.60878, 35.32829], [126.60868, 35.33731], [126.61969, 35.33739], [126.61978, 35.32838], [126.60878, 35.32829]]]}, "properties": {"grid_id": "다마1904", "region_type_cd": "RURAL", "households": 7, "buildings": 7, "avg_score": 29.5, "risk_level_cd": "ok"}}, {"type": "Feature", "geometry": {"type": "Polygon", "coordinates": [[[126.60868, 35.33731], [126.60858, 35.34633], [126.61959, 35.34641], [126.61969, 35.33739], [126.60868, 35.33731]]]}, "properties": {"grid_id": "다마1905", "region_type_cd": "RURAL", "households": 21, "buildings": 19, "avg_score": 26.5, "risk_level_cd": "ok"}}, {"type": "Feature", "geometry": {"type": "Polygon", "coordinates": [[[126.60858, 35.34633], [126.60849, 35.35534], [126.61949, 35.35542], [126.61959, 35.34641], [126.60858, 35.34633]]]}, "properties": {"grid_id": "다마1906", "region_type_cd": "RURAL", "households": 14, "buildings": 15, "avg_score": 22.6, "risk_level_cd": "ok"}}, {"type": "Feature", "geometry": {"type": "Polygon", "coordinates": [[[126.60849, 35.35534], [126.60839, 35.36436], [126.61939, 35.36444], [126.61949, 35.35542], [126.60849, 35.35534]]]}, "properties": {"grid_id": "다마1907", "region_type_cd": "RURAL", "households": 8, "buildings": 9, "avg_score": 28.7, "risk_level_cd": "ok"}}, {"type": "Feature", "geometry": {"type": "Polygon", "coordinates": [[[126.60839, 35.36436], [126.60829, 35.37337], [126.61929, 35.37345], [126.61939, 35.36444], [126.60839, 35.36436]]]}, "properties": {"grid_id": "다마1908", "region_type_cd": "RURAL", "households": 6, "buildings": 1, "avg_score": 28.6, "risk_level_cd": "ok"}}, {"type": "Feature", "geometry": {"type": "Polygon", "coordinates": [[[126.60819, 35.38239], [126.60809, 35.39141], [126.6191, 35.39149], [126.6192, 35.38247], [126.60819, 35.38239]]]}, "properties": {"grid_id": "다마1910", "region_type_cd": "RURAL", "households": 10, "buildings": 11, "avg_score": 27.7, "risk_level_cd": "ok"}}, {"type": "Feature", "geometry": {"type": "Polygon", "coordinates": [[[126.60809, 35.39141], [126.60799, 35.40042], [126.619, 35.4005], [126.6191, 35.39149], [126.60809, 35.39141]]]}, "properties": {"grid_id": "다마1911", "region_type_cd": "RURAL", "households": 8, "buildings": 5, "avg_score": 22.8, "risk_level_cd": "ok"}}, {"type": "Feature", "geometry": {"type": "Polygon", "coordinates": [[[126.60799, 35.40042], [126.60789, 35.40944], [126.6189, 35.40952], [126.619, 35.4005], [126.60799, 35.40042]]]}, "properties": {"grid_id": "다마1912", "region_type_cd": "RURAL", "households": 10, "buildings": 9, "avg_score": 24.9, "risk_level_cd": "ok"}}, {"type": "Feature", "geometry": {"type": "Polygon", "coordinates": [[[126.60789, 35.40944], [126.60779, 35.41845], [126.6188, 35.41853], [126.6189, 35.40952], [126.60789, 35.40944]]]}, "properties": {"grid_id": "다마1913", "region_type_cd": "RURAL", "households": 11, "buildings": 7, "avg_score": 22.3, "risk_level_cd": "ok"}}, {"type": "Feature", "geometry": {"type": "Polygon", "coordinates": [[[126.60779, 35.41845], [126.60769, 35.42747], [126.61871, 35.42755], [126.6188, 35.41853], [126.60779, 35.41845]]]}, "properties": {"grid_id": "다마1914", "region_type_cd": "RURAL", "households": 13, "buildings": 18, "avg_score": 23.8, "risk_level_cd": "ok"}}, {"type": "Feature", "geometry": {"type": "Polygon", "coordinates": [[[126.60769, 35.42747], [126.60759, 35.43648], [126.61861, 35.43657], [126.61871, 35.42755], [126.60769, 35.42747]]]}, "properties": {"grid_id": "다마1915", "region_type_cd": "RURAL", "households": 17, "buildings": 29, "avg_score": 22.3, "risk_level_cd": "ok"}}, {"type": "Feature", "geometry": {"type": "Polygon", "coordinates": [[[126.60759, 35.43648], [126.60749, 35.4455], [126.61851, 35.44558], [126.61861, 35.43657], [126.60759, 35.43648]]]}, "properties": {"grid_id": "다마1916", "region_type_cd": "RURAL", "households": 13, "buildings": 13, "avg_score": 23.8, "risk_level_cd": "ok"}}, {"type": "Feature", "geometry": {"type": "Polygon", "coordinates": [[[126.60749, 35.4455], [126.60739, 35.45452], [126.61841, 35.4546], [126.61851, 35.44558], [126.60749, 35.4455]]]}, "properties": {"grid_id": "다마1917", "region_type_cd": "RURAL", "households": 9, "buildings": 13, "avg_score": 24.6, "risk_level_cd": "ok"}}, {"type": "Feature", "geometry": {"type": "Polygon", "coordinates": [[[126.60739, 35.45452], [126.60729, 35.46353], [126.61831, 35.46361], [126.61841, 35.4546], [126.60739, 35.45452]]]}, "properties": {"grid_id": "다마1918", "region_type_cd": "RURAL", "households": 3, "buildings": 1, "avg_score": 23.7, "risk_level_cd": "ok"}}, {"type": "Feature", "geometry": {"type": "Polygon", "coordinates": [[[126.60729, 35.46353], [126.60719, 35.47255], [126.61821, 35.47263], [126.61831, 35.46361], [126.60729, 35.46353]]]}, "properties": {"grid_id": "다마1919", "region_type_cd": "RURAL", "households": 1, "buildings": 1, "avg_score": 20.0, "risk_level_cd": "ok"}}, {"type": "Feature", "geometry": {"type": "Polygon", "coordinates": [[[126.60719, 35.47255], [126.60709, 35.48156], [126.61812, 35.48164], [126.61821, 35.47263], [126.60719, 35.47255]]]}, "properties": {"grid_id": "다마1920", "region_type_cd": "RURAL", "households": 5, "buildings": 5, "avg_score": 24.6, "risk_level_cd": "ok"}}, {"type": "Feature", "geometry": {"type": "Polygon", "coordinates": [[[126.60709, 35.48156], [126.60699, 35.49058], [126.61802, 35.49066], [126.61812, 35.48164], [126.60709, 35.48156]]]}, "properties": {"grid_id": "다마1921", "region_type_cd": "RURAL", "households": 16, "buildings": 27, "avg_score": 25.9, "risk_level_cd": "ok"}}, {"type": "Feature", "geometry": {"type": "Polygon", "coordinates": [[[126.60699, 35.49058], [126.60689, 35.49959], [126.61792, 35.49967], [126.61802, 35.49066], [126.60699, 35.49058]]]}, "properties": {"grid_id": "다마1922", "region_type_cd": "RURAL", "households": 12, "buildings": 12, "avg_score": 25.2, "risk_level_cd": "ok"}}, {"type": "Feature", "geometry": {"type": "Polygon", "coordinates": [[[126.60689, 35.49959], [126.60679, 35.50861], [126.61782, 35.50869], [126.61792, 35.49967], [126.60689, 35.49959]]]}, "properties": {"grid_id": "다마1923", "region_type_cd": "RURAL", "households": 8, "buildings": 17, "avg_score": 24.3, "risk_level_cd": "ok"}}, {"type": "Feature", "geometry": {"type": "Polygon", "coordinates": [[[126.60659, 35.52664], [126.60649, 35.53566], [126.61752, 35.53574], [126.61762, 35.52672], [126.60659, 35.52664]]]}, "properties": {"grid_id": "다마1926", "region_type_cd": "RURAL", "households": 20, "buildings": 31, "avg_score": 21.6, "risk_level_cd": "ok"}}, {"type": "Feature", "geometry": {"type": "Polygon", "coordinates": [[[126.60649, 35.53566], [126.60639, 35.54467], [126.61743, 35.54475], [126.61752, 35.53574], [126.60649, 35.53566]]]}, "properties": {"grid_id": "다마1927", "region_type_cd": "RURAL", "households": 24, "buildings": 37, "avg_score": 24.2, "risk_level_cd": "ok"}}, {"type": "Feature", "geometry": {"type": "Polygon", "coordinates": [[[126.60639, 35.54467], [126.60629, 35.55369], [126.61733, 35.55377], [126.61743, 35.54475], [126.60639, 35.54467]]]}, "properties": {"grid_id": "다마1928", "region_type_cd": "RURAL", "households": 16, "buildings": 8, "avg_score": 27.0, "risk_level_cd": "ok"}}, {"type": "Feature", "geometry": {"type": "Polygon", "coordinates": [[[126.61988, 35.31936], [126.61978, 35.32838], [126.63079, 35.32846], [126.63088, 35.31944], [126.61988, 35.31936]]]}, "properties": {"grid_id": "다마2003", "region_type_cd": "RURAL", "households": 19, "buildings": 32, "avg_score": 21.6, "risk_level_cd": "ok"}}, {"type": "Feature", "geometry": {"type": "Polygon", "coordinates": [[[126.61978, 35.32838], [126.61969, 35.33739], [126.63069, 35.33747], [126.63079, 35.32846], [126.61978, 35.32838]]]}, "properties": {"grid_id": "다마2004", "region_type_cd": "RURAL", "households": 8, "buildings": 2, "avg_score": 26.6, "risk_level_cd": "ok"}}, {"type": "Feature", "geometry": {"type": "Polygon", "coordinates": [[[126.61969, 35.33739], [126.61959, 35.34641], [126.63059, 35.34649], [126.63069, 35.33747], [126.61969, 35.33739]]]}, "properties": {"grid_id": "다마2005", "region_type_cd": "RURAL", "households": 15, "buildings": 28, "avg_score": 23.8, "risk_level_cd": "ok"}}, {"type": "Feature", "geometry": {"type": "Polygon", "coordinates": [[[126.61959, 35.34641], [126.61949, 35.35542], [126.6305, 35.3555], [126.63059, 35.34649], [126.61959, 35.34641]]]}, "properties": {"grid_id": "다마2006", "region_type_cd": "RURAL", "households": 18, "buildings": 38, "avg_score": 25.1, "risk_level_cd": "ok"}}, {"type": "Feature", "geometry": {"type": "Polygon", "coordinates": [[[126.61949, 35.35542], [126.61939, 35.36444], [126.6304, 35.36452], [126.6305, 35.3555], [126.61949, 35.35542]]]}, "properties": {"grid_id": "다마2007", "region_type_cd": "RURAL", "households": 10, "buildings": 3, "avg_score": 24.4, "risk_level_cd": "ok"}}, {"type": "Feature", "geometry": {"type": "Polygon", "coordinates": [[[126.61939, 35.36444], [126.61929, 35.37345], [126.6303, 35.37353], [126.6304, 35.36452], [126.61939, 35.36444]]]}, "properties": {"grid_id": "다마2008", "region_type_cd": "RURAL", "households": 4, "buildings": 2, "avg_score": 28.5, "risk_level_cd": "ok"}}, {"type": "Feature", "geometry": {"type": "Polygon", "coordinates": [[[126.61929, 35.37345], [126.6192, 35.38247], [126.63021, 35.38255], [126.6303, 35.37353], [126.61929, 35.37345]]]}, "properties": {"grid_id": "다마2009", "region_type_cd": "RURAL", "households": 13, "buildings": 13, "avg_score": 23.3, "risk_level_cd": "ok"}}, {"type": "Feature", "geometry": {"type": "Polygon", "coordinates": [[[126.6192, 35.38247], [126.6191, 35.39149], [126.63011, 35.39157], [126.63021, 35.38255], [126.6192, 35.38247]]]}, "properties": {"grid_id": "다마2010", "region_type_cd": "RURAL", "households": 11, "buildings": 12, "avg_score": 25.0, "risk_level_cd": "ok"}}, {"type": "Feature", "geometry": {"type": "Polygon", "coordinates": [[[126.6191, 35.39149], [126.619, 35.4005], [126.63001, 35.40058], [126.63011, 35.39157], [126.6191, 35.39149]]]}, "properties": {"grid_id": "다마2011", "region_type_cd": "RURAL", "households": 9, "buildings": 7, "avg_score": 25.8, "risk_level_cd": "ok"}}, {"type": "Feature", "geometry": {"type": "Polygon", "coordinates": [[[126.619, 35.4005], [126.6189, 35.40952], [126.62992, 35.4096], [126.63001, 35.40058], [126.619, 35.4005]]]}, "properties": {"grid_id": "다마2012", "region_type_cd": "RURAL", "households": 9, "buildings": 6, "avg_score": 30.1, "risk_level_cd": "ok"}}, {"type": "Feature", "geometry": {"type": "Polygon", "coordinates": [[[126.6189, 35.40952], [126.6188, 35.41853], [126.62982, 35.41861], [126.62992, 35.4096], [126.6189, 35.40952]]]}, "properties": {"grid_id": "다마2013", "region_type_cd": "RURAL", "households": 13, "buildings": 18, "avg_score": 25.1, "risk_level_cd": "ok"}}, {"type": "Feature", "geometry": {"type": "Polygon", "coordinates": [[[126.6188, 35.41853], [126.61871, 35.42755], [126.62972, 35.42763], [126.62982, 35.41861], [126.6188, 35.41853]]]}, "properties": {"grid_id": "다마2014", "region_type_cd": "RURAL", "households": 7, "buildings": 5, "avg_score": 22.2, "risk_level_cd": "ok"}}, {"type": "Feature", "geometry": {"type": "Polygon", "coordinates": [[[126.61871, 35.42755], [126.61861, 35.43657], [126.62962, 35.43665], [126.62972, 35.42763], [126.61871, 35.42755]]]}, "properties": {"grid_id": "다마2015", "region_type_cd": "RURAL", "households": 10, "buildings": 14, "avg_score": 25.3, "risk_level_cd": "ok"}}, {"type": "Feature", "geometry": {"type": "Polygon", "coordinates": [[[126.61861, 35.43657], [126.61851, 35.44558], [126.62953, 35.44566], [126.62962, 35.43665], [126.61861, 35.43657]]]}, "properties": {"grid_id": "다마2016", "region_type_cd": "RURAL", "households": 15, "buildings": 15, "avg_score": 24.1, "risk_level_cd": "ok"}}, {"type": "Feature", "geometry": {"type": "Polygon", "coordinates": [[[126.61851, 35.44558], [126.61841, 35.4546], [126.62943, 35.45468], [126.62953, 35.44566], [126.61851, 35.44558]]]}, "properties": {"grid_id": "다마2017", "region_type_cd": "RURAL", "households": 6, "buildings": 7, "avg_score": 24.3, "risk_level_cd": "ok"}}, {"type": "Feature", "geometry": {"type": "Polygon", "coordinates": [[[126.61841, 35.4546], [126.61831, 35.46361], [126.62933, 35.46369], [126.62943, 35.45468], [126.61841, 35.4546]]]}, "properties": {"grid_id": "다마2018", "region_type_cd": "RURAL", "households": 8, "buildings": 8, "avg_score": 26.6, "risk_level_cd": "ok"}}, {"type": "Feature", "geometry": {"type": "Polygon", "coordinates": [[[126.61831, 35.46361], [126.61821, 35.47263], [126.62924, 35.47271], [126.62933, 35.46369], [126.61831, 35.46361]]]}, "properties": {"grid_id": "다마2019", "region_type_cd": "RURAL", "households": 8, "buildings": 15, "avg_score": 25.4, "risk_level_cd": "ok"}}, {"type": "Feature", "geometry": {"type": "Polygon", "coordinates": [[[126.61821, 35.47263], [126.61812, 35.48164], [126.62914, 35.48172], [126.62924, 35.47271], [126.61821, 35.47263]]]}, "properties": {"grid_id": "다마2020", "region_type_cd": "RURAL", "households": 6, "buildings": 14, "avg_score": 26.6, "risk_level_cd": "ok"}}, {"type": "Feature", "geometry": {"type": "Polygon", "coordinates": [[[126.61812, 35.48164], [126.61802, 35.49066], [126.62904, 35.49074], [126.62914, 35.48172], [126.61812, 35.48164]]]}, "properties": {"grid_id": "다마2021", "region_type_cd": "RURAL", "households": 10, "buildings": 11, "avg_score": 20.5, "risk_level_cd": "ok"}}, {"type": "Feature", "geometry": {"type": "Polygon", "coordinates": [[[126.61802, 35.49066], [126.61792, 35.49967], [126.62894, 35.49976], [126.62904, 35.49074], [126.61802, 35.49066]]]}, "properties": {"grid_id": "다마2022", "region_type_cd": "RURAL", "households": 8, "buildings": 15, "avg_score": 27.9, "risk_level_cd": "ok"}}, {"type": "Feature", "geometry": {"type": "Polygon", "coordinates": [[[126.61792, 35.49967], [126.61782, 35.50869], [126.62885, 35.50877], [126.62894, 35.49976], [126.61792, 35.49967]]]}, "properties": {"grid_id": "다마2023", "region_type_cd": "RURAL", "households": 10, "buildings": 8, "avg_score": 20.1, "risk_level_cd": "ok"}}, {"type": "Feature", "geometry": {"type": "Polygon", "coordinates": [[[126.61762, 35.52672], [126.61752, 35.53574], [126.62855, 35.53582], [126.62865, 35.5268], [126.61762, 35.52672]]]}, "properties": {"grid_id": "다마2026", "region_type_cd": "RURAL", "households": 3, "buildings": 4, "avg_score": 27.2, "risk_level_cd": "ok"}}, {"type": "Feature", "geometry": {"type": "Polygon", "coordinates": [[[126.61743, 35.54475], [126.61733, 35.55377], [126.62836, 35.55385], [126.62846, 35.54483], [126.61743, 35.54475]]]}, "properties": {"grid_id": "다마2028", "region_type_cd": "RURAL", "households": 28, "buildings": 36, "avg_score": 22.0, "risk_level_cd": "ok"}}, {"type": "Feature", "geometry": {"type": "Polygon", "coordinates": [[[126.61733, 35.55377], [126.61723, 35.56278], [126.62826, 35.56286], [126.62836, 35.55385], [126.61733, 35.55377]]]}, "properties": {"grid_id": "다마2029", "region_type_cd": "RURAL", "households": 21, "buildings": 22, "avg_score": 23.7, "risk_level_cd": "ok"}}, {"type": "Feature", "geometry": {"type": "Polygon", "coordinates": [[[126.61723, 35.56278], [126.61713, 35.5718], [126.62816, 35.57188], [126.62826, 35.56286], [126.61723, 35.56278]]]}, "properties": {"grid_id": "다마2030", "region_type_cd": "RURAL", "households": 8, "buildings": 13, "avg_score": 29.1, "risk_level_cd": "ok"}}, {"type": "Feature", "geometry": {"type": "Polygon", "coordinates": [[[126.63088, 35.31944], [126.63079, 35.32846], [126.64179, 35.32853], [126.64188, 35.31952], [126.63088, 35.31944]]]}, "properties": {"grid_id": "다마2103", "region_type_cd": "RURAL", "households": 10, "buildings": 2, "avg_score": 19.5, "risk_level_cd": "ok"}}, {"type": "Feature", "geometry": {"type": "Polygon", "coordinates": [[[126.63069, 35.33747], [126.63059, 35.34649], [126.6416, 35.34657], [126.64169, 35.33755], [126.63069, 35.33747]]]}, "properties": {"grid_id": "다마2105", "region_type_cd": "RURAL", "households": 12, "buildings": 13, "avg_score": 25.0, "risk_level_cd": "ok"}}, {"type": "Feature", "geometry": {"type": "Polygon", "coordinates": [[[126.63059, 35.34649], [126.6305, 35.3555], [126.6415, 35.35558], [126.6416, 35.34657], [126.63059, 35.34649]]]}, "properties": {"grid_id": "다마2106", "region_type_cd": "RURAL", "households": 14, "buildings": 14, "avg_score": 24.3, "risk_level_cd": "ok"}}, {"type": "Feature", "geometry": {"type": "Polygon", "coordinates": [[[126.6305, 35.3555], [126.6304, 35.36452], [126.64141, 35.3646], [126.6415, 35.35558], [126.6305, 35.3555]]]}, "properties": {"grid_id": "다마2107", "region_type_cd": "RURAL", "households": 15, "buildings": 23, "avg_score": 26.0, "risk_level_cd": "ok"}}, {"type": "Feature", "geometry": {"type": "Polygon", "coordinates": [[[126.6304, 35.36452], [126.6303, 35.37353], [126.64131, 35.37361], [126.64141, 35.3646], [126.6304, 35.36452]]]}, "properties": {"grid_id": "다마2108", "region_type_cd": "RURAL", "households": 15, "buildings": 17, "avg_score": 24.1, "risk_level_cd": "ok"}}, {"type": "Feature", "geometry": {"type": "Polygon", "coordinates": [[[126.6303, 35.37353], [126.63021, 35.38255], [126.64121, 35.38263], [126.64131, 35.37361], [126.6303, 35.37353]]]}, "properties": {"grid_id": "다마2109", "region_type_cd": "RURAL", "households": 11, "buildings": 2, "avg_score": 22.1, "risk_level_cd": "ok"}}, {"type": "Feature", "geometry": {"type": "Polygon", "coordinates": [[[126.63021, 35.38255], [126.63011, 35.39157], [126.64112, 35.39165], [126.64121, 35.38263], [126.63021, 35.38255]]]}, "properties": {"grid_id": "다마2110", "region_type_cd": "RURAL", "households": 20, "buildings": 32, "avg_score": 21.6, "risk_level_cd": "ok"}}, {"type": "Feature", "geometry": {"type": "Polygon", "coordinates": [[[126.63011, 35.39157], [126.63001, 35.40058], [126.64102, 35.40066], [126.64112, 35.39165], [126.63011, 35.39157]]]}, "properties": {"grid_id": "다마2111", "region_type_cd": "RURAL", "households": 19, "buildings": 14, "avg_score": 27.0, "risk_level_cd": "ok"}}, {"type": "Feature", "geometry": {"type": "Polygon", "coordinates": [[[126.63001, 35.40058], [126.62992, 35.4096], [126.64093, 35.40968], [126.64102, 35.40066], [126.63001, 35.40058]]]}, "properties": {"grid_id": "다마2112", "region_type_cd": "RURAL", "households": 7, "buildings": 7, "avg_score": 28.2, "risk_level_cd": "ok"}}, {"type": "Feature", "geometry": {"type": "Polygon", "coordinates": [[[126.62992, 35.4096], [126.62982, 35.41861], [126.64083, 35.41869], [126.64093, 35.40968], [126.62992, 35.4096]]]}, "properties": {"grid_id": "다마2113", "region_type_cd": "RURAL", "households": 7, "buildings": 7, "avg_score": 24.5, "risk_level_cd": "ok"}}, {"type": "Feature", "geometry": {"type": "Polygon", "coordinates": [[[126.62982, 35.41861], [126.62972, 35.42763], [126.64074, 35.42771], [126.64083, 35.41869], [126.62982, 35.41861]]]}, "properties": {"grid_id": "다마2114", "region_type_cd": "RURAL", "households": 11, "buildings": 5, "avg_score": 25.4, "risk_level_cd": "ok"}}, {"type": "Feature", "geometry": {"type": "Polygon", "coordinates": [[[126.62972, 35.42763], [126.62962, 35.43665], [126.64064, 35.43672], [126.64074, 35.42771], [126.62972, 35.42763]]]}, "properties": {"grid_id": "다마2115", "region_type_cd": "RURAL", "households": 27, "buildings": 14, "avg_score": 25.4, "risk_level_cd": "ok"}}, {"type": "Feature", "geometry": {"type": "Polygon", "coordinates": [[[126.62962, 35.43665], [126.62953, 35.44566], [126.64054, 35.44574], [126.64064, 35.43672], [126.62962, 35.43665]]]}, "properties": {"grid_id": "다마2116", "region_type_cd": "RURAL", "households": 41, "buildings": 74, "avg_score": 28.0, "risk_level_cd": "ok"}}, {"type": "Feature", "geometry": {"type": "Polygon", "coordinates": [[[126.62953, 35.44566], [126.62943, 35.45468], [126.64045, 35.45476], [126.64054, 35.44574], [126.62953, 35.44566]]]}, "properties": {"grid_id": "다마2117", "region_type_cd": "RURAL", "households": 26, "buildings": 20, "avg_score": 25.3, "risk_level_cd": "ok"}}, {"type": "Feature", "geometry": {"type": "Polygon", "coordinates": [[[126.62943, 35.45468], [126.62933, 35.46369], [126.64035, 35.46377], [126.64045, 35.45476], [126.62943, 35.45468]]]}, "properties": {"grid_id": "다마2118", "region_type_cd": "RURAL", "households": 6, "buildings": 8, "avg_score": 24.8, "risk_level_cd": "ok"}}, {"type": "Feature", "geometry": {"type": "Polygon", "coordinates": [[[126.62924, 35.47271], [126.62914, 35.48172], [126.64016, 35.4818], [126.64026, 35.47279], [126.62924, 35.47271]]]}, "properties": {"grid_id": "다마2120", "region_type_cd": "URBAN", "households": 0, "buildings": 1, "avg_score": 34.1, "risk_level_cd": "ok"}}, {"type": "Feature", "geometry": {"type": "Polygon", "coordinates": [[[126.62894, 35.49976], [126.62885, 35.50877], [126.63987, 35.50885], [126.63997, 35.49983], [126.62894, 35.49976]]]}, "properties": {"grid_id": "다마2123", "region_type_cd": "RURAL", "households": 22, "buildings": 42, "avg_score": 23.2, "risk_level_cd": "ok"}}, {"type": "Feature", "geometry": {"type": "Polygon", "coordinates": [[[126.62875, 35.51779], [126.62865, 35.5268], [126.63968, 35.52688], [126.63978, 35.51787], [126.62875, 35.51779]]]}, "properties": {"grid_id": "다마2125", "region_type_cd": "RURAL", "households": 2, "buildings": 3, "avg_score": 30.4, "risk_level_cd": "ok"}}, {"type": "Feature", "geometry": {"type": "Polygon", "coordinates": [[[126.62846, 35.54483], [126.62836, 35.55385], [126.63939, 35.55393], [126.63949, 35.54491], [126.62846, 35.54483]]]}, "properties": {"grid_id": "다마2128", "region_type_cd": "RURAL", "households": 8, "buildings": 13, "avg_score": 23.9, "risk_level_cd": "ok"}}, {"type": "Feature", "geometry": {"type": "Polygon", "coordinates": [[[126.62836, 35.55385], [126.62826, 35.56286], [126.6393, 35.56294], [126.63939, 35.55393], [126.62836, 35.55385]]]}, "properties": {"grid_id": "다마2129", "region_type_cd": "RURAL", "households": 17, "buildings": 28, "avg_score": 26.3, "risk_level_cd": "ok"}}, {"type": "Feature", "geometry": {"type": "Polygon", "coordinates": [[[126.62826, 35.56286], [126.62816, 35.57188], [126.6392, 35.57196], [126.6393, 35.56294], [126.62826, 35.56286]]]}, "properties": {"grid_id": "다마2130", "region_type_cd": "RURAL", "households": 8, "buildings": 7, "avg_score": 24.8, "risk_level_cd": "ok"}}, {"type": "Feature", "geometry": {"type": "Polygon", "coordinates": [[[126.62816, 35.57188], [126.62807, 35.5809], [126.6391, 35.58097], [126.6392, 35.57196], [126.62816, 35.57188]]]}, "properties": {"grid_id": "다마2131", "region_type_cd": "RURAL", "households": 10, "buildings": 10, "avg_score": 27.0, "risk_level_cd": "ok"}}, {"type": "Feature", "geometry": {"type": "Polygon", "coordinates": [[[126.6416, 35.34657], [126.6415, 35.35558], [126.65251, 35.35566], [126.6526, 35.34664], [126.6416, 35.34657]]]}, "properties": {"grid_id": "다마2206", "region_type_cd": "RURAL", "households": 16, "buildings": 30, "avg_score": 25.0, "risk_level_cd": "ok"}}, {"type": "Feature", "geometry": {"type": "Polygon", "coordinates": [[[126.6415, 35.35558], [126.64141, 35.3646], [126.65241, 35.36468], [126.65251, 35.35566], [126.6415, 35.35558]]]}, "properties": {"grid_id": "다마2207", "region_type_cd": "RURAL", "households": 23, "buildings": 33, "avg_score": 25.0, "risk_level_cd": "ok"}}, {"type": "Feature", "geometry": {"type": "Polygon", "coordinates": [[[126.64141, 35.3646], [126.64131, 35.37361], [126.65232, 35.37369], [126.65241, 35.36468], [126.64141, 35.3646]]]}, "properties": {"grid_id": "다마2208", "region_type_cd": "RURAL", "households": 30, "buildings": 48, "avg_score": 22.9, "risk_level_cd": "ok"}}, {"type": "Feature", "geometry": {"type": "Polygon", "coordinates": [[[126.64131, 35.37361], [126.64121, 35.38263], [126.65222, 35.38271], [126.65232, 35.37369], [126.64131, 35.37361]]]}, "properties": {"grid_id": "다마2209", "region_type_cd": "RURAL", "households": 20, "buildings": 29, "avg_score": 23.4, "risk_level_cd": "ok"}}, {"type": "Feature", "geometry": {"type": "Polygon", "coordinates": [[[126.64121, 35.38263], [126.64112, 35.39165], [126.65213, 35.39172], [126.65222, 35.38271], [126.64121, 35.38263]]]}, "properties": {"grid_id": "다마2210", "region_type_cd": "RURAL", "households": 14, "buildings": 14, "avg_score": 26.3, "risk_level_cd": "ok"}}, {"type": "Feature", "geometry": {"type": "Polygon", "coordinates": [[[126.64112, 35.39165], [126.64102, 35.40066], [126.65204, 35.40074], [126.65213, 35.39172], [126.64112, 35.39165]]]}, "properties": {"grid_id": "다마2211", "region_type_cd": "RURAL", "households": 13, "buildings": 22, "avg_score": 22.3, "risk_level_cd": "ok"}}, {"type": "Feature", "geometry": {"type": "Polygon", "coordinates": [[[126.64102, 35.40066], [126.64093, 35.40968], [126.65194, 35.40975], [126.65204, 35.40074], [126.64102, 35.40066]]]}, "properties": {"grid_id": "다마2212", "region_type_cd": "RURAL", "households": 7, "buildings": 8, "avg_score": 26.6, "risk_level_cd": "ok"}}, {"type": "Feature", "geometry": {"type": "Polygon", "coordinates": [[[126.64093, 35.40968], [126.64083, 35.41869], [126.65185, 35.41877], [126.65194, 35.40975], [126.64093, 35.40968]]]}, "properties": {"grid_id": "다마2213", "region_type_cd": "RURAL", "households": 8, "buildings": 9, "avg_score": 22.6, "risk_level_cd": "ok"}}, {"type": "Feature", "geometry": {"type": "Polygon", "coordinates": [[[126.64083, 35.41869], [126.64074, 35.42771], [126.65175, 35.42779], [126.65185, 35.41877], [126.64083, 35.41869]]]}, "properties": {"grid_id": "다마2214", "region_type_cd": "RURAL", "households": 12, "buildings": 8, "avg_score": 26.3, "risk_level_cd": "ok"}}, {"type": "Feature", "geometry": {"type": "Polygon", "coordinates": [[[126.64074, 35.42771], [126.64064, 35.43672], [126.65166, 35.4368], [126.65175, 35.42779], [126.64074, 35.42771]]]}, "properties": {"grid_id": "다마2215", "region_type_cd": "RURAL", "households": 23, "buildings": 27, "avg_score": 52.8, "risk_level_cd": "warn"}}, {"type": "Feature", "geometry": {"type": "Polygon", "coordinates": [[[126.64064, 35.43672], [126.64054, 35.44574], [126.65156, 35.44582], [126.65166, 35.4368], [126.64064, 35.43672]]]}, "properties": {"grid_id": "다마2216", "region_type_cd": "RURAL", "households": 23, "buildings": 36, "avg_score": 53.4, "risk_level_cd": "warn"}}, {"type": "Feature", "geometry": {"type": "Polygon", "coordinates": [[[126.64054, 35.44574], [126.64045, 35.45476], [126.65147, 35.45483], [126.65156, 35.44582], [126.64054, 35.44574]]]}, "properties": {"grid_id": "다마2217", "region_type_cd": "URBAN", "households": 17, "buildings": 3, "avg_score": 57.4, "risk_level_cd": "warn"}}, {"type": "Feature", "geometry": {"type": "Polygon", "coordinates": [[[126.63997, 35.49983], [126.63987, 35.50885], [126.6509, 35.50893], [126.65099, 35.49991], [126.63997, 35.49983]]]}, "properties": {"grid_id": "다마2223", "region_type_cd": "RURAL", "households": 8, "buildings": 11, "avg_score": 21.5, "risk_level_cd": "ok"}}, {"type": "Feature", "geometry": {"type": "Polygon", "coordinates": [[[126.63987, 35.50885], [126.63978, 35.51787], [126.6508, 35.51794], [126.6509, 35.50893], [126.63987, 35.50885]]]}, "properties": {"grid_id": "다마2224", "region_type_cd": "RURAL", "households": 10, "buildings": 14, "avg_score": 18.5, "risk_level_cd": "ok"}}, {"type": "Feature", "geometry": {"type": "Polygon", "coordinates": [[[126.63978, 35.51787], [126.63968, 35.52688], [126.65071, 35.52696], [126.6508, 35.51794], [126.63978, 35.51787]]]}, "properties": {"grid_id": "다마2225", "region_type_cd": "RURAL", "households": 6, "buildings": 6, "avg_score": 30.8, "risk_level_cd": "ok"}}, {"type": "Feature", "geometry": {"type": "Polygon", "coordinates": [[[126.63949, 35.54491], [126.63939, 35.55393], [126.65042, 35.55401], [126.65052, 35.54499], [126.63949, 35.54491]]]}, "properties": {"grid_id": "다마2228", "region_type_cd": "RURAL", "households": 11, "buildings": 3, "avg_score": 24.2, "risk_level_cd": "ok"}}, {"type": "Feature", "geometry": {"type": "Polygon", "coordinates": [[[126.63939, 35.55393], [126.6393, 35.56294], [126.65033, 35.56302], [126.65042, 35.55401], [126.63939, 35.55393]]]}, "properties": {"grid_id": "다마2229", "region_type_cd": "RURAL", "households": 20, "buildings": 32, "avg_score": 44.3, "risk_level_cd": "warn"}}, {"type": "Feature", "geometry": {"type": "Polygon", "coordinates": [[[126.6393, 35.56294], [126.6392, 35.57196], [126.65023, 35.57204], [126.65033, 35.56302], [126.6393, 35.56294]]]}, "properties": {"grid_id": "다마2230", "region_type_cd": "RURAL", "households": 2, "buildings": 3, "avg_score": 28.6, "risk_level_cd": "ok"}}, {"type": "Feature", "geometry": {"type": "Polygon", "coordinates": [[[126.65279, 35.32861], [126.65269, 35.33763], [126.6637, 35.3377], [126.66379, 35.32869], [126.65279, 35.32861]]]}, "properties": {"grid_id": "다마2304", "region_type_cd": "RURAL", "households": 3, "buildings": 2, "avg_score": 24.4, "risk_level_cd": "ok"}}, {"type": "Feature", "geometry": {"type": "Polygon", "coordinates": [[[126.6526, 35.34664], [126.65251, 35.35566], [126.66351, 35.35574], [126.6636, 35.34672], [126.6526, 35.34664]]]}, "properties": {"grid_id": "다마2306", "region_type_cd": "RURAL", "households": 9, "buildings": 2, "avg_score": 19.8, "risk_level_cd": "ok"}}, {"type": "Feature", "geometry": {"type": "Polygon", "coordinates": [[[126.65251, 35.35566], [126.65241, 35.36468], [126.66342, 35.36475], [126.66351, 35.35574], [126.65251, 35.35566]]]}, "properties": {"grid_id": "다마2307", "region_type_cd": "RURAL", "households": 9, "buildings": 5, "avg_score": 19.8, "risk_level_cd": "ok"}}, {"type": "Feature", "geometry": {"type": "Polygon", "coordinates": [[[126.65241, 35.36468], [126.65232, 35.37369], [126.66333, 35.37377], [126.66342, 35.36475], [126.65241, 35.36468]]]}, "properties": {"grid_id": "다마2308", "region_type_cd": "RURAL", "households": 4, "buildings": 1, "avg_score": 32.2, "risk_level_cd": "ok"}}, {"type": "Feature", "geometry": {"type": "Polygon", "coordinates": [[[126.65232, 35.37369], [126.65222, 35.38271], [126.66323, 35.38278], [126.66333, 35.37377], [126.65232, 35.37369]]]}, "properties": {"grid_id": "다마2309", "region_type_cd": "RURAL", "households": 19, "buildings": 17, "avg_score": 24.1, "risk_level_cd": "ok"}}, {"type": "Feature", "geometry": {"type": "Polygon", "coordinates": [[[126.65222, 35.38271], [126.65213, 35.39172], [126.66314, 35.3918], [126.66323, 35.38278], [126.65222, 35.38271]]]}, "properties": {"grid_id": "다마2310", "region_type_cd": "RURAL", "households": 21, "buildings": 26, "avg_score": 21.1, "risk_level_cd": "ok"}}, {"type": "Feature", "geometry": {"type": "Polygon", "coordinates": [[[126.65213, 35.39172], [126.65204, 35.40074], [126.66305, 35.40082], [126.66314, 35.3918], [126.65213, 35.39172]]]}, "properties": {"grid_id": "다마2311", "region_type_cd": "RURAL", "households": 12, "buildings": 10, "avg_score": 24.0, "risk_level_cd": "ok"}}, {"type": "Feature", "geometry": {"type": "Polygon", "coordinates": [[[126.65204, 35.40074], [126.65194, 35.40975], [126.66295, 35.40983], [126.66305, 35.40082], [126.65204, 35.40074]]]}, "properties": {"grid_id": "다마2312", "region_type_cd": "RURAL", "households": 9, "buildings": 7, "avg_score": 25.0, "risk_level_cd": "ok"}}, {"type": "Feature", "geometry": {"type": "Polygon", "coordinates": [[[126.65194, 35.40975], [126.65185, 35.41877], [126.66286, 35.41885], [126.66295, 35.40983], [126.65194, 35.40975]]]}, "properties": {"grid_id": "다마2313", "region_type_cd": "RURAL", "households": 16, "buildings": 13, "avg_score": 22.5, "risk_level_cd": "ok"}}, {"type": "Feature", "geometry": {"type": "Polygon", "coordinates": [[[126.65185, 35.41877], [126.65175, 35.42779], [126.66277, 35.42786], [126.66286, 35.41885], [126.65185, 35.41877]]]}, "properties": {"grid_id": "다마2314", "region_type_cd": "RURAL", "households": 11, "buildings": 16, "avg_score": 26.4, "risk_level_cd": "ok"}}, {"type": "Feature", "geometry": {"type": "Polygon", "coordinates": [[[126.65175, 35.42779], [126.65166, 35.4368], [126.66267, 35.43688], [126.66277, 35.42786], [126.65175, 35.42779]]]}, "properties": {"grid_id": "다마2315", "region_type_cd": "RURAL", "households": 17, "buildings": 15, "avg_score": 27.2, "risk_level_cd": "ok"}}, {"type": "Feature", "geometry": {"type": "Polygon", "coordinates": [[[126.65166, 35.4368], [126.65156, 35.44582], [126.66258, 35.44589], [126.66267, 35.43688], [126.65166, 35.4368]]]}, "properties": {"grid_id": "다마2316", "region_type_cd": "RURAL", "households": 23, "buildings": 45, "avg_score": 23.6, "risk_level_cd": "ok"}}, {"type": "Feature", "geometry": {"type": "Polygon", "coordinates": [[[126.65156, 35.44582], [126.65147, 35.45483], [126.66249, 35.45491], [126.66258, 35.44589], [126.65156, 35.44582]]]}, "properties": {"grid_id": "다마2317", "region_type_cd": "RURAL", "households": 15, "buildings": 19, "avg_score": 22.5, "risk_level_cd": "ok"}}, {"type": "Feature", "geometry": {"type": "Polygon", "coordinates": [[[126.65109, 35.4909], [126.65099, 35.49991], [126.66202, 35.49999], [126.66211, 35.49097], [126.65109, 35.4909]]]}, "properties": {"grid_id": "다마2322", "region_type_cd": "RURAL", "households": 7, "buildings": 4, "avg_score": 27.7, "risk_level_cd": "ok"}}, {"type": "Feature", "geometry": {"type": "Polygon", "coordinates": [[[126.65099, 35.49991], [126.6509, 35.50893], [126.66193, 35.50901], [126.66202, 35.49999], [126.65099, 35.49991]]]}, "properties": {"grid_id": "다마2323", "region_type_cd": "RURAL", "households": 13, "buildings": 36, "avg_score": 21.8, "risk_level_cd": "ok"}}, {"type": "Feature", "geometry": {"type": "Polygon", "coordinates": [[[126.6509, 35.50893], [126.6508, 35.51794], [126.66183, 35.51802], [126.66193, 35.50901], [126.6509, 35.50893]]]}, "properties": {"grid_id": "다마2324", "region_type_cd": "RURAL", "households": 26, "buildings": 25, "avg_score": 22.3, "risk_level_cd": "ok"}}, {"type": "Feature", "geometry": {"type": "Polygon", "coordinates": [[[126.6508, 35.51794], [126.65071, 35.52696], [126.66174, 35.52704], [126.66183, 35.51802], [126.6508, 35.51794]]]}, "properties": {"grid_id": "다마2325", "region_type_cd": "RURAL", "households": 14, "buildings": 8, "avg_score": 25.8, "risk_level_cd": "ok"}}, {"type": "Feature", "geometry": {"type": "Polygon", "coordinates": [[[126.65071, 35.52696], [126.65061, 35.53597], [126.66164, 35.53605], [126.66174, 35.52704], [126.65071, 35.52696]]]}, "properties": {"grid_id": "다마2326", "region_type_cd": "RURAL", "households": 19, "buildings": 26, "avg_score": 27.8, "risk_level_cd": "ok"}}, {"type": "Feature", "geometry": {"type": "Polygon", "coordinates": [[[126.65061, 35.53597], [126.65052, 35.54499], [126.66155, 35.54507], [126.66164, 35.53605], [126.65061, 35.53597]]]}, "properties": {"grid_id": "다마2327", "region_type_cd": "RURAL", "households": 25, "buildings": 41, "avg_score": 22.7, "risk_level_cd": "ok"}}, {"type": "Feature", "geometry": {"type": "Polygon", "coordinates": [[[126.65052, 35.54499], [126.65042, 35.55401], [126.66146, 35.55408], [126.66155, 35.54507], [126.65052, 35.54499]]]}, "properties": {"grid_id": "다마2328", "region_type_cd": "RURAL", "households": 15, "buildings": 8, "avg_score": 24.0, "risk_level_cd": "ok"}}, {"type": "Feature", "geometry": {"type": "Polygon", "coordinates": [[[126.65042, 35.55401], [126.65033, 35.56302], [126.66136, 35.5631], [126.66146, 35.55408], [126.65042, 35.55401]]]}, "properties": {"grid_id": "다마2329", "region_type_cd": "RURAL", "households": 11, "buildings": 4, "avg_score": 100.0, "risk_level_cd": "danger"}}, {"type": "Feature", "geometry": {"type": "Polygon", "coordinates": [[[126.66351, 35.35574], [126.66342, 35.36475], [126.67443, 35.36483], [126.67452, 35.35581], [126.66351, 35.35574]]]}, "properties": {"grid_id": "다마2407", "region_type_cd": "RURAL", "households": 0, "buildings": 1, "avg_score": 27.7, "risk_level_cd": "ok"}}, {"type": "Feature", "geometry": {"type": "Polygon", "coordinates": [[[126.66342, 35.36475], [126.66333, 35.37377], [126.67433, 35.37384], [126.67443, 35.36483], [126.66342, 35.36475]]]}, "properties": {"grid_id": "다마2408", "region_type_cd": "RURAL", "households": 1, "buildings": 1, "avg_score": 30.8, "risk_level_cd": "ok"}}, {"type": "Feature", "geometry": {"type": "Polygon", "coordinates": [[[126.66333, 35.37377], [126.66323, 35.38278], [126.67424, 35.38286], [126.67433, 35.37384], [126.66333, 35.37377]]]}, "properties": {"grid_id": "다마2409", "region_type_cd": "RURAL", "households": 8, "buildings": 2, "avg_score": 25.2, "risk_level_cd": "ok"}}, {"type": "Feature", "geometry": {"type": "Polygon", "coordinates": [[[126.66323, 35.38278], [126.66314, 35.3918], [126.67415, 35.39188], [126.67424, 35.38286], [126.66323, 35.38278]]]}, "properties": {"grid_id": "다마2410", "region_type_cd": "RURAL", "households": 20, "buildings": 33, "avg_score": 22.8, "risk_level_cd": "ok"}}, {"type": "Feature", "geometry": {"type": "Polygon", "coordinates": [[[126.66314, 35.3918], [126.66305, 35.40082], [126.67406, 35.40089], [126.67415, 35.39188], [126.66314, 35.3918]]]}, "properties": {"grid_id": "다마2411", "region_type_cd": "RURAL", "households": 29, "buildings": 19, "avg_score": 25.7, "risk_level_cd": "ok"}}, {"type": "Feature", "geometry": {"type": "Polygon", "coordinates": [[[126.66305, 35.40082], [126.66295, 35.40983], [126.67397, 35.40991], [126.67406, 35.40089], [126.66305, 35.40082]]]}, "properties": {"grid_id": "다마2412", "region_type_cd": "RURAL", "households": 53, "buildings": 13, "avg_score": 18.5, "risk_level_cd": "ok"}}, {"type": "Feature", "geometry": {"type": "Polygon", "coordinates": [[[126.66295, 35.40983], [126.66286, 35.41885], [126.67387, 35.41892], [126.67397, 35.40991], [126.66295, 35.40983]]]}, "properties": {"grid_id": "다마2413", "region_type_cd": "RURAL", "households": 28, "buildings": 36, "avg_score": 22.7, "risk_level_cd": "ok"}}, {"type": "Feature", "geometry": {"type": "Polygon", "coordinates": [[[126.66286, 35.41885], [126.66277, 35.42786], [126.67378, 35.42794], [126.67387, 35.41892], [126.66286, 35.41885]]]}, "properties": {"grid_id": "다마2414", "region_type_cd": "RURAL", "households": 7, "buildings": 2, "avg_score": 25.6, "risk_level_cd": "ok"}}, {"type": "Feature", "geometry": {"type": "Polygon", "coordinates": [[[126.66277, 35.42786], [126.66267, 35.43688], [126.67369, 35.43695], [126.67378, 35.42794], [126.66277, 35.42786]]]}, "properties": {"grid_id": "다마2415", "region_type_cd": "RURAL", "households": 26, "buildings": 28, "avg_score": 25.2, "risk_level_cd": "ok"}}, {"type": "Feature", "geometry": {"type": "Polygon", "coordinates": [[[126.66267, 35.43688], [126.66258, 35.44589], [126.6736, 35.44597], [126.67369, 35.43695], [126.66267, 35.43688]]]}, "properties": {"grid_id": "다마2416", "region_type_cd": "RURAL", "households": 18, "buildings": 19, "avg_score": 20.8, "risk_level_cd": "ok"}}, {"type": "Feature", "geometry": {"type": "Polygon", "coordinates": [[[126.66258, 35.44589], [126.66249, 35.45491], [126.67351, 35.45499], [126.6736, 35.44597], [126.66258, 35.44589]]]}, "properties": {"grid_id": "다마2417", "region_type_cd": "RURAL", "households": 39, "buildings": 29, "avg_score": 19.9, "risk_level_cd": "ok"}}, {"type": "Feature", "geometry": {"type": "Polygon", "coordinates": [[[126.66249, 35.45491], [126.66239, 35.46393], [126.67341, 35.464], [126.67351, 35.45499], [126.66249, 35.45491]]]}, "properties": {"grid_id": "다마2418", "region_type_cd": "RURAL", "households": 21, "buildings": 14, "avg_score": 22.4, "risk_level_cd": "ok"}}, {"type": "Feature", "geometry": {"type": "Polygon", "coordinates": [[[126.6623, 35.47294], [126.66221, 35.48196], [126.67323, 35.48203], [126.67332, 35.47302], [126.6623, 35.47294]]]}, "properties": {"grid_id": "다마2420", "region_type_cd": "RURAL", "households": 7, "buildings": 1, "avg_score": 18.5, "risk_level_cd": "ok"}}, {"type": "Feature", "geometry": {"type": "Polygon", "coordinates": [[[126.66221, 35.48196], [126.66211, 35.49097], [126.67314, 35.49105], [126.67323, 35.48203], [126.66221, 35.48196]]]}, "properties": {"grid_id": "다마2421", "region_type_cd": "RURAL", "households": 11, "buildings": 18, "avg_score": 25.1, "risk_level_cd": "ok"}}, {"type": "Feature", "geometry": {"type": "Polygon", "coordinates": [[[126.66211, 35.49097], [126.66202, 35.49999], [126.67304, 35.50007], [126.67314, 35.49105], [126.66211, 35.49097]]]}, "properties": {"grid_id": "다마2422", "region_type_cd": "RURAL", "households": 10, "buildings": 5, "avg_score": 24.4, "risk_level_cd": "ok"}}, {"type": "Feature", "geometry": {"type": "Polygon", "coordinates": [[[126.66202, 35.49999], [126.66193, 35.50901], [126.67295, 35.50908], [126.67304, 35.50007], [126.66202, 35.49999]]]}, "properties": {"grid_id": "다마2423", "region_type_cd": "RURAL", "households": 21, "buildings": 37, "avg_score": 23.5, "risk_level_cd": "ok"}}, {"type": "Feature", "geometry": {"type": "Polygon", "coordinates": [[[126.66193, 35.50901], [126.66183, 35.51802], [126.67286, 35.5181], [126.67295, 35.50908], [126.66193, 35.50901]]]}, "properties": {"grid_id": "다마2424", "region_type_cd": "RURAL", "households": 44, "buildings": 98, "avg_score": 22.7, "risk_level_cd": "ok"}}, {"type": "Feature", "geometry": {"type": "Polygon", "coordinates": [[[126.66183, 35.51802], [126.66174, 35.52704], [126.67277, 35.52711], [126.67286, 35.5181], [126.66183, 35.51802]]]}, "properties": {"grid_id": "다마2425", "region_type_cd": "RURAL", "households": 26, "buildings": 43, "avg_score": 22.7, "risk_level_cd": "ok"}}, {"type": "Feature", "geometry": {"type": "Polygon", "coordinates": [[[126.66174, 35.52704], [126.66164, 35.53605], [126.67267, 35.53613], [126.67277, 35.52711], [126.66174, 35.52704]]]}, "properties": {"grid_id": "다마2426", "region_type_cd": "RURAL", "households": 16, "buildings": 22, "avg_score": 23.5, "risk_level_cd": "ok"}}, {"type": "Feature", "geometry": {"type": "Polygon", "coordinates": [[[126.66164, 35.53605], [126.66155, 35.54507], [126.67258, 35.54514], [126.67267, 35.53613], [126.66164, 35.53605]]]}, "properties": {"grid_id": "다마2427", "region_type_cd": "RURAL", "households": 11, "buildings": 2, "avg_score": 27.2, "risk_level_cd": "ok"}}, {"type": "Feature", "geometry": {"type": "Polygon", "coordinates": [[[126.67461, 35.3468], [126.67452, 35.35581], [126.68552, 35.35589], [126.68561, 35.34687], [126.67461, 35.3468]]]}, "properties": {"grid_id": "다마2506", "region_type_cd": "RURAL", "households": 0, "buildings": 2, "avg_score": 32.1, "risk_level_cd": "ok"}}, {"type": "Feature", "geometry": {"type": "Polygon", "coordinates": [[[126.67452, 35.35581], [126.67443, 35.36483], [126.68543, 35.3649], [126.68552, 35.35589], [126.67452, 35.35581]]]}, "properties": {"grid_id": "다마2507", "region_type_cd": "RURAL", "households": 1, "buildings": 2, "avg_score": 24.2, "risk_level_cd": "ok"}}, {"type": "Feature", "geometry": {"type": "Polygon", "coordinates": [[[126.67433, 35.37384], [126.67424, 35.38286], [126.68525, 35.38293], [126.68534, 35.37392], [126.67433, 35.37384]]]}, "properties": {"grid_id": "다마2509", "region_type_cd": "RURAL", "households": 9, "buildings": 14, "avg_score": 25.7, "risk_level_cd": "ok"}}, {"type": "Feature", "geometry": {"type": "Polygon", "coordinates": [[[126.67424, 35.38286], [126.67415, 35.39188], [126.68516, 35.39195], [126.68525, 35.38293], [126.67424, 35.38286]]]}, "properties": {"grid_id": "다마2510", "region_type_cd": "RURAL", "households": 7, "buildings": 4, "avg_score": 25.9, "risk_level_cd": "ok"}}, {"type": "Feature", "geometry": {"type": "Polygon", "coordinates": [[[126.67415, 35.39188], [126.67406, 35.40089], [126.68507, 35.40097], [126.68516, 35.39195], [126.67415, 35.39188]]]}, "properties": {"grid_id": "다마2511", "region_type_cd": "RURAL", "households": 54, "buildings": 35, "avg_score": 21.5, "risk_level_cd": "ok"}}, {"type": "Feature", "geometry": {"type": "Polygon", "coordinates": [[[126.67406, 35.40089], [126.67397, 35.40991], [126.68498, 35.40998], [126.68507, 35.40097], [126.67406, 35.40089]]]}, "properties": {"grid_id": "다마2512", "region_type_cd": "BUFFER", "households": 91, "buildings": 121, "avg_score": 13.0, "risk_level_cd": "ok"}}, {"type": "Feature", "geometry": {"type": "Polygon", "coordinates": [[[126.67397, 35.40991], [126.67387, 35.41892], [126.68489, 35.419], [126.68498, 35.40998], [126.67397, 35.40991]]]}, "properties": {"grid_id": "다마2513", "region_type_cd": "RURAL", "households": 53, "buildings": 25, "avg_score": 20.1, "risk_level_cd": "ok"}}, {"type": "Feature", "geometry": {"type": "Polygon", "coordinates": [[[126.67387, 35.41892], [126.67378, 35.42794], [126.6848, 35.42801], [126.68489, 35.419], [126.67387, 35.41892]]]}, "properties": {"grid_id": "다마2514", "region_type_cd": "RURAL", "households": 24, "buildings": 16, "avg_score": 26.9, "risk_level_cd": "ok"}}, {"type": "Feature", "geometry": {"type": "Polygon", "coordinates": [[[126.67378, 35.42794], [126.67369, 35.43695], [126.68471, 35.43703], [126.6848, 35.42801], [126.67378, 35.42794]]]}, "properties": {"grid_id": "다마2515", "region_type_cd": "RURAL", "households": 157, "buildings": 53, "avg_score": 17.6, "risk_level_cd": "ok"}}, {"type": "Feature", "geometry": {"type": "Polygon", "coordinates": [[[126.67369, 35.43695], [126.6736, 35.44597], [126.68462, 35.44605], [126.68471, 35.43703], [126.67369, 35.43695]]]}, "properties": {"grid_id": "다마2516", "region_type_cd": "RURAL", "households": 217, "buildings": 37, "avg_score": 8.4, "risk_level_cd": "ok"}}, {"type": "Feature", "geometry": {"type": "Polygon", "coordinates": [[[126.6736, 35.44597], [126.67351, 35.45499], [126.68452, 35.45506], [126.68462, 35.44605], [126.6736, 35.44597]]]}, "properties": {"grid_id": "다마2517", "region_type_cd": "BUFFER", "households": 91, "buildings": 126, "avg_score": 11.6, "risk_level_cd": "ok"}}, {"type": "Feature", "geometry": {"type": "Polygon", "coordinates": [[[126.67351, 35.45499], [126.67341, 35.464], [126.68443, 35.46408], [126.68452, 35.45506], [126.67351, 35.45499]]]}, "properties": {"grid_id": "다마2518", "region_type_cd": "RURAL", "households": 6, "buildings": 3, "avg_score": 31.9, "risk_level_cd": "ok"}}, {"type": "Feature", "geometry": {"type": "Polygon", "coordinates": [[[126.67341, 35.464], [126.67332, 35.47302], [126.68434, 35.47309], [126.68443, 35.46408], [126.67341, 35.464]]]}, "properties": {"grid_id": "다마2519", "region_type_cd": "RURAL", "households": 6, "buildings": 7, "avg_score": 25.5, "risk_level_cd": "ok"}}, {"type": "Feature", "geometry": {"type": "Polygon", "coordinates": [[[126.67332, 35.47302], [126.67323, 35.48203], [126.68425, 35.48211], [126.68434, 35.47309], [126.67332, 35.47302]]]}, "properties": {"grid_id": "다마2520", "region_type_cd": "RURAL", "households": 14, "buildings": 24, "avg_score": 22.2, "risk_level_cd": "ok"}}, {"type": "Feature", "geometry": {"type": "Polygon", "coordinates": [[[126.67323, 35.48203], [126.67314, 35.49105], [126.68416, 35.49112], [126.68425, 35.48211], [126.67323, 35.48203]]]}, "properties": {"grid_id": "다마2521", "region_type_cd": "RURAL", "households": 13, "buildings": 21, "avg_score": 24.6, "risk_level_cd": "ok"}}, {"type": "Feature", "geometry": {"type": "Polygon", "coordinates": [[[126.67314, 35.49105], [126.67304, 35.50007], [126.68407, 35.50014], [126.68416, 35.49112], [126.67314, 35.49105]]]}, "properties": {"grid_id": "다마2522", "region_type_cd": "RURAL", "households": 15, "buildings": 24, "avg_score": 26.5, "risk_level_cd": "ok"}}, {"type": "Feature", "geometry": {"type": "Polygon", "coordinates": [[[126.67295, 35.50908], [126.67286, 35.5181], [126.68389, 35.51817], [126.68398, 35.50916], [126.67295, 35.50908]]]}, "properties": {"grid_id": "다마2524", "region_type_cd": "RURAL", "households": 37, "buildings": 60, "avg_score": 22.8, "risk_level_cd": "ok"}}, {"type": "Feature", "geometry": {"type": "Polygon", "coordinates": [[[126.67286, 35.5181], [126.67277, 35.52711], [126.6838, 35.52719], [126.68389, 35.51817], [126.67286, 35.5181]]]}, "properties": {"grid_id": "다마2525", "region_type_cd": "RURAL", "households": 20, "buildings": 21, "avg_score": 25.7, "risk_level_cd": "ok"}}, {"type": "Feature", "geometry": {"type": "Polygon", "coordinates": [[[126.67277, 35.52711], [126.67267, 35.53613], [126.6837, 35.5362], [126.6838, 35.52719], [126.67277, 35.52711]]]}, "properties": {"grid_id": "다마2526", "region_type_cd": "URBAN", "households": 6, "buildings": 1, "avg_score": 30.6, "risk_level_cd": "ok"}}, {"type": "Feature", "geometry": {"type": "Polygon", "coordinates": [[[126.67267, 35.53613], [126.67258, 35.54514], [126.68361, 35.54522], [126.6837, 35.5362], [126.67267, 35.53613]]]}, "properties": {"grid_id": "다마2527", "region_type_cd": "RURAL", "households": 12, "buildings": 6, "avg_score": 29.9, "risk_level_cd": "ok"}}, {"type": "Feature", "geometry": {"type": "Polygon", "coordinates": [[[126.67258, 35.54514], [126.67249, 35.55416], [126.68352, 35.55423], [126.68361, 35.54522], [126.67258, 35.54514]]]}, "properties": {"grid_id": "다마2528", "region_type_cd": "RURAL", "households": 23, "buildings": 43, "avg_score": 23.9, "risk_level_cd": "ok"}}, {"type": "Feature", "geometry": {"type": "Polygon", "coordinates": [[[126.67249, 35.55416], [126.6724, 35.56318], [126.68343, 35.56325], [126.68352, 35.55423], [126.67249, 35.55416]]]}, "properties": {"grid_id": "다마2529", "region_type_cd": "RURAL", "households": 9, "buildings": 7, "avg_score": 28.2, "risk_level_cd": "ok"}}, {"type": "Feature", "geometry": {"type": "Polygon", "coordinates": [[[126.6724, 35.56318], [126.6723, 35.57219], [126.68334, 35.57227], [126.68343, 35.56325], [126.6724, 35.56318]]]}, "properties": {"grid_id": "다마2530", "region_type_cd": "RURAL", "households": 10, "buildings": 12, "avg_score": 28.9, "risk_level_cd": "ok"}}, {"type": "Feature", "geometry": {"type": "Polygon", "coordinates": [[[126.68552, 35.35589], [126.68543, 35.3649], [126.69644, 35.36498], [126.69653, 35.35596], [126.68552, 35.35589]]]}, "properties": {"grid_id": "다마2607", "region_type_cd": "RURAL", "households": 7, "buildings": 9, "avg_score": 25.1, "risk_level_cd": "ok"}}, {"type": "Feature", "geometry": {"type": "Polygon", "coordinates": [[[126.68543, 35.3649], [126.68534, 35.37392], [126.69635, 35.37399], [126.69644, 35.36498], [126.68543, 35.3649]]]}, "properties": {"grid_id": "다마2608", "region_type_cd": "RURAL", "households": 7, "buildings": 12, "avg_score": 26.1, "risk_level_cd": "ok"}}, {"type": "Feature", "geometry": {"type": "Polygon", "coordinates": [[[126.68534, 35.37392], [126.68525, 35.38293], [126.69626, 35.38301], [126.69635, 35.37399], [126.68534, 35.37392]]]}, "properties": {"grid_id": "다마2609", "region_type_cd": "RURAL", "households": 4, "buildings": 7, "avg_score": 28.2, "risk_level_cd": "ok"}}, {"type": "Feature", "geometry": {"type": "Polygon", "coordinates": [[[126.68525, 35.38293], [126.68516, 35.39195], [126.69617, 35.39202], [126.69626, 35.38301], [126.68525, 35.38293]]]}, "properties": {"grid_id": "다마2610", "region_type_cd": "RURAL", "households": 6, "buildings": 11, "avg_score": 24.0, "risk_level_cd": "ok"}}, {"type": "Feature", "geometry": {"type": "Polygon", "coordinates": [[[126.68516, 35.39195], [126.68507, 35.40097], [126.69608, 35.40104], [126.69617, 35.39202], [126.68516, 35.39195]]]}, "properties": {"grid_id": "다마2611", "region_type_cd": "RURAL", "households": 17, "buildings": 14, "avg_score": 23.7, "risk_level_cd": "ok"}}, {"type": "Feature", "geometry": {"type": "Polygon", "coordinates": [[[126.68507, 35.40097], [126.68498, 35.40998], [126.69599, 35.41006], [126.69608, 35.40104], [126.68507, 35.40097]]]}, "properties": {"grid_id": "다마2612", "region_type_cd": "RURAL", "households": 59, "buildings": 43, "avg_score": 19.5, "risk_level_cd": "ok"}}, {"type": "Feature", "geometry": {"type": "Polygon", "coordinates": [[[126.68498, 35.40998], [126.68489, 35.419], [126.6959, 35.41907], [126.69599, 35.41006], [126.68498, 35.40998]]]}, "properties": {"grid_id": "다마2613", "region_type_cd": "RURAL", "households": 39, "buildings": 58, "avg_score": 21.6, "risk_level_cd": "ok"}}, {"type": "Feature", "geometry": {"type": "Polygon", "coordinates": [[[126.68489, 35.419], [126.6848, 35.42801], [126.69581, 35.42809], [126.6959, 35.41907], [126.68489, 35.419]]]}, "properties": {"grid_id": "다마2614", "region_type_cd": "BUFFER", "households": 251, "buildings": 85, "avg_score": 11.2, "risk_level_cd": "ok"}}, {"type": "Feature", "geometry": {"type": "Polygon", "coordinates": [[[126.6848, 35.42801], [126.68471, 35.43703], [126.69572, 35.4371], [126.69581, 35.42809], [126.6848, 35.42801]]]}, "properties": {"grid_id": "다마2615", "region_type_cd": "URBAN", "households": 464, "buildings": 146, "avg_score": 28.3, "risk_level_cd": "ok"}}, {"type": "Feature", "geometry": {"type": "Polygon", "coordinates": [[[126.68471, 35.43703], [126.68462, 35.44605], [126.69563, 35.44612], [126.69572, 35.4371], [126.68471, 35.43703]]]}, "properties": {"grid_id": "다마2616", "region_type_cd": "URBAN", "households": 408, "buildings": 81, "avg_score": 23.0, "risk_level_cd": "ok"}}, {"type": "Feature", "geometry": {"type": "Polygon", "coordinates": [[[126.68462, 35.44605], [126.68452, 35.45506], [126.69554, 35.45514], [126.69563, 35.44612], [126.68462, 35.44605]]]}, "properties": {"grid_id": "다마2617", "region_type_cd": "RURAL", "households": 187, "buildings": 19, "avg_score": 8.2, "risk_level_cd": "ok"}}, {"type": "Feature", "geometry": {"type": "Polygon", "coordinates": [[[126.68443, 35.46408], [126.68434, 35.47309], [126.69536, 35.47317], [126.69545, 35.46415], [126.68443, 35.46408]]]}, "properties": {"grid_id": "다마2619", "region_type_cd": "RURAL", "households": 13, "buildings": 7, "avg_score": 23.6, "risk_level_cd": "ok"}}, {"type": "Feature", "geometry": {"type": "Polygon", "coordinates": [[[126.68434, 35.47309], [126.68425, 35.48211], [126.69527, 35.48218], [126.69536, 35.47317], [126.68434, 35.47309]]]}, "properties": {"grid_id": "다마2620", "region_type_cd": "RURAL", "households": 19, "buildings": 21, "avg_score": 21.2, "risk_level_cd": "ok"}}, {"type": "Feature", "geometry": {"type": "Polygon", "coordinates": [[[126.68425, 35.48211], [126.68416, 35.49112], [126.69518, 35.4912], [126.69527, 35.48218], [126.68425, 35.48211]]]}, "properties": {"grid_id": "다마2621", "region_type_cd": "RURAL", "households": 4, "buildings": 1, "avg_score": 18.5, "risk_level_cd": "ok"}}, {"type": "Feature", "geometry": {"type": "Polygon", "coordinates": [[[126.68416, 35.49112], [126.68407, 35.50014], [126.69509, 35.50021], [126.69518, 35.4912], [126.68416, 35.49112]]]}, "properties": {"grid_id": "다마2622", "region_type_cd": "RURAL", "households": 22, "buildings": 30, "avg_score": 23.9, "risk_level_cd": "ok"}}, {"type": "Feature", "geometry": {"type": "Polygon", "coordinates": [[[126.68407, 35.50014], [126.68398, 35.50916], [126.695, 35.50923], [126.69509, 35.50021], [126.68407, 35.50014]]]}, "properties": {"grid_id": "다마2623", "region_type_cd": "RURAL", "households": 22, "buildings": 32, "avg_score": 22.6, "risk_level_cd": "ok"}}, {"type": "Feature", "geometry": {"type": "Polygon", "coordinates": [[[126.68398, 35.50916], [126.68389, 35.51817], [126.69491, 35.51825], [126.695, 35.50923], [126.68398, 35.50916]]]}, "properties": {"grid_id": "다마2624", "region_type_cd": "RURAL", "households": 35, "buildings": 19, "avg_score": 88.0, "risk_level_cd": "danger"}}, {"type": "Feature", "geometry": {"type": "Polygon", "coordinates": [[[126.68389, 35.51817], [126.6838, 35.52719], [126.69482, 35.52726], [126.69491, 35.51825], [126.68389, 35.51817]]]}, "properties": {"grid_id": "다마2625", "region_type_cd": "RURAL", "households": 68, "buildings": 36, "avg_score": 27.7, "risk_level_cd": "ok"}}, {"type": "Feature", "geometry": {"type": "Polygon", "coordinates": [[[126.6838, 35.52719], [126.6837, 35.5362], [126.69473, 35.53628], [126.69482, 35.52726], [126.6838, 35.52719]]]}, "properties": {"grid_id": "다마2626", "region_type_cd": "RURAL", "households": 7, "buildings": 6, "avg_score": 26.8, "risk_level_cd": "ok"}}, {"type": "Feature", "geometry": {"type": "Polygon", "coordinates": [[[126.6837, 35.5362], [126.68361, 35.54522], [126.69464, 35.54529], [126.69473, 35.53628], [126.6837, 35.5362]]]}, "properties": {"grid_id": "다마2627", "region_type_cd": "RURAL", "households": 8, "buildings": 10, "avg_score": 31.0, "risk_level_cd": "ok"}}, {"type": "Feature", "geometry": {"type": "Polygon", "coordinates": [[[126.68361, 35.54522], [126.68352, 35.55423], [126.69455, 35.55431], [126.69464, 35.54529], [126.68361, 35.54522]]]}, "properties": {"grid_id": "다마2628", "region_type_cd": "RURAL", "households": 12, "buildings": 12, "avg_score": 26.4, "risk_level_cd": "ok"}}, {"type": "Feature", "geometry": {"type": "Polygon", "coordinates": [[[126.68352, 35.55423], [126.68343, 35.56325], [126.69446, 35.56332], [126.69455, 35.55431], [126.68352, 35.55423]]]}, "properties": {"grid_id": "다마2629", "region_type_cd": "RURAL", "households": 10, "buildings": 15, "avg_score": 27.9, "risk_level_cd": "ok"}}, {"type": "Feature", "geometry": {"type": "Polygon", "coordinates": [[[126.68343, 35.56325], [126.68334, 35.57227], [126.69437, 35.57234], [126.69446, 35.56332], [126.68343, 35.56325]]]}, "properties": {"grid_id": "다마2630", "region_type_cd": "RURAL", "households": 10, "buildings": 22, "avg_score": 28.3, "risk_level_cd": "ok"}}, {"type": "Feature", "geometry": {"type": "Polygon", "coordinates": [[[126.69644, 35.36498], [126.69635, 35.37399], [126.70736, 35.37406], [126.70745, 35.36505], [126.69644, 35.36498]]]}, "properties": {"grid_id": "다마2708", "region_type_cd": "RURAL", "households": 4, "buildings": 6, "avg_score": 27.8, "risk_level_cd": "ok"}}, {"type": "Feature", "geometry": {"type": "Polygon", "coordinates": [[[126.69635, 35.37399], [126.69626, 35.38301], [126.70727, 35.38308], [126.70736, 35.37406], [126.69635, 35.37399]]]}, "properties": {"grid_id": "다마2709", "region_type_cd": "RURAL", "households": 4, "buildings": 4, "avg_score": 27.6, "risk_level_cd": "ok"}}, {"type": "Feature", "geometry": {"type": "Polygon", "coordinates": [[[126.69626, 35.38301], [126.69617, 35.39202], [126.70718, 35.3921], [126.70727, 35.38308], [126.69626, 35.38301]]]}, "properties": {"grid_id": "다마2710", "region_type_cd": "RURAL", "households": 3, "buildings": 3, "avg_score": 30.8, "risk_level_cd": "ok"}}, {"type": "Feature", "geometry": {"type": "Polygon", "coordinates": [[[126.69617, 35.39202], [126.69608, 35.40104], [126.70709, 35.40111], [126.70718, 35.3921], [126.69617, 35.39202]]]}, "properties": {"grid_id": "다마2711", "region_type_cd": "RURAL", "households": 1, "buildings": 1, "avg_score": 18.8, "risk_level_cd": "ok"}}, {"type": "Feature", "geometry": {"type": "Polygon", "coordinates": [[[126.69608, 35.40104], [126.69599, 35.41006], [126.707, 35.41013], [126.70709, 35.40111], [126.69608, 35.40104]]]}, "properties": {"grid_id": "다마2712", "region_type_cd": "RURAL", "households": 11, "buildings": 3, "avg_score": 22.9, "risk_level_cd": "ok"}}, {"type": "Feature", "geometry": {"type": "Polygon", "coordinates": [[[126.69599, 35.41006], [126.6959, 35.41907], [126.70692, 35.41914], [126.707, 35.41013], [126.69599, 35.41006]]]}, "properties": {"grid_id": "다마2713", "region_type_cd": "RURAL", "households": 35, "buildings": 17, "avg_score": 23.6, "risk_level_cd": "ok"}}, {"type": "Feature", "geometry": {"type": "Polygon", "coordinates": [[[126.6959, 35.41907], [126.69581, 35.42809], [126.70683, 35.42816], [126.70692, 35.41914], [126.6959, 35.41907]]]}, "properties": {"grid_id": "다마2714", "region_type_cd": "BUFFER", "households": 295, "buildings": 53, "avg_score": 14.2, "risk_level_cd": "ok"}}, {"type": "Feature", "geometry": {"type": "Polygon", "coordinates": [[[126.69581, 35.42809], [126.69572, 35.4371], [126.70674, 35.43718], [126.70683, 35.42816], [126.69581, 35.42809]]]}, "properties": {"grid_id": "다마2715", "region_type_cd": "URBAN", "households": 633, "buildings": 614, "avg_score": 49.5, "risk_level_cd": "warn"}}, {"type": "Feature", "geometry": {"type": "Polygon", "coordinates": [[[126.69572, 35.4371], [126.69563, 35.44612], [126.70665, 35.44619], [126.70674, 35.43718], [126.69572, 35.4371]]]}, "properties": {"grid_id": "다마2716", "region_type_cd": "URBAN", "households": 474, "buildings": 196, "avg_score": 35.1, "risk_level_cd": "warn"}}, {"type": "Feature", "geometry": {"type": "Polygon", "coordinates": [[[126.69563, 35.44612], [126.69554, 35.45514], [126.70656, 35.45521], [126.70665, 35.44619], [126.69563, 35.44612]]]}, "properties": {"grid_id": "다마2717", "region_type_cd": "RURAL", "households": 53, "buildings": 35, "avg_score": 16.2, "risk_level_cd": "ok"}}, {"type": "Feature", "geometry": {"type": "Polygon", "coordinates": [[[126.69554, 35.45514], [126.69545, 35.46415], [126.70647, 35.46422], [126.70656, 35.45521], [126.69554, 35.45514]]]}, "properties": {"grid_id": "다마2718", "region_type_cd": "RURAL", "households": 12, "buildings": 18, "avg_score": 71.2, "risk_level_cd": "danger"}}, {"type": "Feature", "geometry": {"type": "Polygon", "coordinates": [[[126.69545, 35.46415], [126.69536, 35.47317], [126.70639, 35.47324], [126.70647, 35.46422], [126.69545, 35.46415]]]}, "properties": {"grid_id": "다마2719", "region_type_cd": "RURAL", "households": 19, "buildings": 19, "avg_score": 50.7, "risk_level_cd": "warn"}}, {"type": "Feature", "geometry": {"type": "Polygon", "coordinates": [[[126.69536, 35.47317], [126.69527, 35.48218], [126.7063, 35.48226], [126.70639, 35.47324], [126.69536, 35.47317]]]}, "properties": {"grid_id": "다마2720", "region_type_cd": "RURAL", "households": 24, "buildings": 48, "avg_score": 22.4, "risk_level_cd": "ok"}}, {"type": "Feature", "geometry": {"type": "Polygon", "coordinates": [[[126.69527, 35.48218], [126.69518, 35.4912], [126.70621, 35.49127], [126.7063, 35.48226], [126.69527, 35.48218]]]}, "properties": {"grid_id": "다마2721", "region_type_cd": "RURAL", "households": 24, "buildings": 30, "avg_score": 22.8, "risk_level_cd": "ok"}}, {"type": "Feature", "geometry": {"type": "Polygon", "coordinates": [[[126.69518, 35.4912], [126.69509, 35.50021], [126.70612, 35.50029], [126.70621, 35.49127], [126.69518, 35.4912]]]}, "properties": {"grid_id": "다마2722", "region_type_cd": "RURAL", "households": 28, "buildings": 44, "avg_score": 21.1, "risk_level_cd": "ok"}}, {"type": "Feature", "geometry": {"type": "Polygon", "coordinates": [[[126.69509, 35.50021], [126.695, 35.50923], [126.70603, 35.5093], [126.70612, 35.50029], [126.69509, 35.50021]]]}, "properties": {"grid_id": "다마2723", "region_type_cd": "RURAL", "households": 24, "buildings": 27, "avg_score": 25.1, "risk_level_cd": "ok"}}, {"type": "Feature", "geometry": {"type": "Polygon", "coordinates": [[[126.695, 35.50923], [126.69491, 35.51825], [126.70594, 35.51832], [126.70603, 35.5093], [126.695, 35.50923]]]}, "properties": {"grid_id": "다마2724", "region_type_cd": "BUFFER", "households": 96, "buildings": 77, "avg_score": 23.7, "risk_level_cd": "ok"}}, {"type": "Feature", "geometry": {"type": "Polygon", "coordinates": [[[126.69491, 35.51825], [126.69482, 35.52726], [126.70585, 35.52733], [126.70594, 35.51832], [126.69491, 35.51825]]]}, "properties": {"grid_id": "다마2725", "region_type_cd": "BUFFER", "households": 149, "buildings": 273, "avg_score": 29.8, "risk_level_cd": "ok"}}, {"type": "Feature", "geometry": {"type": "Polygon", "coordinates": [[[126.69482, 35.52726], [126.69473, 35.53628], [126.70576, 35.53635], [126.70585, 35.52733], [126.69482, 35.52726]]]}, "properties": {"grid_id": "다마2726", "region_type_cd": "RURAL", "households": 42, "buildings": 13, "avg_score": 22.2, "risk_level_cd": "ok"}}, {"type": "Feature", "geometry": {"type": "Polygon", "coordinates": [[[126.69473, 35.53628], [126.69464, 35.54529], [126.70568, 35.54537], [126.70576, 35.53635], [126.69473, 35.53628]]]}, "properties": {"grid_id": "다마2727", "region_type_cd": "RURAL", "households": 8, "buildings": 17, "avg_score": 27.2, "risk_level_cd": "ok"}}, {"type": "Feature", "geometry": {"type": "Polygon", "coordinates": [[[126.69464, 35.54529], [126.69455, 35.55431], [126.70559, 35.55438], [126.70568, 35.54537], [126.69464, 35.54529]]]}, "properties": {"grid_id": "다마2728", "region_type_cd": "RURAL", "households": 8, "buildings": 23, "avg_score": 30.9, "risk_level_cd": "ok"}}, {"type": "Feature", "geometry": {"type": "Polygon", "coordinates": [[[126.69455, 35.55431], [126.69446, 35.56332], [126.7055, 35.5634], [126.70559, 35.55438], [126.69455, 35.55431]]]}, "properties": {"grid_id": "다마2729", "region_type_cd": "RURAL", "households": 10, "buildings": 9, "avg_score": 30.0, "risk_level_cd": "ok"}}, {"type": "Feature", "geometry": {"type": "Polygon", "coordinates": [[[126.69446, 35.56332], [126.69437, 35.57234], [126.70541, 35.57241], [126.7055, 35.5634], [126.69446, 35.56332]]]}, "properties": {"grid_id": "다마2730", "region_type_cd": "RURAL", "households": 7, "buildings": 4, "avg_score": 27.4, "risk_level_cd": "ok"}}, {"type": "Feature", "geometry": {"type": "Polygon", "coordinates": [[[126.70736, 35.37406], [126.70727, 35.38308], [126.71828, 35.38315], [126.71837, 35.37414], [126.70736, 35.37406]]]}, "properties": {"grid_id": "다마2809", "region_type_cd": "RURAL", "households": 7, "buildings": 18, "avg_score": 22.0, "risk_level_cd": "ok"}}, {"type": "Feature", "geometry": {"type": "Polygon", "coordinates": [[[126.70727, 35.38308], [126.70718, 35.3921], [126.71819, 35.39217], [126.71828, 35.38315], [126.70727, 35.38308]]]}, "properties": {"grid_id": "다마2810", "region_type_cd": "RURAL", "households": 4, "buildings": 3, "avg_score": 23.3, "risk_level_cd": "ok"}}, {"type": "Feature", "geometry": {"type": "Polygon", "coordinates": [[[126.70718, 35.3921], [126.70709, 35.40111], [126.7181, 35.40118], [126.71819, 35.39217], [126.70718, 35.3921]]]}, "properties": {"grid_id": "다마2811", "region_type_cd": "RURAL", "households": 1, "buildings": 1, "avg_score": 22.6, "risk_level_cd": "ok"}}, {"type": "Feature", "geometry": {"type": "Polygon", "coordinates": [[[126.70709, 35.40111], [126.707, 35.41013], [126.71802, 35.4102], [126.7181, 35.40118], [126.70709, 35.40111]]]}, "properties": {"grid_id": "다마2812", "region_type_cd": "RURAL", "households": 3, "buildings": 6, "avg_score": 25.0, "risk_level_cd": "ok"}}, {"type": "Feature", "geometry": {"type": "Polygon", "coordinates": [[[126.707, 35.41013], [126.70692, 35.41914], [126.71793, 35.41922], [126.71802, 35.4102], [126.707, 35.41013]]]}, "properties": {"grid_id": "다마2813", "region_type_cd": "RURAL", "households": 7, "buildings": 6, "avg_score": 29.6, "risk_level_cd": "ok"}}, {"type": "Feature", "geometry": {"type": "Polygon", "coordinates": [[[126.70692, 35.41914], [126.70683, 35.42816], [126.71784, 35.42823], [126.71793, 35.41922], [126.70692, 35.41914]]]}, "properties": {"grid_id": "다마2814", "region_type_cd": "RURAL", "households": 154, "buildings": 16, "avg_score": 37.9, "risk_level_cd": "warn"}}, {"type": "Feature", "geometry": {"type": "Polygon", "coordinates": [[[126.70683, 35.42816], [126.70674, 35.43718], [126.71776, 35.43725], [126.71784, 35.42823], [126.70683, 35.42816]]]}, "properties": {"grid_id": "다마2815", "region_type_cd": "URBAN", "households": 533, "buildings": 515, "avg_score": 33.3, "risk_level_cd": "ok"}}, {"type": "Feature", "geometry": {"type": "Polygon", "coordinates": [[[126.70674, 35.43718], [126.70665, 35.44619], [126.71767, 35.44626], [126.71776, 35.43725], [126.70674, 35.43718]]]}, "properties": {"grid_id": "다마2816", "region_type_cd": "URBAN", "households": 449, "buildings": 143, "avg_score": 26.9, "risk_level_cd": "ok"}}, {"type": "Feature", "geometry": {"type": "Polygon", "coordinates": [[[126.70665, 35.44619], [126.70656, 35.45521], [126.71758, 35.45528], [126.71767, 35.44626], [126.70665, 35.44619]]]}, "properties": {"grid_id": "다마2817", "region_type_cd": "RURAL", "households": 175, "buildings": 12, "avg_score": 20.4, "risk_level_cd": "ok"}}, {"type": "Feature", "geometry": {"type": "Polygon", "coordinates": [[[126.70656, 35.45521], [126.70647, 35.46422], [126.71749, 35.4643], [126.71758, 35.45528], [126.70656, 35.45521]]]}, "properties": {"grid_id": "다마2818", "region_type_cd": "RURAL", "households": 10, "buildings": 12, "avg_score": 21.1, "risk_level_cd": "ok"}}, {"type": "Feature", "geometry": {"type": "Polygon", "coordinates": [[[126.70647, 35.46422], [126.70639, 35.47324], [126.71741, 35.47331], [126.71749, 35.4643], [126.70647, 35.46422]]]}, "properties": {"grid_id": "다마2819", "region_type_cd": "RURAL", "households": 13, "buildings": 9, "avg_score": 25.6, "risk_level_cd": "ok"}}, {"type": "Feature", "geometry": {"type": "Polygon", "coordinates": [[[126.70639, 35.47324], [126.7063, 35.48226], [126.71732, 35.48233], [126.71741, 35.47331], [126.70639, 35.47324]]]}, "properties": {"grid_id": "다마2820", "region_type_cd": "RURAL", "households": 13, "buildings": 20, "avg_score": 22.1, "risk_level_cd": "ok"}}, {"type": "Feature", "geometry": {"type": "Polygon", "coordinates": [[[126.7063, 35.48226], [126.70621, 35.49127], [126.71723, 35.49134], [126.71732, 35.48233], [126.7063, 35.48226]]]}, "properties": {"grid_id": "다마2821", "region_type_cd": "RURAL", "households": 28, "buildings": 36, "avg_score": 22.1, "risk_level_cd": "ok"}}, {"type": "Feature", "geometry": {"type": "Polygon", "coordinates": [[[126.70621, 35.49127], [126.70612, 35.50029], [126.71714, 35.50036], [126.71723, 35.49134], [126.70621, 35.49127]]]}, "properties": {"grid_id": "다마2822", "region_type_cd": "RURAL", "households": 24, "buildings": 26, "avg_score": 23.9, "risk_level_cd": "ok"}}, {"type": "Feature", "geometry": {"type": "Polygon", "coordinates": [[[126.70612, 35.50029], [126.70603, 35.5093], [126.71706, 35.50938], [126.71714, 35.50036], [126.70612, 35.50029]]]}, "properties": {"grid_id": "다마2823", "region_type_cd": "RURAL", "households": 12, "buildings": 9, "avg_score": 24.5, "risk_level_cd": "ok"}}, {"type": "Feature", "geometry": {"type": "Polygon", "coordinates": [[[126.70603, 35.5093], [126.70594, 35.51832], [126.71697, 35.51839], [126.71706, 35.50938], [126.70603, 35.5093]]]}, "properties": {"grid_id": "다마2824", "region_type_cd": "RURAL", "households": 19, "buildings": 20, "avg_score": 26.5, "risk_level_cd": "ok"}}, {"type": "Feature", "geometry": {"type": "Polygon", "coordinates": [[[126.70594, 35.51832], [126.70585, 35.52733], [126.71688, 35.52741], [126.71697, 35.51839], [126.70594, 35.51832]]]}, "properties": {"grid_id": "다마2825", "region_type_cd": "RURAL", "households": 72, "buildings": 36, "avg_score": 94.7, "risk_level_cd": "danger"}}, {"type": "Feature", "geometry": {"type": "Polygon", "coordinates": [[[126.70585, 35.52733], [126.70576, 35.53635], [126.71679, 35.53642], [126.71688, 35.52741], [126.70585, 35.52733]]]}, "properties": {"grid_id": "다마2826", "region_type_cd": "RURAL", "households": 33, "buildings": 23, "avg_score": 25.3, "risk_level_cd": "ok"}}, {"type": "Feature", "geometry": {"type": "Polygon", "coordinates": [[[126.70576, 35.53635], [126.70568, 35.54537], [126.71671, 35.54544], [126.71679, 35.53642], [126.70576, 35.53635]]]}, "properties": {"grid_id": "다마2827", "region_type_cd": "RURAL", "households": 7, "buildings": 7, "avg_score": 27.2, "risk_level_cd": "ok"}}, {"type": "Feature", "geometry": {"type": "Polygon", "coordinates": [[[126.70568, 35.54537], [126.70559, 35.55438], [126.71662, 35.55445], [126.71671, 35.54544], [126.70568, 35.54537]]]}, "properties": {"grid_id": "다마2828", "region_type_cd": "RURAL", "households": 9, "buildings": 12, "avg_score": 29.1, "risk_level_cd": "ok"}}, {"type": "Feature", "geometry": {"type": "Polygon", "coordinates": [[[126.70559, 35.55438], [126.7055, 35.5634], [126.71653, 35.56347], [126.71662, 35.55445], [126.70559, 35.55438]]]}, "properties": {"grid_id": "다마2829", "region_type_cd": "RURAL", "households": 20, "buildings": 33, "avg_score": 23.8, "risk_level_cd": "ok"}}, {"type": "Feature", "geometry": {"type": "Polygon", "coordinates": [[[126.7055, 35.5634], [126.70541, 35.57241], [126.71644, 35.57249], [126.71653, 35.56347], [126.7055, 35.5634]]]}, "properties": {"grid_id": "다마2830", "region_type_cd": "RURAL", "households": 16, "buildings": 30, "avg_score": 25.4, "risk_level_cd": "ok"}}, {"type": "Feature", "geometry": {"type": "Polygon", "coordinates": [[[126.70541, 35.57241], [126.70532, 35.58143], [126.71636, 35.5815], [126.71644, 35.57249], [126.70541, 35.57241]]]}, "properties": {"grid_id": "다마2831", "region_type_cd": "RURAL", "households": 17, "buildings": 11, "avg_score": 24.0, "risk_level_cd": "ok"}}, {"type": "Feature", "geometry": {"type": "Polygon", "coordinates": [[[126.71828, 35.38315], [126.71819, 35.39217], [126.7292, 35.39224], [126.72929, 35.38322], [126.71828, 35.38315]]]}, "properties": {"grid_id": "다마2910", "region_type_cd": "RURAL", "households": 6, "buildings": 9, "avg_score": 25.9, "risk_level_cd": "ok"}}, {"type": "Feature", "geometry": {"type": "Polygon", "coordinates": [[[126.71819, 35.39217], [126.7181, 35.40118], [126.72912, 35.40126], [126.7292, 35.39224], [126.71819, 35.39217]]]}, "properties": {"grid_id": "다마2911", "region_type_cd": "RURAL", "households": 5, "buildings": 7, "avg_score": 25.4, "risk_level_cd": "ok"}}, {"type": "Feature", "geometry": {"type": "Polygon", "coordinates": [[[126.71802, 35.4102], [126.71793, 35.41922], [126.72894, 35.41929], [126.72903, 35.41027], [126.71802, 35.4102]]]}, "properties": {"grid_id": "다마2913", "region_type_cd": "RURAL", "households": 12, "buildings": 11, "avg_score": 25.1, "risk_level_cd": "ok"}}, {"type": "Feature", "geometry": {"type": "Polygon", "coordinates": [[[126.71793, 35.41922], [126.71784, 35.42823], [126.72886, 35.4283], [126.72894, 35.41929], [126.71793, 35.41922]]]}, "properties": {"grid_id": "다마2914", "region_type_cd": "RURAL", "households": 45, "buildings": 30, "avg_score": 19.3, "risk_level_cd": "ok"}}, {"type": "Feature", "geometry": {"type": "Polygon", "coordinates": [[[126.71784, 35.42823], [126.71776, 35.43725], [126.72877, 35.43732], [126.72886, 35.4283], [126.71784, 35.42823]]]}, "properties": {"grid_id": "다마2915", "region_type_cd": "RURAL", "households": 214, "buildings": 61, "avg_score": 8.3, "risk_level_cd": "ok"}}, {"type": "Feature", "geometry": {"type": "Polygon", "coordinates": [[[126.71776, 35.43725], [126.71767, 35.44626], [126.72869, 35.44634], [126.72877, 35.43732], [126.71776, 35.43725]]]}, "properties": {"grid_id": "다마2916", "region_type_cd": "RURAL", "households": 188, "buildings": 6, "avg_score": 5.5, "risk_level_cd": "ok"}}, {"type": "Feature", "geometry": {"type": "Polygon", "coordinates": [[[126.71758, 35.45528], [126.71749, 35.4643], [126.72851, 35.46437], [126.7286, 35.45535], [126.71758, 35.45528]]]}, "properties": {"grid_id": "다마2918", "region_type_cd": "RURAL", "households": 12, "buildings": 18, "avg_score": 20.9, "risk_level_cd": "ok"}}, {"type": "Feature", "geometry": {"type": "Polygon", "coordinates": [[[126.71749, 35.4643], [126.71741, 35.47331], [126.72843, 35.47338], [126.72851, 35.46437], [126.71749, 35.4643]]]}, "properties": {"grid_id": "다마2919", "region_type_cd": "RURAL", "households": 12, "buildings": 20, "avg_score": 21.6, "risk_level_cd": "ok"}}, {"type": "Feature", "geometry": {"type": "Polygon", "coordinates": [[[126.71741, 35.47331], [126.71732, 35.48233], [126.72834, 35.4824], [126.72843, 35.47338], [126.71741, 35.47331]]]}, "properties": {"grid_id": "다마2920", "region_type_cd": "RURAL", "households": 11, "buildings": 17, "avg_score": 22.2, "risk_level_cd": "ok"}}, {"type": "Feature", "geometry": {"type": "Polygon", "coordinates": [[[126.71732, 35.48233], [126.71723, 35.49134], [126.72826, 35.49141], [126.72834, 35.4824], [126.71732, 35.48233]]]}, "properties": {"grid_id": "다마2921", "region_type_cd": "RURAL", "households": 15, "buildings": 5, "avg_score": 19.9, "risk_level_cd": "ok"}}, {"type": "Feature", "geometry": {"type": "Polygon", "coordinates": [[[126.71723, 35.49134], [126.71714, 35.50036], [126.72817, 35.50043], [126.72826, 35.49141], [126.71723, 35.49134]]]}, "properties": {"grid_id": "다마2922", "region_type_cd": "RURAL", "households": 18, "buildings": 15, "avg_score": 24.7, "risk_level_cd": "ok"}}, {"type": "Feature", "geometry": {"type": "Polygon", "coordinates": [[[126.71714, 35.50036], [126.71706, 35.50938], [126.72808, 35.50945], [126.72817, 35.50043], [126.71714, 35.50036]]]}, "properties": {"grid_id": "다마2923", "region_type_cd": "RURAL", "households": 13, "buildings": 11, "avg_score": 48.8, "risk_level_cd": "warn"}}, {"type": "Feature", "geometry": {"type": "Polygon", "coordinates": [[[126.71706, 35.50938], [126.71697, 35.51839], [126.728, 35.51846], [126.72808, 35.50945], [126.71706, 35.50938]]]}, "properties": {"grid_id": "다마2924", "region_type_cd": "RURAL", "households": 27, "buildings": 49, "avg_score": 25.5, "risk_level_cd": "ok"}}, {"type": "Feature", "geometry": {"type": "Polygon", "coordinates": [[[126.71697, 35.51839], [126.71688, 35.52741], [126.72791, 35.52748], [126.728, 35.51846], [126.71697, 35.51839]]]}, "properties": {"grid_id": "다마2925", "region_type_cd": "RURAL", "households": 28, "buildings": 49, "avg_score": 26.0, "risk_level_cd": "ok"}}, {"type": "Feature", "geometry": {"type": "Polygon", "coordinates": [[[126.71688, 35.52741], [126.71679, 35.53642], [126.72782, 35.53649], [126.72791, 35.52748], [126.71688, 35.52741]]]}, "properties": {"grid_id": "다마2926", "region_type_cd": "RURAL", "households": 14, "buildings": 14, "avg_score": 25.5, "risk_level_cd": "ok"}}, {"type": "Feature", "geometry": {"type": "Polygon", "coordinates": [[[126.71679, 35.53642], [126.71671, 35.54544], [126.72774, 35.54551], [126.72782, 35.53649], [126.71679, 35.53642]]]}, "properties": {"grid_id": "다마2927", "region_type_cd": "RURAL", "households": 10, "buildings": 28, "avg_score": 22.5, "risk_level_cd": "ok"}}, {"type": "Feature", "geometry": {"type": "Polygon", "coordinates": [[[126.71671, 35.54544], [126.71662, 35.55445], [126.72765, 35.55453], [126.72774, 35.54551], [126.71671, 35.54544]]]}, "properties": {"grid_id": "다마2928", "region_type_cd": "RURAL", "households": 7, "buildings": 1, "avg_score": 30.1, "risk_level_cd": "ok"}}, {"type": "Feature", "geometry": {"type": "Polygon", "coordinates": [[[126.71662, 35.55445], [126.71653, 35.56347], [126.72757, 35.56354], [126.72765, 35.55453], [126.71662, 35.55445]]]}, "properties": {"grid_id": "다마2929", "region_type_cd": "RURAL", "households": 11, "buildings": 4, "avg_score": 25.1, "risk_level_cd": "ok"}}, {"type": "Feature", "geometry": {"type": "Polygon", "coordinates": [[[126.71653, 35.56347], [126.71644, 35.57249], [126.72748, 35.57256], [126.72757, 35.56354], [126.71653, 35.56347]]]}, "properties": {"grid_id": "다마2930", "region_type_cd": "RURAL", "households": 10, "buildings": 13, "avg_score": 30.0, "risk_level_cd": "ok"}}, {"type": "Feature", "geometry": {"type": "Polygon", "coordinates": [[[126.72903, 35.41027], [126.72894, 35.41929], [126.73996, 35.41936], [126.74004, 35.41034], [126.72903, 35.41027]]]}, "properties": {"grid_id": "다마3013", "region_type_cd": "RURAL", "households": 16, "buildings": 6, "avg_score": 21.3, "risk_level_cd": "ok"}}, {"type": "Feature", "geometry": {"type": "Polygon", "coordinates": [[[126.72894, 35.41929], [126.72886, 35.4283], [126.73987, 35.42837], [126.73996, 35.41936], [126.72894, 35.41929]]]}, "properties": {"grid_id": "다마3014", "region_type_cd": "RURAL", "households": 63, "buildings": 69, "avg_score": 20.5, "risk_level_cd": "ok"}}, {"type": "Feature", "geometry": {"type": "Polygon", "coordinates": [[[126.72886, 35.4283], [126.72877, 35.43732], [126.73979, 35.43739], [126.73987, 35.42837], [126.72886, 35.4283]]]}, "properties": {"grid_id": "다마3015", "region_type_cd": "BUFFER", "households": 225, "buildings": 41, "avg_score": 2.4, "risk_level_cd": "ok"}}, {"type": "Feature", "geometry": {"type": "Polygon", "coordinates": [[[126.7286, 35.45535], [126.72851, 35.46437], [126.73953, 35.46444], [126.73962, 35.45542], [126.7286, 35.45535]]]}, "properties": {"grid_id": "다마3018", "region_type_cd": "RURAL", "households": 8, "buildings": 2, "avg_score": 25.7, "risk_level_cd": "ok"}}, {"type": "Feature", "geometry": {"type": "Polygon", "coordinates": [[[126.72851, 35.46437], [126.72843, 35.47338], [126.73945, 35.47345], [126.73953, 35.46444], [126.72851, 35.46437]]]}, "properties": {"grid_id": "다마3019", "region_type_cd": "RURAL", "households": 12, "buildings": 27, "avg_score": 22.1, "risk_level_cd": "ok"}}, {"type": "Feature", "geometry": {"type": "Polygon", "coordinates": [[[126.72843, 35.47338], [126.72834, 35.4824], [126.73936, 35.48247], [126.73945, 35.47345], [126.72843, 35.47338]]]}, "properties": {"grid_id": "다마3020", "region_type_cd": "RURAL", "households": 16, "buildings": 13, "avg_score": 24.0, "risk_level_cd": "ok"}}, {"type": "Feature", "geometry": {"type": "Polygon", "coordinates": [[[126.72834, 35.4824], [126.72826, 35.49141], [126.73928, 35.49148], [126.73936, 35.48247], [126.72834, 35.4824]]]}, "properties": {"grid_id": "다마3021", "region_type_cd": "RURAL", "households": 14, "buildings": 13, "avg_score": 81.2, "risk_level_cd": "danger"}}, {"type": "Feature", "geometry": {"type": "Polygon", "coordinates": [[[126.72826, 35.49141], [126.72817, 35.50043], [126.7392, 35.5005], [126.73928, 35.49148], [126.72826, 35.49141]]]}, "properties": {"grid_id": "다마3022", "region_type_cd": "RURAL", "households": 15, "buildings": 19, "avg_score": 77.3, "risk_level_cd": "danger"}}, {"type": "Feature", "geometry": {"type": "Polygon", "coordinates": [[[126.72817, 35.50043], [126.72808, 35.50945], [126.73911, 35.50952], [126.7392, 35.5005], [126.72817, 35.50043]]]}, "properties": {"grid_id": "다마3023", "region_type_cd": "RURAL", "households": 9, "buildings": 12, "avg_score": 90.9, "risk_level_cd": "danger"}}, {"type": "Feature", "geometry": {"type": "Polygon", "coordinates": [[[126.72808, 35.50945], [126.728, 35.51846], [126.73902, 35.51853], [126.73911, 35.50952], [126.72808, 35.50945]]]}, "properties": {"grid_id": "다마3024", "region_type_cd": "RURAL", "households": 15, "buildings": 16, "avg_score": 34.6, "risk_level_cd": "ok"}}, {"type": "Feature", "geometry": {"type": "Polygon", "coordinates": [[[126.728, 35.51846], [126.72791, 35.52748], [126.73894, 35.52755], [126.73902, 35.51853], [126.728, 35.51846]]]}, "properties": {"grid_id": "다마3025", "region_type_cd": "RURAL", "households": 14, "buildings": 8, "avg_score": 22.7, "risk_level_cd": "ok"}}, {"type": "Feature", "geometry": {"type": "Polygon", "coordinates": [[[126.72791, 35.52748], [126.72782, 35.53649], [126.73885, 35.53656], [126.73894, 35.52755], [126.72791, 35.52748]]]}, "properties": {"grid_id": "다마3026", "region_type_cd": "RURAL", "households": 22, "buildings": 31, "avg_score": 25.8, "risk_level_cd": "ok"}}, {"type": "Feature", "geometry": {"type": "Polygon", "coordinates": [[[126.72782, 35.53649], [126.72774, 35.54551], [126.73877, 35.54558], [126.73885, 35.53656], [126.72782, 35.53649]]]}, "properties": {"grid_id": "다마3027", "region_type_cd": "RURAL", "households": 13, "buildings": 11, "avg_score": 26.4, "risk_level_cd": "ok"}}, {"type": "Feature", "geometry": {"type": "Polygon", "coordinates": [[[126.72774, 35.54551], [126.72765, 35.55453], [126.73868, 35.5546], [126.73877, 35.54558], [126.72774, 35.54551]]]}, "properties": {"grid_id": "다마3028", "region_type_cd": "RURAL", "households": 19, "buildings": 27, "avg_score": 24.8, "risk_level_cd": "ok"}}, {"type": "Feature", "geometry": {"type": "Polygon", "coordinates": [[[126.72765, 35.55453], [126.72757, 35.56354], [126.7386, 35.56361], [126.73868, 35.5546], [126.72765, 35.55453]]]}, "properties": {"grid_id": "다마3029", "region_type_cd": "RURAL", "households": 11, "buildings": 15, "avg_score": 29.3, "risk_level_cd": "ok"}}, {"type": "Feature", "geometry": {"type": "Polygon", "coordinates": [[[126.72757, 35.56354], [126.72748, 35.57256], [126.73851, 35.57263], [126.7386, 35.56361], [126.72757, 35.56354]]]}, "properties": {"grid_id": "다마3030", "region_type_cd": "RURAL", "households": 14, "buildings": 6, "avg_score": 27.5, "risk_level_cd": "ok"}}, {"type": "Feature", "geometry": {"type": "Polygon", "coordinates": [[[126.74004, 35.41034], [126.73996, 35.41936], [126.75097, 35.41943], [126.75106, 35.41041], [126.74004, 35.41034]]]}, "properties": {"grid_id": "다마3113", "region_type_cd": "RURAL", "households": 6, "buildings": 8, "avg_score": 20.7, "risk_level_cd": "ok"}}, {"type": "Feature", "geometry": {"type": "Polygon", "coordinates": [[[126.73996, 35.41936], [126.73987, 35.42837], [126.75089, 35.42844], [126.75097, 35.41943], [126.73996, 35.41936]]]}, "properties": {"grid_id": "다마3114", "region_type_cd": "RURAL", "households": 17, "buildings": 5, "avg_score": 23.8, "risk_level_cd": "ok"}}, {"type": "Feature", "geometry": {"type": "Polygon", "coordinates": [[[126.73987, 35.42837], [126.73979, 35.43739], [126.75081, 35.43746], [126.75089, 35.42844], [126.73987, 35.42837]]]}, "properties": {"grid_id": "다마3115", "region_type_cd": "RURAL", "households": 18, "buildings": 1, "avg_score": 27.2, "risk_level_cd": "ok"}}, {"type": "Feature", "geometry": {"type": "Polygon", "coordinates": [[[126.73953, 35.46444], [126.73945, 35.47345], [126.75047, 35.47352], [126.75056, 35.46451], [126.73953, 35.46444]]]}, "properties": {"grid_id": "다마3119", "region_type_cd": "RURAL", "households": 13, "buildings": 11, "avg_score": 23.9, "risk_level_cd": "ok"}}, {"type": "Feature", "geometry": {"type": "Polygon", "coordinates": [[[126.73945, 35.47345], [126.73936, 35.48247], [126.75039, 35.48254], [126.75047, 35.47352], [126.73945, 35.47345]]]}, "properties": {"grid_id": "다마3120", "region_type_cd": "RURAL", "households": 21, "buildings": 27, "avg_score": 22.1, "risk_level_cd": "ok"}}, {"type": "Feature", "geometry": {"type": "Polygon", "coordinates": [[[126.73936, 35.48247], [126.73928, 35.49148], [126.7503, 35.49155], [126.75039, 35.48254], [126.73936, 35.48247]]]}, "properties": {"grid_id": "다마3121", "region_type_cd": "RURAL", "households": 4, "buildings": 2, "avg_score": 29.4, "risk_level_cd": "ok"}}, {"type": "Feature", "geometry": {"type": "Polygon", "coordinates": [[[126.73928, 35.49148], [126.7392, 35.5005], [126.75022, 35.50057], [126.7503, 35.49155], [126.73928, 35.49148]]]}, "properties": {"grid_id": "다마3122", "region_type_cd": "RURAL", "households": 7, "buildings": 2, "avg_score": 73.3, "risk_level_cd": "danger"}}, {"type": "Feature", "geometry": {"type": "Polygon", "coordinates": [[[126.73911, 35.50952], [126.73902, 35.51853], [126.75005, 35.5186], [126.75014, 35.50959], [126.73911, 35.50952]]]}, "properties": {"grid_id": "다마3124", "region_type_cd": "RURAL", "households": 12, "buildings": 20, "avg_score": 59.3, "risk_level_cd": "warn"}}, {"type": "Feature", "geometry": {"type": "Polygon", "coordinates": [[[126.73902, 35.51853], [126.73894, 35.52755], [126.74997, 35.52762], [126.75005, 35.5186], [126.73902, 35.51853]]]}, "properties": {"grid_id": "다마3125", "region_type_cd": "RURAL", "households": 9, "buildings": 17, "avg_score": 23.4, "risk_level_cd": "ok"}}, {"type": "Feature", "geometry": {"type": "Polygon", "coordinates": [[[126.73894, 35.52755], [126.73885, 35.53656], [126.74988, 35.53663], [126.74997, 35.52762], [126.73894, 35.52755]]]}, "properties": {"grid_id": "다마3126", "region_type_cd": "RURAL", "households": 18, "buildings": 7, "avg_score": 23.5, "risk_level_cd": "ok"}}, {"type": "Feature", "geometry": {"type": "Polygon", "coordinates": [[[126.73885, 35.53656], [126.73877, 35.54558], [126.7498, 35.54565], [126.74988, 35.53663], [126.73885, 35.53656]]]}, "properties": {"grid_id": "다마3127", "region_type_cd": "RURAL", "households": 34, "buildings": 74, "avg_score": 21.9, "risk_level_cd": "ok"}}, {"type": "Feature", "geometry": {"type": "Polygon", "coordinates": [[[126.73877, 35.54558], [126.73868, 35.5546], [126.74972, 35.55466], [126.7498, 35.54565], [126.73877, 35.54558]]]}, "properties": {"grid_id": "다마3128", "region_type_cd": "RURAL", "households": 17, "buildings": 19, "avg_score": 27.4, "risk_level_cd": "ok"}}, {"type": "Feature", "geometry": {"type": "Polygon", "coordinates": [[[126.73868, 35.5546], [126.7386, 35.56361], [126.74963, 35.56368], [126.74972, 35.55466], [126.73868, 35.5546]]]}, "properties": {"grid_id": "다마3129", "region_type_cd": "RURAL", "households": 10, "buildings": 17, "avg_score": 21.4, "risk_level_cd": "ok"}}, {"type": "Feature", "geometry": {"type": "Polygon", "coordinates": [[[126.7386, 35.56361], [126.73851, 35.57263], [126.74955, 35.5727], [126.74963, 35.56368], [126.7386, 35.56361]]]}, "properties": {"grid_id": "다마3130", "region_type_cd": "RURAL", "households": 4, "buildings": 4, "avg_score": 31.9, "risk_level_cd": "ok"}}, {"type": "Feature", "geometry": {"type": "Polygon", "coordinates": [[[126.75047, 35.47352], [126.75039, 35.48254], [126.76141, 35.48261], [126.76149, 35.47359], [126.75047, 35.47352]]]}, "properties": {"grid_id": "다마3220", "region_type_cd": "RURAL", "households": 6, "buildings": 4, "avg_score": 80.6, "risk_level_cd": "danger"}}, {"type": "Feature", "geometry": {"type": "Polygon", "coordinates": [[[126.75039, 35.48254], [126.7503, 35.49155], [126.76133, 35.49162], [126.76141, 35.48261], [126.75039, 35.48254]]]}, "properties": {"grid_id": "다마3221", "region_type_cd": "RURAL", "households": 6, "buildings": 11, "avg_score": 22.9, "risk_level_cd": "ok"}}, {"type": "Feature", "geometry": {"type": "Polygon", "coordinates": [[[126.7503, 35.49155], [126.75022, 35.50057], [126.76125, 35.50064], [126.76133, 35.49162], [126.7503, 35.49155]]]}, "properties": {"grid_id": "다마3222", "region_type_cd": "URBAN", "households": 6, "buildings": 1, "avg_score": 30.4, "risk_level_cd": "ok"}}, {"type": "Feature", "geometry": {"type": "Polygon", "coordinates": [[[126.75022, 35.50057], [126.75014, 35.50959], [126.76116, 35.50965], [126.76125, 35.50064], [126.75022, 35.50057]]]}, "properties": {"grid_id": "다마3223", "region_type_cd": "RURAL", "households": 21, "buildings": 37, "avg_score": 24.9, "risk_level_cd": "ok"}}, {"type": "Feature", "geometry": {"type": "Polygon", "coordinates": [[[126.75014, 35.50959], [126.75005, 35.5186], [126.76108, 35.51867], [126.76116, 35.50965], [126.75014, 35.50959]]]}, "properties": {"grid_id": "다마3224", "region_type_cd": "RURAL", "households": 14, "buildings": 15, "avg_score": 23.0, "risk_level_cd": "ok"}}, {"type": "Feature", "geometry": {"type": "Polygon", "coordinates": [[[126.75005, 35.5186], [126.74997, 35.52762], [126.761, 35.52769], [126.76108, 35.51867], [126.75005, 35.5186]]]}, "properties": {"grid_id": "다마3225", "region_type_cd": "RURAL", "households": 12, "buildings": 19, "avg_score": 25.7, "risk_level_cd": "ok"}}, {"type": "Feature", "geometry": {"type": "Polygon", "coordinates": [[[126.74997, 35.52762], [126.74988, 35.53663], [126.76092, 35.5367], [126.761, 35.52769], [126.74997, 35.52762]]]}, "properties": {"grid_id": "다마3226", "region_type_cd": "RURAL", "households": 11, "buildings": 15, "avg_score": 23.1, "risk_level_cd": "ok"}}, {"type": "Feature", "geometry": {"type": "Polygon", "coordinates": [[[126.74988, 35.53663], [126.7498, 35.54565], [126.76083, 35.54572], [126.76092, 35.5367], [126.74988, 35.53663]]]}, "properties": {"grid_id": "다마3227", "region_type_cd": "RURAL", "households": 22, "buildings": 22, "avg_score": 23.7, "risk_level_cd": "ok"}}, {"type": "Feature", "geometry": {"type": "Polygon", "coordinates": [[[126.7498, 35.54565], [126.74972, 35.55466], [126.76075, 35.55473], [126.76083, 35.54572], [126.7498, 35.54565]]]}, "properties": {"grid_id": "다마3228", "region_type_cd": "RURAL", "households": 15, "buildings": 20, "avg_score": 26.2, "risk_level_cd": "ok"}}, {"type": "Feature", "geometry": {"type": "Polygon", "coordinates": [[[126.74972, 35.55466], [126.74963, 35.56368], [126.76067, 35.56375], [126.76075, 35.55473], [126.74972, 35.55466]]]}, "properties": {"grid_id": "다마3229", "region_type_cd": "RURAL", "households": 15, "buildings": 24, "avg_score": 23.0, "risk_level_cd": "ok"}}, {"type": "Feature", "geometry": {"type": "Polygon", "coordinates": [[[126.74963, 35.56368], [126.74955, 35.5727], [126.76058, 35.57276], [126.76067, 35.56375], [126.74963, 35.56368]]]}, "properties": {"grid_id": "다마3230", "region_type_cd": "RURAL", "households": 16, "buildings": 21, "avg_score": 22.1, "risk_level_cd": "ok"}}, {"type": "Feature", "geometry": {"type": "Polygon", "coordinates": [[[126.76108, 35.51867], [126.761, 35.52769], [126.77203, 35.52775], [126.77211, 35.51874], [126.76108, 35.51867]]]}, "properties": {"grid_id": "다마3325", "region_type_cd": "RURAL", "households": 11, "buildings": 9, "avg_score": 25.7, "risk_level_cd": "ok"}}, {"type": "Feature", "geometry": {"type": "Polygon", "coordinates": [[[126.76092, 35.5367], [126.76083, 35.54572], [126.77186, 35.54578], [126.77195, 35.53677], [126.76092, 35.5367]]]}, "properties": {"grid_id": "다마3327", "region_type_cd": "RURAL", "households": 18, "buildings": 9, "avg_score": 25.9, "risk_level_cd": "ok"}}, {"type": "Feature", "geometry": {"type": "Polygon", "coordinates": [[[126.76083, 35.54572], [126.76075, 35.55473], [126.77178, 35.5548], [126.77186, 35.54578], [126.76083, 35.54572]]]}, "properties": {"grid_id": "다마3328", "region_type_cd": "RURAL", "households": 10, "buildings": 1, "avg_score": 29.0, "risk_level_cd": "ok"}}, {"type": "Feature", "geometry": {"type": "Polygon", "coordinates": [[[126.76075, 35.55473], [126.76067, 35.56375], [126.7717, 35.56382], [126.77178, 35.5548], [126.76075, 35.55473]]]}, "properties": {"grid_id": "다마3329", "region_type_cd": "RURAL", "households": 14, "buildings": 4, "avg_score": 21.1, "risk_level_cd": "ok"}}, {"type": "Feature", "geometry": {"type": "Polygon", "coordinates": [[[127.08062, 35.5743], [127.08057, 35.58332], [127.09161, 35.58336], [127.09166, 35.57434], [127.08062, 35.5743]]]}, "properties": {"grid_id": "다마6231", "region_type_cd": "RURAL", "households": 2, "buildings": 4, "avg_score": 22.5, "risk_level_cd": "ok"}}, {"type": "Feature", "geometry": {"type": "Polygon", "coordinates": [[[127.09193, 35.52024], [127.09188, 35.52926], [127.10291, 35.5293], [127.10296, 35.52028], [127.09193, 35.52024]]]}, "properties": {"grid_id": "다마6325", "region_type_cd": "RURAL", "households": 4, "buildings": 18, "avg_score": 31.1, "risk_level_cd": "ok"}}, {"type": "Feature", "geometry": {"type": "Polygon", "coordinates": [[[127.09179, 35.54729], [127.09175, 35.55631], [127.10278, 35.55635], [127.10282, 35.54733], [127.09179, 35.54729]]]}, "properties": {"grid_id": "다마6328", "region_type_cd": "RURAL", "households": 7, "buildings": 8, "avg_score": 26.2, "risk_level_cd": "ok"}}, {"type": "Feature", "geometry": {"type": "Polygon", "coordinates": [[[127.09175, 35.55631], [127.0917, 35.56532], [127.10274, 35.56536], [127.10278, 35.55635], [127.09175, 35.55631]]]}, "properties": {"grid_id": "다마6329", "region_type_cd": "RURAL", "households": 8, "buildings": 15, "avg_score": 29.8, "risk_level_cd": "ok"}}, {"type": "Feature", "geometry": {"type": "Polygon", "coordinates": [[[127.09166, 35.57434], [127.09161, 35.58336], [127.10265, 35.58339], [127.10269, 35.57438], [127.09166, 35.57434]]]}, "properties": {"grid_id": "다마6331", "region_type_cd": "RURAL", "households": 1, "buildings": 1, "avg_score": 22.4, "risk_level_cd": "ok"}}, {"type": "Feature", "geometry": {"type": "Polygon", "coordinates": [[[127.09161, 35.58336], [127.09156, 35.59237], [127.1026, 35.59241], [127.10265, 35.58339], [127.09161, 35.58336]]]}, "properties": {"grid_id": "다마6332", "region_type_cd": "RURAL", "households": 5, "buildings": 5, "avg_score": 16.5, "risk_level_cd": "ok"}}, {"type": "Feature", "geometry": {"type": "Polygon", "coordinates": [[[127.09156, 35.59237], [127.09152, 35.60139], [127.10256, 35.60143], [127.1026, 35.59241], [127.09156, 35.59237]]]}, "properties": {"grid_id": "다마6333", "region_type_cd": "RURAL", "households": 11, "buildings": 1, "avg_score": 22.4, "risk_level_cd": "ok"}}, {"type": "Feature", "geometry": {"type": "Polygon", "coordinates": [[[127.09152, 35.60139], [127.09147, 35.61041], [127.10251, 35.61044], [127.10256, 35.60143], [127.09152, 35.60139]]]}, "properties": {"grid_id": "다마6334", "region_type_cd": "RURAL", "households": 11, "buildings": 5, "avg_score": 34.0, "risk_level_cd": "ok"}}, {"type": "Feature", "geometry": {"type": "Polygon", "coordinates": [[[127.09147, 35.61041], [127.09143, 35.61942], [127.10247, 35.61946], [127.10251, 35.61044], [127.09147, 35.61041]]]}, "properties": {"grid_id": "다마6335", "region_type_cd": "RURAL", "households": 7, "buildings": 11, "avg_score": 98.7, "risk_level_cd": "danger"}}, {"type": "Feature", "geometry": {"type": "Polygon", "coordinates": [[[127.103, 35.51126], [127.10296, 35.52028], [127.11399, 35.52032], [127.11403, 35.5113], [127.103, 35.51126]]]}, "properties": {"grid_id": "다마6424", "region_type_cd": "RURAL", "households": 3, "buildings": 7, "avg_score": 33.7, "risk_level_cd": "ok"}}, {"type": "Feature", "geometry": {"type": "Polygon", "coordinates": [[[127.10296, 35.52028], [127.10291, 35.5293], [127.11394, 35.52933], [127.11399, 35.52032], [127.10296, 35.52028]]]}, "properties": {"grid_id": "다마6425", "region_type_cd": "RURAL", "households": 4, "buildings": 12, "avg_score": 25.5, "risk_level_cd": "ok"}}, {"type": "Feature", "geometry": {"type": "Polygon", "coordinates": [[[127.10287, 35.53831], [127.10282, 35.54733], [127.11386, 35.54736], [127.1139, 35.53835], [127.10287, 35.53831]]]}, "properties": {"grid_id": "다마6427", "region_type_cd": "RURAL", "households": 5, "buildings": 2, "avg_score": 34.6, "risk_level_cd": "ok"}}, {"type": "Feature", "geometry": {"type": "Polygon", "coordinates": [[[127.10282, 35.54733], [127.10278, 35.55635], [127.11381, 35.55638], [127.11386, 35.54736], [127.10282, 35.54733]]]}, "properties": {"grid_id": "다마6428", "region_type_cd": "RURAL", "households": 12, "buildings": 30, "avg_score": 28.2, "risk_level_cd": "ok"}}, {"type": "Feature", "geometry": {"type": "Polygon", "coordinates": [[[127.10278, 35.55635], [127.10274, 35.56536], [127.11377, 35.5654], [127.11381, 35.55638], [127.10278, 35.55635]]]}, "properties": {"grid_id": "다마6429", "region_type_cd": "RURAL", "households": 5, "buildings": 5, "avg_score": 22.2, "risk_level_cd": "ok"}}, {"type": "Feature", "geometry": {"type": "Polygon", "coordinates": [[[127.10274, 35.56536], [127.10269, 35.57438], [127.11373, 35.57441], [127.11377, 35.5654], [127.10274, 35.56536]]]}, "properties": {"grid_id": "다마6430", "region_type_cd": "RURAL", "households": 1, "buildings": 1, "avg_score": 27.5, "risk_level_cd": "ok"}}, {"type": "Feature", "geometry": {"type": "Polygon", "coordinates": [[[127.10269, 35.57438], [127.10265, 35.58339], [127.11368, 35.58343], [127.11373, 35.57441], [127.10269, 35.57438]]]}, "properties": {"grid_id": "다마6431", "region_type_cd": "RURAL", "households": 1, "buildings": 2, "avg_score": 18.3, "risk_level_cd": "ok"}}, {"type": "Feature", "geometry": {"type": "Polygon", "coordinates": [[[127.10265, 35.58339], [127.1026, 35.59241], [127.11364, 35.59245], [127.11368, 35.58343], [127.10265, 35.58339]]]}, "properties": {"grid_id": "다마6432", "region_type_cd": "RURAL", "households": 10, "buildings": 14, "avg_score": 30.5, "risk_level_cd": "ok"}}, {"type": "Feature", "geometry": {"type": "Polygon", "coordinates": [[[127.1026, 35.59241], [127.10256, 35.60143], [127.1136, 35.60146], [127.11364, 35.59245], [127.1026, 35.59241]]]}, "properties": {"grid_id": "다마6433", "region_type_cd": "RURAL", "households": 15, "buildings": 14, "avg_score": 26.0, "risk_level_cd": "ok"}}, {"type": "Feature", "geometry": {"type": "Polygon", "coordinates": [[[127.10256, 35.60143], [127.10251, 35.61044], [127.11355, 35.61048], [127.1136, 35.60146], [127.10256, 35.60143]]]}, "properties": {"grid_id": "다마6434", "region_type_cd": "RURAL", "households": 21, "buildings": 19, "avg_score": 48.8, "risk_level_cd": "warn"}}, {"type": "Feature", "geometry": {"type": "Polygon", "coordinates": [[[127.10251, 35.61044], [127.10247, 35.61946], [127.11351, 35.6195], [127.11355, 35.61048], [127.10251, 35.61044]]]}, "properties": {"grid_id": "다마6435", "region_type_cd": "RURAL", "households": 10, "buildings": 14, "avg_score": 83.3, "risk_level_cd": "danger"}}, {"type": "Feature", "geometry": {"type": "Polygon", "coordinates": [[[127.10247, 35.61946], [127.10242, 35.62848], [127.11347, 35.62851], [127.11351, 35.6195], [127.10247, 35.61946]]]}, "properties": {"grid_id": "다마6436", "region_type_cd": "RURAL", "households": 4, "buildings": 2, "avg_score": 20.9, "risk_level_cd": "ok"}}, {"type": "Feature", "geometry": {"type": "Polygon", "coordinates": [[[127.11407, 35.50228], [127.11403, 35.5113], [127.12506, 35.51133], [127.1251, 35.50232], [127.11407, 35.50228]]]}, "properties": {"grid_id": "다마6523", "region_type_cd": "URBAN", "households": 0, "buildings": 1, "avg_score": 32.1, "risk_level_cd": "ok"}}, {"type": "Feature", "geometry": {"type": "Polygon", "coordinates": [[[127.11403, 35.5113], [127.11399, 35.52032], [127.12502, 35.52035], [127.12506, 35.51133], [127.11403, 35.5113]]]}, "properties": {"grid_id": "다마6524", "region_type_cd": "RURAL", "households": 2, "buildings": 2, "avg_score": 22.1, "risk_level_cd": "ok"}}, {"type": "Feature", "geometry": {"type": "Polygon", "coordinates": [[[127.11399, 35.52032], [127.11394, 35.52933], [127.12497, 35.52937], [127.12502, 35.52035], [127.11399, 35.52032]]]}, "properties": {"grid_id": "다마6525", "region_type_cd": "RURAL", "households": 3, "buildings": 9, "avg_score": 27.5, "risk_level_cd": "ok"}}, {"type": "Feature", "geometry": {"type": "Polygon", "coordinates": [[[127.11394, 35.52933], [127.1139, 35.53835], [127.12493, 35.53838], [127.12497, 35.52937], [127.11394, 35.52933]]]}, "properties": {"grid_id": "다마6526", "region_type_cd": "RURAL", "households": 2, "buildings": 10, "avg_score": 99.3, "risk_level_cd": "danger"}}, {"type": "Feature", "geometry": {"type": "Polygon", "coordinates": [[[127.1139, 35.53835], [127.11386, 35.54736], [127.12489, 35.5474], [127.12493, 35.53838], [127.1139, 35.53835]]]}, "properties": {"grid_id": "다마6527", "region_type_cd": "RURAL", "households": 2, "buildings": 5, "avg_score": 66.4, "risk_level_cd": "warn"}}, {"type": "Feature", "geometry": {"type": "Polygon", "coordinates": [[[127.11386, 35.54736], [127.11381, 35.55638], [127.12485, 35.55642], [127.12489, 35.5474], [127.11386, 35.54736]]]}, "properties": {"grid_id": "다마6528", "region_type_cd": "RURAL", "households": 3, "buildings": 1, "avg_score": 47.0, "risk_level_cd": "warn"}}, {"type": "Feature", "geometry": {"type": "Polygon", "coordinates": [[[127.11381, 35.55638], [127.11377, 35.5654], [127.12481, 35.56543], [127.12485, 35.55642], [127.11381, 35.55638]]]}, "properties": {"grid_id": "다마6529", "region_type_cd": "RURAL", "households": 0, "buildings": 1, "avg_score": 50.5, "risk_level_cd": "warn"}}, {"type": "Feature", "geometry": {"type": "Polygon", "coordinates": [[[127.11373, 35.57441], [127.11368, 35.58343], [127.12472, 35.58346], [127.12476, 35.57445], [127.11373, 35.57441]]]}, "properties": {"grid_id": "다마6531", "region_type_cd": "RURAL", "households": 3, "buildings": 4, "avg_score": 27.2, "risk_level_cd": "ok"}}, {"type": "Feature", "geometry": {"type": "Polygon", "coordinates": [[[127.11368, 35.58343], [127.11364, 35.59245], [127.12468, 35.59248], [127.12472, 35.58346], [127.11368, 35.58343]]]}, "properties": {"grid_id": "다마6532", "region_type_cd": "RURAL", "households": 9, "buildings": 15, "avg_score": 23.2, "risk_level_cd": "ok"}}, {"type": "Feature", "geometry": {"type": "Polygon", "coordinates": [[[127.11364, 35.59245], [127.1136, 35.60146], [127.12464, 35.6015], [127.12468, 35.59248], [127.11364, 35.59245]]]}, "properties": {"grid_id": "다마6533", "region_type_cd": "RURAL", "households": 10, "buildings": 15, "avg_score": 23.2, "risk_level_cd": "ok"}}, {"type": "Feature", "geometry": {"type": "Polygon", "coordinates": [[[127.1136, 35.60146], [127.11355, 35.61048], [127.1246, 35.61051], [127.12464, 35.6015], [127.1136, 35.60146]]]}, "properties": {"grid_id": "다마6534", "region_type_cd": "RURAL", "households": 16, "buildings": 20, "avg_score": 21.5, "risk_level_cd": "ok"}}, {"type": "Feature", "geometry": {"type": "Polygon", "coordinates": [[[127.11355, 35.61048], [127.11351, 35.6195], [127.12455, 35.61953], [127.1246, 35.61051], [127.11355, 35.61048]]]}, "properties": {"grid_id": "다마6535", "region_type_cd": "RURAL", "households": 8, "buildings": 11, "avg_score": 18.7, "risk_level_cd": "ok"}}, {"type": "Feature", "geometry": {"type": "Polygon", "coordinates": [[[127.11351, 35.6195], [127.11347, 35.62851], [127.12451, 35.62855], [127.12455, 35.61953], [127.11351, 35.6195]]]}, "properties": {"grid_id": "다마6536", "region_type_cd": "RURAL", "households": 4, "buildings": 9, "avg_score": 20.8, "risk_level_cd": "ok"}}, {"type": "Feature", "geometry": {"type": "Polygon", "coordinates": [[[127.12506, 35.51133], [127.12502, 35.52035], [127.13604, 35.52038], [127.13609, 35.51137], [127.12506, 35.51133]]]}, "properties": {"grid_id": "다마6624", "region_type_cd": "RURAL", "households": 0, "buildings": 2, "avg_score": 36.9, "risk_level_cd": "warn"}}, {"type": "Feature", "geometry": {"type": "Polygon", "coordinates": [[[127.12502, 35.52035], [127.12497, 35.52937], [127.136, 35.5294], [127.13604, 35.52038], [127.12502, 35.52035]]]}, "properties": {"grid_id": "다마6625", "region_type_cd": "URBAN", "households": 0, "buildings": 1, "avg_score": 52.6, "risk_level_cd": "warn"}}, {"type": "Feature", "geometry": {"type": "Polygon", "coordinates": [[[127.12489, 35.5474], [127.12485, 35.55642], [127.13588, 35.55645], [127.13592, 35.54743], [127.12489, 35.5474]]]}, "properties": {"grid_id": "다마6628", "region_type_cd": "RURAL", "households": 4, "buildings": 5, "avg_score": 25.6, "risk_level_cd": "ok"}}, {"type": "Feature", "geometry": {"type": "Polygon", "coordinates": [[[127.12485, 35.55642], [127.12481, 35.56543], [127.13584, 35.56547], [127.13588, 35.55645], [127.12485, 35.55642]]]}, "properties": {"grid_id": "다마6629", "region_type_cd": "RURAL", "households": 3, "buildings": 5, "avg_score": 31.0, "risk_level_cd": "ok"}}, {"type": "Feature", "geometry": {"type": "Polygon", "coordinates": [[[127.12472, 35.58346], [127.12468, 35.59248], [127.13572, 35.59252], [127.13576, 35.5835], [127.12472, 35.58346]]]}, "properties": {"grid_id": "다마6632", "region_type_cd": "RURAL", "households": 10, "buildings": 26, "avg_score": 33.0, "risk_level_cd": "ok"}}, {"type": "Feature", "geometry": {"type": "Polygon", "coordinates": [[[127.12468, 35.59248], [127.12464, 35.6015], [127.13568, 35.60153], [127.13572, 35.59252], [127.12468, 35.59248]]]}, "properties": {"grid_id": "다마6633", "region_type_cd": "RURAL", "households": 9, "buildings": 13, "avg_score": 21.7, "risk_level_cd": "ok"}}, {"type": "Feature", "geometry": {"type": "Polygon", "coordinates": [[[127.12455, 35.61953], [127.12451, 35.62855], [127.13555, 35.62858], [127.1356, 35.61956], [127.12455, 35.61953]]]}, "properties": {"grid_id": "다마6636", "region_type_cd": "RURAL", "households": 0, "buildings": 1, "avg_score": 25.6, "risk_level_cd": "ok"}}, {"type": "Feature", "geometry": {"type": "Polygon", "coordinates": [[[127.12434, 35.66461], [127.1243, 35.67363], [127.13535, 35.67366], [127.13539, 35.66465], [127.12434, 35.66461]]]}, "properties": {"grid_id": "다마6641", "region_type_cd": "RURAL", "households": 4, "buildings": 2, "avg_score": 30.7, "risk_level_cd": "ok"}}, {"type": "Feature", "geometry": {"type": "Polygon", "coordinates": [[[127.1243, 35.67363], [127.12426, 35.68264], [127.13531, 35.68268], [127.13535, 35.67366], [127.1243, 35.67363]]]}, "properties": {"grid_id": "다마6642", "region_type_cd": "RURAL", "households": 5, "buildings": 1, "avg_score": 22.6, "risk_level_cd": "ok"}}, {"type": "Feature", "geometry": {"type": "Polygon", "coordinates": [[[127.13633, 35.45727], [127.13629, 35.46628], [127.14731, 35.46632], [127.14735, 35.4573], [127.13633, 35.45727]]]}, "properties": {"grid_id": "다마6718", "region_type_cd": "RURAL", "households": 2, "buildings": 7, "avg_score": 42.7, "risk_level_cd": "warn"}}, {"type": "Feature", "geometry": {"type": "Polygon", "coordinates": [[[127.13621, 35.48432], [127.13617, 35.49333], [127.14719, 35.49337], [127.14723, 35.48435], [127.13621, 35.48432]]]}, "properties": {"grid_id": "다마6721", "region_type_cd": "RURAL", "households": 15, "buildings": 37, "avg_score": 31.4, "risk_level_cd": "ok"}}, {"type": "Feature", "geometry": {"type": "Polygon", "coordinates": [[[127.13617, 35.49333], [127.13613, 35.50235], [127.14715, 35.50238], [127.14719, 35.49337], [127.13617, 35.49333]]]}, "properties": {"grid_id": "다마6722", "region_type_cd": "URBAN", "households": 7, "buildings": 1, "avg_score": 38.6, "risk_level_cd": "warn"}}, {"type": "Feature", "geometry": {"type": "Polygon", "coordinates": [[[127.13604, 35.52038], [127.136, 35.5294], [127.14703, 35.52943], [127.14707, 35.52042], [127.13604, 35.52038]]]}, "properties": {"grid_id": "다마6725", "region_type_cd": "RURAL", "households": 10, "buildings": 7, "avg_score": 22.8, "risk_level_cd": "ok"}}, {"type": "Feature", "geometry": {"type": "Polygon", "coordinates": [[[127.136, 35.5294], [127.13596, 35.53842], [127.14699, 35.53845], [127.14703, 35.52943], [127.136, 35.5294]]]}, "properties": {"grid_id": "다마6726", "region_type_cd": "RURAL", "households": 6, "buildings": 7, "avg_score": 29.2, "risk_level_cd": "ok"}}, {"type": "Feature", "geometry": {"type": "Polygon", "coordinates": [[[127.13596, 35.53842], [127.13592, 35.54743], [127.14695, 35.54747], [127.14699, 35.53845], [127.13596, 35.53842]]]}, "properties": {"grid_id": "다마6727", "region_type_cd": "RURAL", "households": 10, "buildings": 27, "avg_score": 26.1, "risk_level_cd": "ok"}}, {"type": "Feature", "geometry": {"type": "Polygon", "coordinates": [[[127.13592, 35.54743], [127.13588, 35.55645], [127.14692, 35.55648], [127.14695, 35.54747], [127.13592, 35.54743]]]}, "properties": {"grid_id": "다마6728", "region_type_cd": "RURAL", "households": 9, "buildings": 22, "avg_score": 28.9, "risk_level_cd": "ok"}}, {"type": "Feature", "geometry": {"type": "Polygon", "coordinates": [[[127.13588, 35.55645], [127.13584, 35.56547], [127.14688, 35.5655], [127.14692, 35.55648], [127.13588, 35.55645]]]}, "properties": {"grid_id": "다마6729", "region_type_cd": "RURAL", "households": 3, "buildings": 5, "avg_score": 34.6, "risk_level_cd": "ok"}}, {"type": "Feature", "geometry": {"type": "Polygon", "coordinates": [[[127.13584, 35.56547], [127.1358, 35.57448], [127.14684, 35.57452], [127.14688, 35.5655], [127.13584, 35.56547]]]}, "properties": {"grid_id": "다마6730", "region_type_cd": "RURAL", "households": 6, "buildings": 16, "avg_score": 34.7, "risk_level_cd": "ok"}}, {"type": "Feature", "geometry": {"type": "Polygon", "coordinates": [[[127.1358, 35.57448], [127.13576, 35.5835], [127.1468, 35.58353], [127.14684, 35.57452], [127.1358, 35.57448]]]}, "properties": {"grid_id": "다마6731", "region_type_cd": "RURAL", "households": 4, "buildings": 8, "avg_score": 33.3, "risk_level_cd": "ok"}}, {"type": "Feature", "geometry": {"type": "Polygon", "coordinates": [[[127.13568, 35.60153], [127.13564, 35.61055], [127.14668, 35.61058], [127.14672, 35.60156], [127.13568, 35.60153]]]}, "properties": {"grid_id": "다마6734", "region_type_cd": "RURAL", "households": 0, "buildings": 1, "avg_score": 23.8, "risk_level_cd": "ok"}}, {"type": "Feature", "geometry": {"type": "Polygon", "coordinates": [[[127.13564, 35.61055], [127.1356, 35.61956], [127.14664, 35.6196], [127.14668, 35.61058], [127.13564, 35.61055]]]}, "properties": {"grid_id": "다마6735", "region_type_cd": "RURAL", "households": 5, "buildings": 1, "avg_score": 20.7, "risk_level_cd": "ok"}}, {"type": "Feature", "geometry": {"type": "Polygon", "coordinates": [[[127.1356, 35.61956], [127.13555, 35.62858], [127.1466, 35.62861], [127.14664, 35.6196], [127.1356, 35.61956]]]}, "properties": {"grid_id": "다마6736", "region_type_cd": "RURAL", "households": 8, "buildings": 17, "avg_score": 29.3, "risk_level_cd": "ok"}}, {"type": "Feature", "geometry": {"type": "Polygon", "coordinates": [[[127.13555, 35.62858], [127.13551, 35.6376], [127.14656, 35.63763], [127.1466, 35.62861], [127.13555, 35.62858]]]}, "properties": {"grid_id": "다마6737", "region_type_cd": "RURAL", "households": 2, "buildings": 3, "avg_score": 24.2, "risk_level_cd": "ok"}}, {"type": "Feature", "geometry": {"type": "Polygon", "coordinates": [[[127.13551, 35.6376], [127.13547, 35.64661], [127.14652, 35.64665], [127.14656, 35.63763], [127.13551, 35.6376]]]}, "properties": {"grid_id": "다마6738", "region_type_cd": "RURAL", "households": 0, "buildings": 1, "avg_score": 18.7, "risk_level_cd": "ok"}}, {"type": "Feature", "geometry": {"type": "Polygon", "coordinates": [[[127.13543, 35.65563], [127.13539, 35.66465], [127.14644, 35.66468], [127.14648, 35.65566], [127.13543, 35.65563]]]}, "properties": {"grid_id": "다마6740", "region_type_cd": "RURAL", "households": 9, "buildings": 29, "avg_score": 35.4, "risk_level_cd": "warn"}}, {"type": "Feature", "geometry": {"type": "Polygon", "coordinates": [[[127.13539, 35.66465], [127.13535, 35.67366], [127.1464, 35.67369], [127.14644, 35.66468], [127.13539, 35.66465]]]}, "properties": {"grid_id": "다마6741", "region_type_cd": "RURAL", "households": 8, "buildings": 15, "avg_score": 38.8, "risk_level_cd": "warn"}}, {"type": "Feature", "geometry": {"type": "Polygon", "coordinates": [[[127.13535, 35.67366], [127.13531, 35.68268], [127.14636, 35.68271], [127.1464, 35.67369], [127.13535, 35.67366]]]}, "properties": {"grid_id": "다마6742", "region_type_cd": "RURAL", "households": 11, "buildings": 44, "avg_score": 47.2, "risk_level_cd": "warn"}}, {"type": "Feature", "geometry": {"type": "Polygon", "coordinates": [[[127.13519, 35.70973], [127.13514, 35.71874], [127.1462, 35.71878], [127.14624, 35.70976], [127.13519, 35.70973]]]}, "properties": {"grid_id": "다마6746", "region_type_cd": "RURAL", "households": 0, "buildings": 1, "avg_score": 32.8, "risk_level_cd": "ok"}}, {"type": "Feature", "geometry": {"type": "Polygon", "coordinates": [[[127.13514, 35.71874], [127.1351, 35.72776], [127.14616, 35.72779], [127.1462, 35.71878], [127.13514, 35.71874]]]}, "properties": {"grid_id": "다마6747", "region_type_cd": "RURAL", "households": 2, "buildings": 2, "avg_score": 17.9, "risk_level_cd": "ok"}}, {"type": "Feature", "geometry": {"type": "Polygon", "coordinates": [[[127.14735, 35.4573], [127.14731, 35.46632], [127.15833, 35.46635], [127.15837, 35.45733], [127.14735, 35.4573]]]}, "properties": {"grid_id": "다마6818", "region_type_cd": "RURAL", "households": 2, "buildings": 3, "avg_score": 38.3, "risk_level_cd": "warn"}}, {"type": "Feature", "geometry": {"type": "Polygon", "coordinates": [[[127.14727, 35.47533], [127.14723, 35.48435], [127.15825, 35.48438], [127.15829, 35.47537], [127.14727, 35.47533]]]}, "properties": {"grid_id": "다마6820", "region_type_cd": "RURAL", "households": 1, "buildings": 3, "avg_score": 29.0, "risk_level_cd": "ok"}}, {"type": "Feature", "geometry": {"type": "Polygon", "coordinates": [[[127.14723, 35.48435], [127.14719, 35.49337], [127.15822, 35.4934], [127.15825, 35.48438], [127.14723, 35.48435]]]}, "properties": {"grid_id": "다마6821", "region_type_cd": "RURAL", "households": 16, "buildings": 40, "avg_score": 29.6, "risk_level_cd": "ok"}}, {"type": "Feature", "geometry": {"type": "Polygon", "coordinates": [[[127.14719, 35.49337], [127.14715, 35.50238], [127.15818, 35.50242], [127.15822, 35.4934], [127.14719, 35.49337]]]}, "properties": {"grid_id": "다마6822", "region_type_cd": "RURAL", "households": 23, "buildings": 66, "avg_score": 27.0, "risk_level_cd": "ok"}}, {"type": "Feature", "geometry": {"type": "Polygon", "coordinates": [[[127.14715, 35.50238], [127.14711, 35.5114], [127.15814, 35.51143], [127.15818, 35.50242], [127.14715, 35.50238]]]}, "properties": {"grid_id": "다마6823", "region_type_cd": "RURAL", "households": 19, "buildings": 67, "avg_score": 32.7, "risk_level_cd": "ok"}}, {"type": "Feature", "geometry": {"type": "Polygon", "coordinates": [[[127.14711, 35.5114], [127.14707, 35.52042], [127.1581, 35.52045], [127.15814, 35.51143], [127.14711, 35.5114]]]}, "properties": {"grid_id": "다마6824", "region_type_cd": "RURAL", "households": 14, "buildings": 51, "avg_score": 29.1, "risk_level_cd": "ok"}}, {"type": "Feature", "geometry": {"type": "Polygon", "coordinates": [[[127.14707, 35.52042], [127.14703, 35.52943], [127.15806, 35.52946], [127.1581, 35.52045], [127.14707, 35.52042]]]}, "properties": {"grid_id": "다마6825", "region_type_cd": "RURAL", "households": 18, "buildings": 58, "avg_score": 29.9, "risk_level_cd": "ok"}}, {"type": "Feature", "geometry": {"type": "Polygon", "coordinates": [[[127.14703, 35.52943], [127.14699, 35.53845], [127.15803, 35.53848], [127.15806, 35.52946], [127.14703, 35.52943]]]}, "properties": {"grid_id": "다마6826", "region_type_cd": "RURAL", "households": 5, "buildings": 2, "avg_score": 24.8, "risk_level_cd": "ok"}}, {"type": "Feature", "geometry": {"type": "Polygon", "coordinates": [[[127.14699, 35.53845], [127.14695, 35.54747], [127.15799, 35.5475], [127.15803, 35.53848], [127.14699, 35.53845]]]}, "properties": {"grid_id": "다마6827", "region_type_cd": "RURAL", "households": 2, "buildings": 2, "avg_score": 30.6, "risk_level_cd": "ok"}}, {"type": "Feature", "geometry": {"type": "Polygon", "coordinates": [[[127.14695, 35.54747], [127.14692, 35.55648], [127.15795, 35.55651], [127.15799, 35.5475], [127.14695, 35.54747]]]}, "properties": {"grid_id": "다마6828", "region_type_cd": "RURAL", "households": 6, "buildings": 8, "avg_score": 32.3, "risk_level_cd": "ok"}}, {"type": "Feature", "geometry": {"type": "Polygon", "coordinates": [[[127.14692, 35.55648], [127.14688, 35.5655], [127.15791, 35.56553], [127.15795, 35.55651], [127.14692, 35.55648]]]}, "properties": {"grid_id": "다마6829", "region_type_cd": "RURAL", "households": 2, "buildings": 1, "avg_score": 22.1, "risk_level_cd": "ok"}}, {"type": "Feature", "geometry": {"type": "Polygon", "coordinates": [[[127.14688, 35.5655], [127.14684, 35.57452], [127.15787, 35.57455], [127.15791, 35.56553], [127.14688, 35.5655]]]}, "properties": {"grid_id": "다마6830", "region_type_cd": "RURAL", "households": 3, "buildings": 6, "avg_score": 27.5, "risk_level_cd": "ok"}}, {"type": "Feature", "geometry": {"type": "Polygon", "coordinates": [[[127.14684, 35.57452], [127.1468, 35.58353], [127.15783, 35.58356], [127.15787, 35.57455], [127.14684, 35.57452]]]}, "properties": {"grid_id": "다마6831", "region_type_cd": "RURAL", "households": 1, "buildings": 2, "avg_score": 22.6, "risk_level_cd": "ok"}}, {"type": "Feature", "geometry": {"type": "Polygon", "coordinates": [[[127.14676, 35.59255], [127.14672, 35.60156], [127.15776, 35.6016], [127.1578, 35.59258], [127.14676, 35.59255]]]}, "properties": {"grid_id": "다마6833", "region_type_cd": "RURAL", "households": 2, "buildings": 7, "avg_score": 23.4, "risk_level_cd": "ok"}}, {"type": "Feature", "geometry": {"type": "Polygon", "coordinates": [[[127.14672, 35.60156], [127.14668, 35.61058], [127.15772, 35.61061], [127.15776, 35.6016], [127.14672, 35.60156]]]}, "properties": {"grid_id": "다마6834", "region_type_cd": "RURAL", "households": 2, "buildings": 13, "avg_score": 25.3, "risk_level_cd": "ok"}}, {"type": "Feature", "geometry": {"type": "Polygon", "coordinates": [[[127.1466, 35.62861], [127.14656, 35.63763], [127.1576, 35.63766], [127.15764, 35.62865], [127.1466, 35.62861]]]}, "properties": {"grid_id": "다마6837", "region_type_cd": "RURAL", "households": 2, "buildings": 5, "avg_score": 28.3, "risk_level_cd": "ok"}}, {"type": "Feature", "geometry": {"type": "Polygon", "coordinates": [[[127.14656, 35.63763], [127.14652, 35.64665], [127.15756, 35.64668], [127.1576, 35.63766], [127.14656, 35.63763]]]}, "properties": {"grid_id": "다마6838", "region_type_cd": "RURAL", "households": 3, "buildings": 3, "avg_score": 22.1, "risk_level_cd": "ok"}}, {"type": "Feature", "geometry": {"type": "Polygon", "coordinates": [[[127.14652, 35.64665], [127.14648, 35.65566], [127.15753, 35.65569], [127.15756, 35.64668], [127.14652, 35.64665]]]}, "properties": {"grid_id": "다마6839", "region_type_cd": "RURAL", "households": 5, "buildings": 1, "avg_score": 30.9, "risk_level_cd": "ok"}}, {"type": "Feature", "geometry": {"type": "Polygon", "coordinates": [[[127.14648, 35.65566], [127.14644, 35.66468], [127.15749, 35.66471], [127.15753, 35.65569], [127.14648, 35.65566]]]}, "properties": {"grid_id": "다마6840", "region_type_cd": "RURAL", "households": 20, "buildings": 23, "avg_score": 32.0, "risk_level_cd": "ok"}}, {"type": "Feature", "geometry": {"type": "Polygon", "coordinates": [[[127.14644, 35.66468], [127.1464, 35.67369], [127.15745, 35.67373], [127.15749, 35.66471], [127.14644, 35.66468]]]}, "properties": {"grid_id": "다마6841", "region_type_cd": "RURAL", "households": 10, "buildings": 32, "avg_score": 34.8, "risk_level_cd": "ok"}}, {"type": "Feature", "geometry": {"type": "Polygon", "coordinates": [[[127.1464, 35.67369], [127.14636, 35.68271], [127.15741, 35.68274], [127.15745, 35.67373], [127.1464, 35.67369]]]}, "properties": {"grid_id": "다마6842", "region_type_cd": "RURAL", "households": 4, "buildings": 16, "avg_score": 46.7, "risk_level_cd": "warn"}}, {"type": "Feature", "geometry": {"type": "Polygon", "coordinates": [[[127.14636, 35.68271], [127.14632, 35.69173], [127.15737, 35.69176], [127.15741, 35.68274], [127.14636, 35.68271]]]}, "properties": {"grid_id": "다마6843", "region_type_cd": "RURAL", "households": 4, "buildings": 14, "avg_score": 43.2, "risk_level_cd": "warn"}}, {"type": "Feature", "geometry": {"type": "Polygon", "coordinates": [[[127.14632, 35.69173], [127.14628, 35.70074], [127.15733, 35.70078], [127.15737, 35.69176], [127.14632, 35.69173]]]}, "properties": {"grid_id": "다마6844", "region_type_cd": "RURAL", "households": 7, "buildings": 8, "avg_score": 23.4, "risk_level_cd": "ok"}}, {"type": "Feature", "geometry": {"type": "Polygon", "coordinates": [[[127.14628, 35.70074], [127.14624, 35.70976], [127.1573, 35.70979], [127.15733, 35.70078], [127.14628, 35.70074]]]}, "properties": {"grid_id": "다마6845", "region_type_cd": "RURAL", "households": 8, "buildings": 41, "avg_score": 45.7, "risk_level_cd": "warn"}}, {"type": "Feature", "geometry": {"type": "Polygon", "coordinates": [[[127.14624, 35.70976], [127.1462, 35.71878], [127.15726, 35.71881], [127.1573, 35.70979], [127.14624, 35.70976]]]}, "properties": {"grid_id": "다마6846", "region_type_cd": "RURAL", "households": 2, "buildings": 2, "avg_score": 24.1, "risk_level_cd": "ok"}}, {"type": "Feature", "geometry": {"type": "Polygon", "coordinates": [[[127.15829, 35.47537], [127.15825, 35.48438], [127.16928, 35.48441], [127.16932, 35.4754], [127.15829, 35.47537]]]}, "properties": {"grid_id": "다마6920", "region_type_cd": "RURAL", "households": 5, "buildings": 9, "avg_score": 24.3, "risk_level_cd": "ok"}}, {"type": "Feature", "geometry": {"type": "Polygon", "coordinates": [[[127.15825, 35.48438], [127.15822, 35.4934], [127.16924, 35.49343], [127.16928, 35.48441], [127.15825, 35.48438]]]}, "properties": {"grid_id": "다마6921", "region_type_cd": "RURAL", "households": 12, "buildings": 15, "avg_score": 26.6, "risk_level_cd": "ok"}}, {"type": "Feature", "geometry": {"type": "Polygon", "coordinates": [[[127.15818, 35.50242], [127.15814, 35.51143], [127.16917, 35.51146], [127.1692, 35.50245], [127.15818, 35.50242]]]}, "properties": {"grid_id": "다마6923", "region_type_cd": "RURAL", "households": 4, "buildings": 3, "avg_score": 28.4, "risk_level_cd": "ok"}}, {"type": "Feature", "geometry": {"type": "Polygon", "coordinates": [[[127.15814, 35.51143], [127.1581, 35.52045], [127.16913, 35.52048], [127.16917, 35.51146], [127.15814, 35.51143]]]}, "properties": {"grid_id": "다마6924", "region_type_cd": "RURAL", "households": 9, "buildings": 15, "avg_score": 27.6, "risk_level_cd": "ok"}}, {"type": "Feature", "geometry": {"type": "Polygon", "coordinates": [[[127.1581, 35.52045], [127.15806, 35.52946], [127.16909, 35.5295], [127.16913, 35.52048], [127.1581, 35.52045]]]}, "properties": {"grid_id": "다마6925", "region_type_cd": "RURAL", "households": 33, "buildings": 30, "avg_score": 89.1, "risk_level_cd": "danger"}}, {"type": "Feature", "geometry": {"type": "Polygon", "coordinates": [[[127.15806, 35.52946], [127.15803, 35.53848], [127.16906, 35.53851], [127.16909, 35.5295], [127.15806, 35.52946]]]}, "properties": {"grid_id": "다마6926", "region_type_cd": "BUFFER", "households": 49, "buildings": 115, "avg_score": 66.5, "risk_level_cd": "warn"}}, {"type": "Feature", "geometry": {"type": "Polygon", "coordinates": [[[127.1578, 35.59258], [127.15776, 35.6016], [127.1688, 35.60163], [127.16883, 35.59261], [127.1578, 35.59258]]]}, "properties": {"grid_id": "다마6933", "region_type_cd": "RURAL", "households": 1, "buildings": 4, "avg_score": 29.5, "risk_level_cd": "ok"}}, {"type": "Feature", "geometry": {"type": "Polygon", "coordinates": [[[127.15768, 35.61963], [127.15764, 35.62865], [127.16869, 35.62868], [127.16872, 35.61966], [127.15768, 35.61963]]]}, "properties": {"grid_id": "다마6936", "region_type_cd": "RURAL", "households": 2, "buildings": 3, "avg_score": 40.0, "risk_level_cd": "warn"}}, {"type": "Feature", "geometry": {"type": "Polygon", "coordinates": [[[127.15764, 35.62865], [127.1576, 35.63766], [127.16865, 35.63769], [127.16869, 35.62868], [127.15764, 35.62865]]]}, "properties": {"grid_id": "다마6937", "region_type_cd": "RURAL", "households": 3, "buildings": 6, "avg_score": 27.8, "risk_level_cd": "ok"}}, {"type": "Feature", "geometry": {"type": "Polygon", "coordinates": [[[127.1576, 35.63766], [127.15756, 35.64668], [127.16861, 35.64671], [127.16865, 35.63769], [127.1576, 35.63766]]]}, "properties": {"grid_id": "다마6938", "region_type_cd": "RURAL", "households": 5, "buildings": 9, "avg_score": 32.2, "risk_level_cd": "ok"}}, {"type": "Feature", "geometry": {"type": "Polygon", "coordinates": [[[127.15756, 35.64668], [127.15753, 35.65569], [127.16857, 35.65573], [127.16861, 35.64671], [127.15756, 35.64668]]]}, "properties": {"grid_id": "다마6939", "region_type_cd": "RURAL", "households": 7, "buildings": 21, "avg_score": 27.6, "risk_level_cd": "ok"}}, {"type": "Feature", "geometry": {"type": "Polygon", "coordinates": [[[127.15753, 35.65569], [127.15749, 35.66471], [127.16854, 35.66474], [127.16857, 35.65573], [127.15753, 35.65569]]]}, "properties": {"grid_id": "다마6940", "region_type_cd": "RURAL", "households": 34, "buildings": 88, "avg_score": 22.0, "risk_level_cd": "ok"}}, {"type": "Feature", "geometry": {"type": "Polygon", "coordinates": [[[127.15749, 35.66471], [127.15745, 35.67373], [127.1685, 35.67376], [127.16854, 35.66474], [127.15749, 35.66471]]]}, "properties": {"grid_id": "다마6941", "region_type_cd": "RURAL", "households": 4, "buildings": 1, "avg_score": 21.3, "risk_level_cd": "ok"}}, {"type": "Feature", "geometry": {"type": "Polygon", "coordinates": [[[127.15745, 35.67373], [127.15741, 35.68274], [127.16846, 35.68277], [127.1685, 35.67376], [127.15745, 35.67373]]]}, "properties": {"grid_id": "다마6942", "region_type_cd": "RURAL", "households": 4, "buildings": 3, "avg_score": 28.6, "risk_level_cd": "ok"}}, {"type": "Feature", "geometry": {"type": "Polygon", "coordinates": [[[127.15741, 35.68274], [127.15737, 35.69176], [127.16842, 35.69179], [127.16846, 35.68277], [127.15741, 35.68274]]]}, "properties": {"grid_id": "다마6943", "region_type_cd": "RURAL", "households": 8, "buildings": 27, "avg_score": 43.4, "risk_level_cd": "warn"}}, {"type": "Feature", "geometry": {"type": "Polygon", "coordinates": [[[127.15737, 35.69176], [127.15733, 35.70078], [127.16839, 35.70081], [127.16842, 35.69179], [127.15737, 35.69176]]]}, "properties": {"grid_id": "다마6944", "region_type_cd": "RURAL", "households": 10, "buildings": 66, "avg_score": 39.5, "risk_level_cd": "warn"}}, {"type": "Feature", "geometry": {"type": "Polygon", "coordinates": [[[127.15733, 35.70078], [127.1573, 35.70979], [127.16835, 35.70982], [127.16839, 35.70081], [127.15733, 35.70078]]]}, "properties": {"grid_id": "다마6945", "region_type_cd": "RURAL", "households": 8, "buildings": 26, "avg_score": 41.1, "risk_level_cd": "warn"}}, {"type": "Feature", "geometry": {"type": "Polygon", "coordinates": [[[127.1573, 35.70979], [127.15726, 35.71881], [127.16831, 35.71884], [127.16835, 35.70982], [127.1573, 35.70979]]]}, "properties": {"grid_id": "다마6946", "region_type_cd": "RURAL", "households": 10, "buildings": 24, "avg_score": 35.4, "risk_level_cd": "warn"}}, {"type": "Feature", "geometry": {"type": "Polygon", "coordinates": [[[127.16935, 35.46638], [127.16932, 35.4754], [127.18034, 35.47543], [127.18037, 35.46641], [127.16935, 35.46638]]]}, "properties": {"grid_id": "다마7019", "region_type_cd": "RURAL", "households": 5, "buildings": 1, "avg_score": 17.0, "risk_level_cd": "ok"}}, {"type": "Feature", "geometry": {"type": "Polygon", "coordinates": [[[127.16932, 35.4754], [127.16928, 35.48441], [127.1803, 35.48444], [127.18034, 35.47543], [127.16932, 35.4754]]]}, "properties": {"grid_id": "다마7020", "region_type_cd": "RURAL", "households": 7, "buildings": 31, "avg_score": 25.6, "risk_level_cd": "ok"}}, {"type": "Feature", "geometry": {"type": "Polygon", "coordinates": [[[127.16917, 35.51146], [127.16913, 35.52048], [127.18016, 35.52051], [127.1802, 35.51149], [127.16917, 35.51146]]]}, "properties": {"grid_id": "다마7024", "region_type_cd": "RURAL", "households": 10, "buildings": 10, "avg_score": 28.1, "risk_level_cd": "ok"}}, {"type": "Feature", "geometry": {"type": "Polygon", "coordinates": [[[127.16913, 35.52048], [127.16909, 35.5295], [127.18012, 35.52953], [127.18016, 35.52051], [127.16913, 35.52048]]]}, "properties": {"grid_id": "다마7025", "region_type_cd": "RURAL", "households": 12, "buildings": 5, "avg_score": 62.1, "risk_level_cd": "warn"}}, {"type": "Feature", "geometry": {"type": "Polygon", "coordinates": [[[127.16909, 35.5295], [127.16906, 35.53851], [127.18009, 35.53854], [127.18012, 35.52953], [127.16909, 35.5295]]]}, "properties": {"grid_id": "다마7026", "region_type_cd": "RURAL", "households": 5, "buildings": 12, "avg_score": 31.6, "risk_level_cd": "ok"}}, {"type": "Feature", "geometry": {"type": "Polygon", "coordinates": [[[127.16906, 35.53851], [127.16902, 35.54753], [127.18005, 35.54756], [127.18009, 35.53854], [127.16906, 35.53851]]]}, "properties": {"grid_id": "다마7027", "region_type_cd": "RURAL", "households": 17, "buildings": 29, "avg_score": 27.2, "risk_level_cd": "ok"}}, {"type": "Feature", "geometry": {"type": "Polygon", "coordinates": [[[127.16902, 35.54753], [127.16898, 35.55654], [127.18002, 35.55657], [127.18005, 35.54756], [127.16902, 35.54753]]]}, "properties": {"grid_id": "다마7028", "region_type_cd": "RURAL", "households": 0, "buildings": 1, "avg_score": 23.5, "risk_level_cd": "ok"}}, {"type": "Feature", "geometry": {"type": "Polygon", "coordinates": [[[127.16898, 35.55654], [127.16895, 35.56556], [127.17998, 35.56559], [127.18002, 35.55657], [127.16898, 35.55654]]]}, "properties": {"grid_id": "다마7029", "region_type_cd": "RURAL", "households": 5, "buildings": 10, "avg_score": 30.8, "risk_level_cd": "ok"}}, {"type": "Feature", "geometry": {"type": "Polygon", "coordinates": [[[127.16895, 35.56556], [127.16891, 35.57458], [127.17994, 35.57461], [127.17998, 35.56559], [127.16895, 35.56556]]]}, "properties": {"grid_id": "다마7030", "region_type_cd": "URBAN", "households": 1, "buildings": 1, "avg_score": 15.9, "risk_level_cd": "ok"}}, {"type": "Feature", "geometry": {"type": "Polygon", "coordinates": [[[127.16891, 35.57458], [127.16887, 35.58359], [127.17991, 35.58362], [127.17994, 35.57461], [127.16891, 35.57458]]]}, "properties": {"grid_id": "다마7031", "region_type_cd": "RURAL", "households": 4, "buildings": 9, "avg_score": 24.1, "risk_level_cd": "ok"}}, {"type": "Feature", "geometry": {"type": "Polygon", "coordinates": [[[127.16887, 35.58359], [127.16883, 35.59261], [127.17987, 35.59264], [127.17991, 35.58362], [127.16887, 35.58359]]]}, "properties": {"grid_id": "다마7032", "region_type_cd": "RURAL", "households": 4, "buildings": 15, "avg_score": 29.5, "risk_level_cd": "ok"}}, {"type": "Feature", "geometry": {"type": "Polygon", "coordinates": [[[127.1688, 35.60163], [127.16876, 35.61064], [127.1798, 35.61067], [127.17984, 35.60166], [127.1688, 35.60163]]]}, "properties": {"grid_id": "다마7034", "region_type_cd": "RURAL", "households": 16, "buildings": 40, "avg_score": 33.6, "risk_level_cd": "ok"}}, {"type": "Feature", "geometry": {"type": "Polygon", "coordinates": [[[127.16865, 35.63769], [127.16861, 35.64671], [127.17966, 35.64674], [127.17969, 35.63772], [127.16865, 35.63769]]]}, "properties": {"grid_id": "다마7038", "region_type_cd": "RURAL", "households": 4, "buildings": 1, "avg_score": 32.1, "risk_level_cd": "ok"}}, {"type": "Feature", "geometry": {"type": "Polygon", "coordinates": [[[127.16861, 35.64671], [127.16857, 35.65573], [127.17962, 35.65576], [127.17966, 35.64674], [127.16861, 35.64671]]]}, "properties": {"grid_id": "다마7039", "region_type_cd": "RURAL", "households": 3, "buildings": 3, "avg_score": 28.6, "risk_level_cd": "ok"}}, {"type": "Feature", "geometry": {"type": "Polygon", "coordinates": [[[127.16854, 35.66474], [127.1685, 35.67376], [127.17955, 35.67379], [127.17959, 35.66477], [127.16854, 35.66474]]]}, "properties": {"grid_id": "다마7041", "region_type_cd": "RURAL", "households": 2, "buildings": 1, "avg_score": 23.1, "risk_level_cd": "ok"}}, {"type": "Feature", "geometry": {"type": "Polygon", "coordinates": [[[127.1685, 35.67376], [127.16846, 35.68277], [127.17951, 35.6828], [127.17955, 35.67379], [127.1685, 35.67376]]]}, "properties": {"grid_id": "다마7042", "region_type_cd": "RURAL", "households": 2, "buildings": 2, "avg_score": 23.9, "risk_level_cd": "ok"}}, {"type": "Feature", "geometry": {"type": "Polygon", "coordinates": [[[127.16846, 35.68277], [127.16842, 35.69179], [127.17948, 35.69182], [127.17951, 35.6828], [127.16846, 35.68277]]]}, "properties": {"grid_id": "다마7043", "region_type_cd": "RURAL", "households": 12, "buildings": 41, "avg_score": 37.6, "risk_level_cd": "warn"}}, {"type": "Feature", "geometry": {"type": "Polygon", "coordinates": [[[127.16842, 35.69179], [127.16839, 35.70081], [127.17944, 35.70084], [127.17948, 35.69182], [127.16842, 35.69179]]]}, "properties": {"grid_id": "다마7044", "region_type_cd": "RURAL", "households": 0, "buildings": 1, "avg_score": 19.5, "risk_level_cd": "ok"}}, {"type": "Feature", "geometry": {"type": "Polygon", "coordinates": [[[127.16835, 35.70982], [127.16831, 35.71884], [127.17937, 35.71887], [127.1794, 35.70985], [127.16835, 35.70982]]]}, "properties": {"grid_id": "다마7046", "region_type_cd": "RURAL", "households": 10, "buildings": 43, "avg_score": 36.1, "risk_level_cd": "warn"}}, {"type": "Feature", "geometry": {"type": "Polygon", "coordinates": [[[127.16831, 35.71884], [127.16828, 35.72786], [127.17933, 35.72789], [127.17937, 35.71887], [127.16831, 35.71884]]]}, "properties": {"grid_id": "다마7047", "region_type_cd": "RURAL", "households": 1, "buildings": 1, "avg_score": 26.3, "risk_level_cd": "ok"}}, {"type": "Feature", "geometry": {"type": "Polygon", "coordinates": [[[127.18034, 35.47543], [127.1803, 35.48444], [127.19133, 35.48447], [127.19136, 35.47545], [127.18034, 35.47543]]]}, "properties": {"grid_id": "다마7120", "region_type_cd": "RURAL", "households": 7, "buildings": 16, "avg_score": 20.1, "risk_level_cd": "ok"}}, {"type": "Feature", "geometry": {"type": "Polygon", "coordinates": [[[127.1803, 35.48444], [127.18027, 35.49346], [127.19129, 35.49349], [127.19133, 35.48447], [127.1803, 35.48444]]]}, "properties": {"grid_id": "다마7121", "region_type_cd": "RURAL", "households": 7, "buildings": 16, "avg_score": 25.8, "risk_level_cd": "ok"}}, {"type": "Feature", "geometry": {"type": "Polygon", "coordinates": [[[127.18027, 35.49346], [127.18023, 35.50248], [127.19126, 35.5025], [127.19129, 35.49349], [127.18027, 35.49346]]]}, "properties": {"grid_id": "다마7122", "region_type_cd": "RURAL", "households": 5, "buildings": 8, "avg_score": 23.4, "risk_level_cd": "ok"}}, {"type": "Feature", "geometry": {"type": "Polygon", "coordinates": [[[127.18023, 35.50248], [127.1802, 35.51149], [127.19122, 35.51152], [127.19126, 35.5025], [127.18023, 35.50248]]]}, "properties": {"grid_id": "다마7123", "region_type_cd": "RURAL", "households": 9, "buildings": 6, "avg_score": 28.4, "risk_level_cd": "ok"}}, {"type": "Feature", "geometry": {"type": "Polygon", "coordinates": [[[127.1802, 35.51149], [127.18016, 35.52051], [127.19119, 35.52054], [127.19122, 35.51152], [127.1802, 35.51149]]]}, "properties": {"grid_id": "다마7124", "region_type_cd": "RURAL", "households": 21, "buildings": 46, "avg_score": 28.4, "risk_level_cd": "ok"}}, {"type": "Feature", "geometry": {"type": "Polygon", "coordinates": [[[127.18016, 35.52051], [127.18012, 35.52953], [127.19115, 35.52955], [127.19119, 35.52054], [127.18016, 35.52051]]]}, "properties": {"grid_id": "다마7125", "region_type_cd": "RURAL", "households": 13, "buildings": 15, "avg_score": 35.0, "risk_level_cd": "ok"}}, {"type": "Feature", "geometry": {"type": "Polygon", "coordinates": [[[127.18009, 35.53854], [127.18005, 35.54756], [127.19108, 35.54759], [127.19112, 35.53857], [127.18009, 35.53854]]]}, "properties": {"grid_id": "다마7127", "region_type_cd": "RURAL", "households": 6, "buildings": 5, "avg_score": 36.0, "risk_level_cd": "warn"}}, {"type": "Feature", "geometry": {"type": "Polygon", "coordinates": [[[127.18005, 35.54756], [127.18002, 35.55657], [127.19105, 35.5566], [127.19108, 35.54759], [127.18005, 35.54756]]]}, "properties": {"grid_id": "다마7128", "region_type_cd": "RURAL", "households": 6, "buildings": 15, "avg_score": 38.3, "risk_level_cd": "warn"}}, {"type": "Feature", "geometry": {"type": "Polygon", "coordinates": [[[127.18002, 35.55657], [127.17998, 35.56559], [127.19102, 35.56562], [127.19105, 35.5566], [127.18002, 35.55657]]]}, "properties": {"grid_id": "다마7129", "region_type_cd": "RURAL", "households": 4, "buildings": 8, "avg_score": 34.0, "risk_level_cd": "ok"}}, {"type": "Feature", "geometry": {"type": "Polygon", "coordinates": [[[127.17998, 35.56559], [127.17994, 35.57461], [127.19098, 35.57464], [127.19102, 35.56562], [127.17998, 35.56559]]]}, "properties": {"grid_id": "다마7130", "region_type_cd": "RURAL", "households": 1, "buildings": 2, "avg_score": 51.6, "risk_level_cd": "warn"}}, {"type": "Feature", "geometry": {"type": "Polygon", "coordinates": [[[127.17991, 35.58362], [127.17987, 35.59264], [127.19091, 35.59267], [127.19095, 35.58365], [127.17991, 35.58362]]]}, "properties": {"grid_id": "다마7132", "region_type_cd": "RURAL", "households": 0, "buildings": 1, "avg_score": 20.3, "risk_level_cd": "ok"}}, {"type": "Feature", "geometry": {"type": "Polygon", "coordinates": [[[127.17984, 35.60166], [127.1798, 35.61067], [127.19084, 35.6107], [127.19088, 35.60169], [127.17984, 35.60166]]]}, "properties": {"grid_id": "다마7134", "region_type_cd": "RURAL", "households": 8, "buildings": 6, "avg_score": 23.6, "risk_level_cd": "ok"}}, {"type": "Feature", "geometry": {"type": "Polygon", "coordinates": [[[127.1798, 35.61067], [127.17977, 35.61969], [127.19081, 35.61972], [127.19084, 35.6107], [127.1798, 35.61067]]]}, "properties": {"grid_id": "다마7135", "region_type_cd": "RURAL", "households": 3, "buildings": 1, "avg_score": 21.6, "risk_level_cd": "ok"}}, {"type": "Feature", "geometry": {"type": "Polygon", "coordinates": [[[127.17977, 35.61969], [127.17973, 35.62871], [127.19077, 35.62873], [127.19081, 35.61972], [127.17977, 35.61969]]]}, "properties": {"grid_id": "다마7136", "region_type_cd": "RURAL", "households": 4, "buildings": 13, "avg_score": 24.7, "risk_level_cd": "ok"}}, {"type": "Feature", "geometry": {"type": "Polygon", "coordinates": [[[127.17973, 35.62871], [127.17969, 35.63772], [127.19074, 35.63775], [127.19077, 35.62873], [127.17973, 35.62871]]]}, "properties": {"grid_id": "다마7137", "region_type_cd": "URBAN", "households": 2, "buildings": 1, "avg_score": 21.9, "risk_level_cd": "ok"}}, {"type": "Feature", "geometry": {"type": "Polygon", "coordinates": [[[127.17966, 35.64674], [127.17962, 35.65576], [127.19067, 35.65578], [127.1907, 35.64677], [127.17966, 35.64674]]]}, "properties": {"grid_id": "다마7139", "region_type_cd": "RURAL", "households": 2, "buildings": 7, "avg_score": 34.0, "risk_level_cd": "ok"}}, {"type": "Feature", "geometry": {"type": "Polygon", "coordinates": [[[127.17962, 35.65576], [127.17959, 35.66477], [127.19063, 35.6648], [127.19067, 35.65578], [127.17962, 35.65576]]]}, "properties": {"grid_id": "다마7140", "region_type_cd": "RURAL", "households": 3, "buildings": 5, "avg_score": 44.6, "risk_level_cd": "warn"}}, {"type": "Feature", "geometry": {"type": "Polygon", "coordinates": [[[127.17959, 35.66477], [127.17955, 35.67379], [127.1906, 35.67382], [127.19063, 35.6648], [127.17959, 35.66477]]]}, "properties": {"grid_id": "다마7141", "region_type_cd": "RURAL", "households": 4, "buildings": 14, "avg_score": 52.6, "risk_level_cd": "warn"}}, {"type": "Feature", "geometry": {"type": "Polygon", "coordinates": [[[127.17955, 35.67379], [127.17951, 35.6828], [127.19056, 35.68283], [127.1906, 35.67382], [127.17955, 35.67379]]]}, "properties": {"grid_id": "다마7142", "region_type_cd": "RURAL", "households": 7, "buildings": 5, "avg_score": 32.8, "risk_level_cd": "ok"}}, {"type": "Feature", "geometry": {"type": "Polygon", "coordinates": [[[127.17951, 35.6828], [127.17948, 35.69182], [127.19053, 35.69185], [127.19056, 35.68283], [127.17951, 35.6828]]]}, "properties": {"grid_id": "다마7143", "region_type_cd": "RURAL", "households": 12, "buildings": 39, "avg_score": 41.9, "risk_level_cd": "warn"}}, {"type": "Feature", "geometry": {"type": "Polygon", "coordinates": [[[127.17944, 35.70084], [127.1794, 35.70985], [127.19046, 35.70988], [127.19049, 35.70087], [127.17944, 35.70084]]]}, "properties": {"grid_id": "다마7145", "region_type_cd": "RURAL", "households": 4, "buildings": 4, "avg_score": 20.1, "risk_level_cd": "ok"}}, {"type": "Feature", "geometry": {"type": "Polygon", "coordinates": [[[127.1794, 35.70985], [127.17937, 35.71887], [127.19042, 35.7189], [127.19046, 35.70988], [127.1794, 35.70985]]]}, "properties": {"grid_id": "다마7146", "region_type_cd": "RURAL", "households": 7, "buildings": 29, "avg_score": 43.0, "risk_level_cd": "warn"}}, {"type": "Feature", "geometry": {"type": "Polygon", "coordinates": [[[127.17937, 35.71887], [127.17933, 35.72789], [127.19039, 35.72791], [127.19042, 35.7189], [127.17937, 35.71887]]]}, "properties": {"grid_id": "다마7147", "region_type_cd": "RURAL", "households": 5, "buildings": 9, "avg_score": 41.2, "risk_level_cd": "warn"}}, {"type": "Feature", "geometry": {"type": "Polygon", "coordinates": [[[127.19133, 35.48447], [127.19129, 35.49349], [127.20232, 35.49352], [127.20235, 35.4845], [127.19133, 35.48447]]]}, "properties": {"grid_id": "다마7221", "region_type_cd": "RURAL", "households": 11, "buildings": 17, "avg_score": 26.7, "risk_level_cd": "ok"}}, {"type": "Feature", "geometry": {"type": "Polygon", "coordinates": [[[127.19129, 35.49349], [127.19126, 35.5025], [127.20228, 35.50253], [127.20232, 35.49352], [127.19129, 35.49349]]]}, "properties": {"grid_id": "다마7222", "region_type_cd": "RURAL", "households": 7, "buildings": 11, "avg_score": 27.4, "risk_level_cd": "ok"}}, {"type": "Feature", "geometry": {"type": "Polygon", "coordinates": [[[127.19126, 35.5025], [127.19122, 35.51152], [127.20225, 35.51155], [127.20228, 35.50253], [127.19126, 35.5025]]]}, "properties": {"grid_id": "다마7223", "region_type_cd": "RURAL", "households": 4, "buildings": 4, "avg_score": 27.3, "risk_level_cd": "ok"}}, {"type": "Feature", "geometry": {"type": "Polygon", "coordinates": [[[127.19122, 35.51152], [127.19119, 35.52054], [127.20222, 35.52057], [127.20225, 35.51155], [127.19122, 35.51152]]]}, "properties": {"grid_id": "다마7224", "region_type_cd": "URBAN", "households": 0, "buildings": 1, "avg_score": 44.3, "risk_level_cd": "warn"}}, {"type": "Feature", "geometry": {"type": "Polygon", "coordinates": [[[127.19119, 35.52054], [127.19115, 35.52955], [127.20218, 35.52958], [127.20222, 35.52057], [127.19119, 35.52054]]]}, "properties": {"grid_id": "다마7225", "region_type_cd": "RURAL", "households": 6, "buildings": 15, "avg_score": 32.9, "risk_level_cd": "ok"}}, {"type": "Feature", "geometry": {"type": "Polygon", "coordinates": [[[127.19115, 35.52955], [127.19112, 35.53857], [127.20215, 35.5386], [127.20218, 35.52958], [127.19115, 35.52955]]]}, "properties": {"grid_id": "다마7226", "region_type_cd": "RURAL", "households": 0, "buildings": 1, "avg_score": 23.4, "risk_level_cd": "ok"}}, {"type": "Feature", "geometry": {"type": "Polygon", "coordinates": [[[127.19112, 35.53857], [127.19108, 35.54759], [127.20212, 35.54761], [127.20215, 35.5386], [127.19112, 35.53857]]]}, "properties": {"grid_id": "다마7227", "region_type_cd": "RURAL", "households": 8, "buildings": 12, "avg_score": 22.7, "risk_level_cd": "ok"}}, {"type": "Feature", "geometry": {"type": "Polygon", "coordinates": [[[127.19108, 35.54759], [127.19105, 35.5566], [127.20208, 35.55663], [127.20212, 35.54761], [127.19108, 35.54759]]]}, "properties": {"grid_id": "다마7228", "region_type_cd": "RURAL", "households": 3, "buildings": 1, "avg_score": 23.0, "risk_level_cd": "ok"}}, {"type": "Feature", "geometry": {"type": "Polygon", "coordinates": [[[127.19105, 35.5566], [127.19102, 35.56562], [127.20205, 35.56565], [127.20208, 35.55663], [127.19105, 35.5566]]]}, "properties": {"grid_id": "다마7229", "region_type_cd": "RURAL", "households": 32, "buildings": 32, "avg_score": 28.4, "risk_level_cd": "ok"}}, {"type": "Feature", "geometry": {"type": "Polygon", "coordinates": [[[127.19102, 35.56562], [127.19098, 35.57464], [127.20202, 35.57466], [127.20205, 35.56565], [127.19102, 35.56562]]]}, "properties": {"grid_id": "다마7230", "region_type_cd": "RURAL", "households": 49, "buildings": 107, "avg_score": 24.5, "risk_level_cd": "ok"}}, {"type": "Feature", "geometry": {"type": "Polygon", "coordinates": [[[127.19098, 35.57464], [127.19095, 35.58365], [127.20198, 35.58368], [127.20202, 35.57466], [127.19098, 35.57464]]]}, "properties": {"grid_id": "다마7231", "region_type_cd": "RURAL", "households": 27, "buildings": 11, "avg_score": 20.7, "risk_level_cd": "ok"}}, {"type": "Feature", "geometry": {"type": "Polygon", "coordinates": [[[127.19095, 35.58365], [127.19091, 35.59267], [127.20195, 35.5927], [127.20198, 35.58368], [127.19095, 35.58365]]]}, "properties": {"grid_id": "다마7232", "region_type_cd": "RURAL", "households": 5, "buildings": 2, "avg_score": 19.4, "risk_level_cd": "ok"}}, {"type": "Feature", "geometry": {"type": "Polygon", "coordinates": [[[127.19088, 35.60169], [127.19084, 35.6107], [127.20188, 35.61073], [127.20192, 35.60171], [127.19088, 35.60169]]]}, "properties": {"grid_id": "다마7234", "region_type_cd": "RURAL", "households": 12, "buildings": 15, "avg_score": 23.5, "risk_level_cd": "ok"}}, {"type": "Feature", "geometry": {"type": "Polygon", "coordinates": [[[127.19084, 35.6107], [127.19081, 35.61972], [127.20185, 35.61975], [127.20188, 35.61073], [127.19084, 35.6107]]]}, "properties": {"grid_id": "다마7235", "region_type_cd": "RURAL", "households": 18, "buildings": 26, "avg_score": 23.4, "risk_level_cd": "ok"}}, {"type": "Feature", "geometry": {"type": "Polygon", "coordinates": [[[127.19081, 35.61972], [127.19077, 35.62873], [127.20182, 35.62876], [127.20185, 35.61975], [127.19081, 35.61972]]]}, "properties": {"grid_id": "다마7236", "region_type_cd": "RURAL", "households": 2, "buildings": 4, "avg_score": 24.5, "risk_level_cd": "ok"}}, {"type": "Feature", "geometry": {"type": "Polygon", "coordinates": [[[127.19074, 35.63775], [127.1907, 35.64677], [127.20175, 35.6468], [127.20178, 35.63778], [127.19074, 35.63775]]]}, "properties": {"grid_id": "다마7238", "region_type_cd": "RURAL", "households": 6, "buildings": 9, "avg_score": 35.4, "risk_level_cd": "warn"}}, {"type": "Feature", "geometry": {"type": "Polygon", "coordinates": [[[127.19067, 35.65578], [127.19063, 35.6648], [127.20168, 35.66483], [127.20172, 35.65581], [127.19067, 35.65578]]]}, "properties": {"grid_id": "다마7240", "region_type_cd": "URBAN", "households": 0, "buildings": 1, "avg_score": 42.6, "risk_level_cd": "warn"}}, {"type": "Feature", "geometry": {"type": "Polygon", "coordinates": [[[127.20235, 35.4845], [127.20232, 35.49352], [127.21334, 35.49354], [127.21337, 35.48453], [127.20235, 35.4845]]]}, "properties": {"grid_id": "다마7321", "region_type_cd": "RURAL", "households": 3, "buildings": 12, "avg_score": 35.4, "risk_level_cd": "warn"}}, {"type": "Feature", "geometry": {"type": "Polygon", "coordinates": [[[127.20222, 35.52057], [127.20218, 35.52958], [127.21321, 35.52961], [127.21325, 35.52059], [127.20222, 35.52057]]]}, "properties": {"grid_id": "다마7325", "region_type_cd": "RURAL", "households": 4, "buildings": 8, "avg_score": 28.3, "risk_level_cd": "ok"}}, {"type": "Feature", "geometry": {"type": "Polygon", "coordinates": [[[127.20218, 35.52958], [127.20215, 35.5386], [127.21318, 35.53863], [127.21321, 35.52961], [127.20218, 35.52958]]]}, "properties": {"grid_id": "다마7326", "region_type_cd": "RURAL", "households": 1, "buildings": 1, "avg_score": 23.1, "risk_level_cd": "ok"}}, {"type": "Feature", "geometry": {"type": "Polygon", "coordinates": [[[127.20215, 35.5386], [127.20212, 35.54761], [127.21315, 35.54764], [127.21318, 35.53863], [127.20215, 35.5386]]]}, "properties": {"grid_id": "다마7327", "region_type_cd": "RURAL", "households": 8, "buildings": 14, "avg_score": 29.1, "risk_level_cd": "ok"}}, {"type": "Feature", "geometry": {"type": "Polygon", "coordinates": [[[127.20212, 35.54761], [127.20208, 35.55663], [127.21312, 35.55666], [127.21315, 35.54764], [127.20212, 35.54761]]]}, "properties": {"grid_id": "다마7328", "region_type_cd": "RURAL", "households": 10, "buildings": 10, "avg_score": 30.7, "risk_level_cd": "ok"}}, {"type": "Feature", "geometry": {"type": "Polygon", "coordinates": [[[127.20208, 35.55663], [127.20205, 35.56565], [127.21309, 35.56567], [127.21312, 35.55666], [127.20208, 35.55663]]]}, "properties": {"grid_id": "다마7329", "region_type_cd": "RURAL", "households": 24, "buildings": 35, "avg_score": 23.5, "risk_level_cd": "ok"}}, {"type": "Feature", "geometry": {"type": "Polygon", "coordinates": [[[127.20205, 35.56565], [127.20202, 35.57466], [127.21305, 35.57469], [127.21309, 35.56567], [127.20205, 35.56565]]]}, "properties": {"grid_id": "다마7330", "region_type_cd": "RURAL", "households": 39, "buildings": 47, "avg_score": 23.4, "risk_level_cd": "ok"}}, {"type": "Feature", "geometry": {"type": "Polygon", "coordinates": [[[127.20202, 35.57466], [127.20198, 35.58368], [127.21302, 35.58371], [127.21305, 35.57469], [127.20202, 35.57466]]]}, "properties": {"grid_id": "다마7331", "region_type_cd": "RURAL", "households": 22, "buildings": 5, "avg_score": 13.2, "risk_level_cd": "ok"}}, {"type": "Feature", "geometry": {"type": "Polygon", "coordinates": [[[127.20198, 35.58368], [127.20195, 35.5927], [127.21299, 35.59272], [127.21302, 35.58371], [127.20198, 35.58368]]]}, "properties": {"grid_id": "다마7332", "region_type_cd": "RURAL", "households": 15, "buildings": 30, "avg_score": 24.6, "risk_level_cd": "ok"}}, {"type": "Feature", "geometry": {"type": "Polygon", "coordinates": [[[127.20188, 35.61073], [127.20185, 35.61975], [127.21289, 35.61977], [127.21292, 35.61076], [127.20188, 35.61073]]]}, "properties": {"grid_id": "다마7335", "region_type_cd": "RURAL", "households": 1, "buildings": 1, "avg_score": 24.6, "risk_level_cd": "ok"}}, {"type": "Feature", "geometry": {"type": "Polygon", "coordinates": [[[127.20185, 35.61975], [127.20182, 35.62876], [127.21286, 35.62879], [127.21289, 35.61977], [127.20185, 35.61975]]]}, "properties": {"grid_id": "다마7336", "region_type_cd": "RURAL", "households": 3, "buildings": 3, "avg_score": 23.3, "risk_level_cd": "ok"}}, {"type": "Feature", "geometry": {"type": "Polygon", "coordinates": [[[127.20182, 35.62876], [127.20178, 35.63778], [127.21283, 35.63781], [127.21286, 35.62879], [127.20182, 35.62876]]]}, "properties": {"grid_id": "다마7337", "region_type_cd": "RURAL", "households": 11, "buildings": 28, "avg_score": 29.7, "risk_level_cd": "ok"}}, {"type": "Feature", "geometry": {"type": "Polygon", "coordinates": [[[127.20178, 35.63778], [127.20175, 35.6468], [127.2128, 35.64682], [127.21283, 35.63781], [127.20178, 35.63778]]]}, "properties": {"grid_id": "다마7338", "region_type_cd": "RURAL", "households": 3, "buildings": 2, "avg_score": 37.5, "risk_level_cd": "warn"}}, {"type": "Feature", "geometry": {"type": "Polygon", "coordinates": [[[127.20172, 35.65581], [127.20168, 35.66483], [127.21273, 35.66486], [127.21276, 35.65584], [127.20172, 35.65581]]]}, "properties": {"grid_id": "다마7340", "region_type_cd": "RURAL", "households": 4, "buildings": 1, "avg_score": 24.4, "risk_level_cd": "ok"}}, {"type": "Feature", "geometry": {"type": "Polygon", "coordinates": [[[127.20168, 35.66483], [127.20165, 35.67384], [127.2127, 35.67387], [127.21273, 35.66486], [127.20168, 35.66483]]]}, "properties": {"grid_id": "다마7341", "region_type_cd": "RURAL", "households": 17, "buildings": 56, "avg_score": 45.7, "risk_level_cd": "warn"}}, {"type": "Feature", "geometry": {"type": "Polygon", "coordinates": [[[127.20162, 35.68286], [127.20158, 35.69188], [127.21263, 35.6919], [127.21267, 35.68289], [127.20162, 35.68286]]]}, "properties": {"grid_id": "다마7343", "region_type_cd": "RURAL", "households": 6, "buildings": 1, "avg_score": 29.9, "risk_level_cd": "ok"}}, {"type": "Feature", "geometry": {"type": "Polygon", "coordinates": [[[127.20158, 35.69188], [127.20155, 35.70089], [127.2126, 35.70092], [127.21263, 35.6919], [127.20158, 35.69188]]]}, "properties": {"grid_id": "다마7344", "region_type_cd": "RURAL", "households": 10, "buildings": 56, "avg_score": 46.3, "risk_level_cd": "warn"}}, {"type": "Feature", "geometry": {"type": "Polygon", "coordinates": [[[127.21337, 35.48453], [127.21334, 35.49354], [127.22437, 35.49357], [127.2244, 35.48455], [127.21337, 35.48453]]]}, "properties": {"grid_id": "다마7421", "region_type_cd": "RURAL", "households": 4, "buildings": 6, "avg_score": 30.4, "risk_level_cd": "ok"}}, {"type": "Feature", "geometry": {"type": "Polygon", "coordinates": [[[127.21334, 35.49354], [127.21331, 35.50256], [127.22434, 35.50258], [127.22437, 35.49357], [127.21334, 35.49354]]]}, "properties": {"grid_id": "다마7422", "region_type_cd": "RURAL", "households": 7, "buildings": 11, "avg_score": 34.4, "risk_level_cd": "ok"}}, {"type": "Feature", "geometry": {"type": "Polygon", "coordinates": [[[127.21331, 35.50256], [127.21328, 35.51158], [127.22431, 35.5116], [127.22434, 35.50258], [127.21331, 35.50256]]]}, "properties": {"grid_id": "다마7423", "region_type_cd": "RURAL", "households": 1, "buildings": 1, "avg_score": 31.8, "risk_level_cd": "ok"}}, {"type": "Feature", "geometry": {"type": "Polygon", "coordinates": [[[127.21325, 35.52059], [127.21321, 35.52961], [127.22424, 35.52963], [127.22427, 35.52062], [127.21325, 35.52059]]]}, "properties": {"grid_id": "다마7425", "region_type_cd": "RURAL", "households": 2, "buildings": 2, "avg_score": 23.1, "risk_level_cd": "ok"}}, {"type": "Feature", "geometry": {"type": "Polygon", "coordinates": [[[127.21321, 35.52961], [127.21318, 35.53863], [127.22421, 35.53865], [127.22424, 35.52963], [127.21321, 35.52961]]]}, "properties": {"grid_id": "다마7426", "region_type_cd": "RURAL", "households": 2, "buildings": 7, "avg_score": 26.7, "risk_level_cd": "ok"}}, {"type": "Feature", "geometry": {"type": "Polygon", "coordinates": [[[127.21312, 35.55666], [127.21309, 35.56567], [127.22412, 35.5657], [127.22415, 35.55668], [127.21312, 35.55666]]]}, "properties": {"grid_id": "다마7429", "region_type_cd": "RURAL", "households": 17, "buildings": 31, "avg_score": 25.8, "risk_level_cd": "ok"}}, {"type": "Feature", "geometry": {"type": "Polygon", "coordinates": [[[127.21309, 35.56567], [127.21305, 35.57469], [127.22409, 35.57472], [127.22412, 35.5657], [127.21309, 35.56567]]]}, "properties": {"grid_id": "다마7430", "region_type_cd": "RURAL", "households": 11, "buildings": 17, "avg_score": 26.9, "risk_level_cd": "ok"}}, {"type": "Feature", "geometry": {"type": "Polygon", "coordinates": [[[127.21305, 35.57469], [127.21302, 35.58371], [127.22406, 35.58373], [127.22409, 35.57472], [127.21305, 35.57469]]]}, "properties": {"grid_id": "다마7431", "region_type_cd": "RURAL", "households": 7, "buildings": 14, "avg_score": 23.5, "risk_level_cd": "ok"}}, {"type": "Feature", "geometry": {"type": "Polygon", "coordinates": [[[127.21302, 35.58371], [127.21299, 35.59272], [127.22403, 35.59275], [127.22406, 35.58373], [127.21302, 35.58371]]]}, "properties": {"grid_id": "다마7432", "region_type_cd": "RURAL", "households": 10, "buildings": 23, "avg_score": 25.9, "risk_level_cd": "ok"}}, {"type": "Feature", "geometry": {"type": "Polygon", "coordinates": [[[127.21299, 35.59272], [127.21296, 35.60174], [127.224, 35.60177], [127.22403, 35.59275], [127.21299, 35.59272]]]}, "properties": {"grid_id": "다마7433", "region_type_cd": "RURAL", "households": 4, "buildings": 1, "avg_score": 19.5, "risk_level_cd": "ok"}}, {"type": "Feature", "geometry": {"type": "Polygon", "coordinates": [[[127.21292, 35.61076], [127.21289, 35.61977], [127.22393, 35.6198], [127.22397, 35.61078], [127.21292, 35.61076]]]}, "properties": {"grid_id": "다마7435", "region_type_cd": "RURAL", "households": 3, "buildings": 5, "avg_score": 24.8, "risk_level_cd": "ok"}}, {"type": "Feature", "geometry": {"type": "Polygon", "coordinates": [[[127.21289, 35.61977], [127.21286, 35.62879], [127.2239, 35.62882], [127.22393, 35.6198], [127.21289, 35.61977]]]}, "properties": {"grid_id": "다마7436", "region_type_cd": "RURAL", "households": 7, "buildings": 2, "avg_score": 29.9, "risk_level_cd": "ok"}}, {"type": "Feature", "geometry": {"type": "Polygon", "coordinates": [[[127.21286, 35.62879], [127.21283, 35.63781], [127.22387, 35.63783], [127.2239, 35.62882], [127.21286, 35.62879]]]}, "properties": {"grid_id": "다마7437", "region_type_cd": "RURAL", "households": 12, "buildings": 31, "avg_score": 35.3, "risk_level_cd": "warn"}}, {"type": "Feature", "geometry": {"type": "Polygon", "coordinates": [[[127.21283, 35.63781], [127.2128, 35.64682], [127.22384, 35.64685], [127.22387, 35.63783], [127.21283, 35.63781]]]}, "properties": {"grid_id": "다마7438", "region_type_cd": "RURAL", "households": 17, "buildings": 1, "avg_score": 52.4, "risk_level_cd": "warn"}}, {"type": "Feature", "geometry": {"type": "Polygon", "coordinates": [[[127.2128, 35.64682], [127.21276, 35.65584], [127.22381, 35.65586], [127.22384, 35.64685], [127.2128, 35.64682]]]}, "properties": {"grid_id": "다마7439", "region_type_cd": "RURAL", "households": 34, "buildings": 98, "avg_score": 32.7, "risk_level_cd": "ok"}}, {"type": "Feature", "geometry": {"type": "Polygon", "coordinates": [[[127.21276, 35.65584], [127.21273, 35.66486], [127.22378, 35.66488], [127.22381, 35.65586], [127.21276, 35.65584]]]}, "properties": {"grid_id": "다마7440", "region_type_cd": "RURAL", "households": 26, "buildings": 41, "avg_score": 28.9, "risk_level_cd": "ok"}}, {"type": "Feature", "geometry": {"type": "Polygon", "coordinates": [[[127.21273, 35.66486], [127.2127, 35.67387], [127.22375, 35.6739], [127.22378, 35.66488], [127.21273, 35.66486]]]}, "properties": {"grid_id": "다마7441", "region_type_cd": "RURAL", "households": 9, "buildings": 5, "avg_score": 30.6, "risk_level_cd": "ok"}}, {"type": "Feature", "geometry": {"type": "Polygon", "coordinates": [[[127.21267, 35.68289], [127.21263, 35.6919], [127.22369, 35.69193], [127.22372, 35.68291], [127.21267, 35.68289]]]}, "properties": {"grid_id": "다마7443", "region_type_cd": "RURAL", "households": 1, "buildings": 6, "avg_score": 52.1, "risk_level_cd": "warn"}}, {"type": "Feature", "geometry": {"type": "Polygon", "coordinates": [[[127.2126, 35.70092], [127.21257, 35.70994], [127.22362, 35.70996], [127.22366, 35.70095], [127.2126, 35.70092]]]}, "properties": {"grid_id": "다마7445", "region_type_cd": "RURAL", "households": 2, "buildings": 19, "avg_score": 37.3, "risk_level_cd": "warn"}}, {"type": "Feature", "geometry": {"type": "Polygon", "coordinates": [[[127.22443, 35.47553], [127.2244, 35.48455], [127.23542, 35.48458], [127.23545, 35.47556], [127.22443, 35.47553]]]}, "properties": {"grid_id": "다마7520", "region_type_cd": "URBAN", "households": 1, "buildings": 1, "avg_score": 29.2, "risk_level_cd": "ok"}}, {"type": "Feature", "geometry": {"type": "Polygon", "coordinates": [[[127.22437, 35.49357], [127.22434, 35.50258], [127.23536, 35.50261], [127.23539, 35.49359], [127.22437, 35.49357]]]}, "properties": {"grid_id": "다마7522", "region_type_cd": "RURAL", "households": 2, "buildings": 1, "avg_score": 22.6, "risk_level_cd": "ok"}}, {"type": "Feature", "geometry": {"type": "Polygon", "coordinates": [[[127.22434, 35.50258], [127.22431, 35.5116], [127.23533, 35.51163], [127.23536, 35.50261], [127.22434, 35.50258]]]}, "properties": {"grid_id": "다마7523", "region_type_cd": "RURAL", "households": 2, "buildings": 4, "avg_score": 39.0, "risk_level_cd": "warn"}}, {"type": "Feature", "geometry": {"type": "Polygon", "coordinates": [[[127.22418, 35.54767], [127.22415, 35.55668], [127.23519, 35.55671], [127.23521, 35.54769], [127.22418, 35.54767]]]}, "properties": {"grid_id": "다마7528", "region_type_cd": "RURAL", "households": 3, "buildings": 2, "avg_score": 27.8, "risk_level_cd": "ok"}}, {"type": "Feature", "geometry": {"type": "Polygon", "coordinates": [[[127.22415, 35.55668], [127.22412, 35.5657], [127.23516, 35.56573], [127.23519, 35.55671], [127.22415, 35.55668]]]}, "properties": {"grid_id": "다마7529", "region_type_cd": "RURAL", "households": 6, "buildings": 13, "avg_score": 19.8, "risk_level_cd": "ok"}}, {"type": "Feature", "geometry": {"type": "Polygon", "coordinates": [[[127.22412, 35.5657], [127.22409, 35.57472], [127.23513, 35.57474], [127.23516, 35.56573], [127.22412, 35.5657]]]}, "properties": {"grid_id": "다마7530", "region_type_cd": "RURAL", "households": 10, "buildings": 25, "avg_score": 27.8, "risk_level_cd": "ok"}}, {"type": "Feature", "geometry": {"type": "Polygon", "coordinates": [[[127.22409, 35.57472], [127.22406, 35.58373], [127.2351, 35.58376], [127.23513, 35.57474], [127.22409, 35.57472]]]}, "properties": {"grid_id": "다마7531", "region_type_cd": "RURAL", "households": 2, "buildings": 2, "avg_score": 18.3, "risk_level_cd": "ok"}}, {"type": "Feature", "geometry": {"type": "Polygon", "coordinates": [[[127.22406, 35.58373], [127.22403, 35.59275], [127.23507, 35.59277], [127.2351, 35.58376], [127.22406, 35.58373]]]}, "properties": {"grid_id": "다마7532", "region_type_cd": "RURAL", "households": 12, "buildings": 21, "avg_score": 25.8, "risk_level_cd": "ok"}}, {"type": "Feature", "geometry": {"type": "Polygon", "coordinates": [[[127.224, 35.60177], [127.22397, 35.61078], [127.23501, 35.61081], [127.23504, 35.60179], [127.224, 35.60177]]]}, "properties": {"grid_id": "다마7534", "region_type_cd": "RURAL", "households": 0, "buildings": 1, "avg_score": 52.3, "risk_level_cd": "warn"}}, {"type": "Feature", "geometry": {"type": "Polygon", "coordinates": [[[127.22397, 35.61078], [127.22393, 35.6198], [127.23498, 35.61982], [127.23501, 35.61081], [127.22397, 35.61078]]]}, "properties": {"grid_id": "다마7535", "region_type_cd": "RURAL", "households": 2, "buildings": 1, "avg_score": 21.2, "risk_level_cd": "ok"}}, {"type": "Feature", "geometry": {"type": "Polygon", "coordinates": [[[127.22393, 35.6198], [127.2239, 35.62882], [127.23495, 35.62884], [127.23498, 35.61982], [127.22393, 35.6198]]]}, "properties": {"grid_id": "다마7536", "region_type_cd": "URBAN", "households": 1, "buildings": 1, "avg_score": 54.3, "risk_level_cd": "warn"}}, {"type": "Feature", "geometry": {"type": "Polygon", "coordinates": [[[127.2239, 35.62882], [127.22387, 35.63783], [127.23492, 35.63786], [127.23495, 35.62884], [127.2239, 35.62882]]]}, "properties": {"grid_id": "다마7537", "region_type_cd": "RURAL", "households": 5, "buildings": 11, "avg_score": 41.3, "risk_level_cd": "warn"}}, {"type": "Feature", "geometry": {"type": "Polygon", "coordinates": [[[127.22387, 35.63783], [127.22384, 35.64685], [127.23489, 35.64687], [127.23492, 35.63786], [127.22387, 35.63783]]]}, "properties": {"grid_id": "다마7538", "region_type_cd": "RURAL", "households": 4, "buildings": 4, "avg_score": 39.1, "risk_level_cd": "warn"}}, {"type": "Feature", "geometry": {"type": "Polygon", "coordinates": [[[127.22384, 35.64685], [127.22381, 35.65586], [127.23486, 35.65589], [127.23489, 35.64687], [127.22384, 35.64685]]]}, "properties": {"grid_id": "다마7539", "region_type_cd": "RURAL", "households": 21, "buildings": 7, "avg_score": 36.4, "risk_level_cd": "warn"}}, {"type": "Feature", "geometry": {"type": "Polygon", "coordinates": [[[127.22381, 35.65586], [127.22378, 35.66488], [127.23483, 35.66491], [127.23486, 35.65589], [127.22381, 35.65586]]]}, "properties": {"grid_id": "다마7540", "region_type_cd": "RURAL", "households": 23, "buildings": 51, "avg_score": 30.2, "risk_level_cd": "ok"}}, {"type": "Feature", "geometry": {"type": "Polygon", "coordinates": [[[127.22378, 35.66488], [127.22375, 35.6739], [127.2348, 35.67392], [127.23483, 35.66491], [127.22378, 35.66488]]]}, "properties": {"grid_id": "다마7541", "region_type_cd": "RURAL", "households": 2, "buildings": 1, "avg_score": 41.3, "risk_level_cd": "warn"}}, {"type": "Feature", "geometry": {"type": "Polygon", "coordinates": [[[127.22372, 35.68291], [127.22369, 35.69193], [127.23474, 35.69195], [127.23477, 35.68294], [127.22372, 35.68291]]]}, "properties": {"grid_id": "다마7543", "region_type_cd": "RURAL", "households": 17, "buildings": 78, "avg_score": 43.5, "risk_level_cd": "warn"}}, {"type": "Feature", "geometry": {"type": "Polygon", "coordinates": [[[127.22366, 35.70095], [127.22362, 35.70996], [127.23468, 35.70999], [127.23471, 35.70097], [127.22366, 35.70095]]]}, "properties": {"grid_id": "다마7545", "region_type_cd": "RURAL", "households": 1, "buildings": 1, "avg_score": 20.0, "risk_level_cd": "ok"}}, {"type": "Feature", "geometry": {"type": "Polygon", "coordinates": [[[127.23542, 35.48458], [127.23539, 35.49359], [127.24642, 35.49362], [127.24645, 35.4846], [127.23542, 35.48458]]]}, "properties": {"grid_id": "다마7621", "region_type_cd": "RURAL", "households": 16, "buildings": 31, "avg_score": 24.6, "risk_level_cd": "ok"}}, {"type": "Feature", "geometry": {"type": "Polygon", "coordinates": [[[127.23539, 35.49359], [127.23536, 35.50261], [127.24639, 35.50263], [127.24642, 35.49362], [127.23539, 35.49359]]]}, "properties": {"grid_id": "다마7622", "region_type_cd": "RURAL", "households": 9, "buildings": 18, "avg_score": 31.7, "risk_level_cd": "ok"}}, {"type": "Feature", "geometry": {"type": "Polygon", "coordinates": [[[127.23536, 35.50261], [127.23533, 35.51163], [127.24636, 35.51165], [127.24639, 35.50263], [127.23536, 35.50261]]]}, "properties": {"grid_id": "다마7623", "region_type_cd": "RURAL", "households": 2, "buildings": 4, "avg_score": 31.6, "risk_level_cd": "ok"}}, {"type": "Feature", "geometry": {"type": "Polygon", "coordinates": [[[127.23533, 35.51163], [127.2353, 35.52064], [127.24633, 35.52067], [127.24636, 35.51165], [127.23533, 35.51163]]]}, "properties": {"grid_id": "다마7624", "region_type_cd": "RURAL", "households": 2, "buildings": 6, "avg_score": 35.6, "risk_level_cd": "warn"}}, {"type": "Feature", "geometry": {"type": "Polygon", "coordinates": [[[127.2353, 35.52064], [127.23527, 35.52966], [127.2463, 35.52968], [127.24633, 35.52067], [127.2353, 35.52064]]]}, "properties": {"grid_id": "다마7625", "region_type_cd": "RURAL", "households": 2, "buildings": 3, "avg_score": 33.4, "risk_level_cd": "ok"}}, {"type": "Feature", "geometry": {"type": "Polygon", "coordinates": [[[127.23527, 35.52966], [127.23524, 35.53868], [127.24628, 35.5387], [127.2463, 35.52968], [127.23527, 35.52966]]]}, "properties": {"grid_id": "다마7626", "region_type_cd": "RURAL", "households": 2, "buildings": 1, "avg_score": 25.2, "risk_level_cd": "ok"}}, {"type": "Feature", "geometry": {"type": "Polygon", "coordinates": [[[127.2351, 35.58376], [127.23507, 35.59277], [127.24611, 35.5928], [127.24613, 35.58378], [127.2351, 35.58376]]]}, "properties": {"grid_id": "다마7632", "region_type_cd": "RURAL", "households": 14, "buildings": 26, "avg_score": 35.8, "risk_level_cd": "warn"}}, {"type": "Feature", "geometry": {"type": "Polygon", "coordinates": [[[127.23507, 35.59277], [127.23504, 35.60179], [127.24608, 35.60181], [127.24611, 35.5928], [127.23507, 35.59277]]]}, "properties": {"grid_id": "다마7633", "region_type_cd": "RURAL", "households": 13, "buildings": 34, "avg_score": 29.7, "risk_level_cd": "ok"}}, {"type": "Feature", "geometry": {"type": "Polygon", "coordinates": [[[127.23504, 35.60179], [127.23501, 35.61081], [127.24605, 35.61083], [127.24608, 35.60181], [127.23504, 35.60179]]]}, "properties": {"grid_id": "다마7634", "region_type_cd": "RURAL", "households": 8, "buildings": 5, "avg_score": 38.2, "risk_level_cd": "warn"}}, {"type": "Feature", "geometry": {"type": "Polygon", "coordinates": [[[127.23501, 35.61081], [127.23498, 35.61982], [127.24602, 35.61985], [127.24605, 35.61083], [127.23501, 35.61081]]]}, "properties": {"grid_id": "다마7635", "region_type_cd": "RURAL", "households": 5, "buildings": 20, "avg_score": 43.3, "risk_level_cd": "warn"}}, {"type": "Feature", "geometry": {"type": "Polygon", "coordinates": [[[127.23492, 35.63786], [127.23489, 35.64687], [127.24593, 35.6469], [127.24596, 35.63788], [127.23492, 35.63786]]]}, "properties": {"grid_id": "다마7638", "region_type_cd": "RURAL", "households": 5, "buildings": 25, "avg_score": 41.8, "risk_level_cd": "warn"}}, {"type": "Feature", "geometry": {"type": "Polygon", "coordinates": [[[127.23489, 35.64687], [127.23486, 35.65589], [127.24591, 35.65591], [127.24593, 35.6469], [127.23489, 35.64687]]]}, "properties": {"grid_id": "다마7639", "region_type_cd": "RURAL", "households": 5, "buildings": 4, "avg_score": 91.7, "risk_level_cd": "danger"}}, {"type": "Feature", "geometry": {"type": "Polygon", "coordinates": [[[127.23486, 35.65589], [127.23483, 35.66491], [127.24588, 35.66493], [127.24591, 35.65591], [127.23486, 35.65589]]]}, "properties": {"grid_id": "다마7640", "region_type_cd": "RURAL", "households": 7, "buildings": 14, "avg_score": 100.0, "risk_level_cd": "danger"}}, {"type": "Feature", "geometry": {"type": "Polygon", "coordinates": [[[127.2348, 35.67392], [127.23477, 35.68294], [127.24582, 35.68296], [127.24585, 35.67395], [127.2348, 35.67392]]]}, "properties": {"grid_id": "다마7642", "region_type_cd": "RURAL", "households": 0, "buildings": 1, "avg_score": 46.6, "risk_level_cd": "warn"}}, {"type": "Feature", "geometry": {"type": "Polygon", "coordinates": [[[127.23477, 35.68294], [127.23474, 35.69195], [127.24579, 35.69198], [127.24582, 35.68296], [127.23477, 35.68294]]]}, "properties": {"grid_id": "다마7643", "region_type_cd": "RURAL", "households": 9, "buildings": 2, "avg_score": 49.8, "risk_level_cd": "warn"}}, {"type": "Feature", "geometry": {"type": "Polygon", "coordinates": [[[127.24647, 35.47558], [127.24645, 35.4846], [127.25747, 35.48462], [127.2575, 35.47561], [127.24647, 35.47558]]]}, "properties": {"grid_id": "다마7720", "region_type_cd": "RURAL", "households": 13, "buildings": 5, "avg_score": 38.5, "risk_level_cd": "warn"}}, {"type": "Feature", "geometry": {"type": "Polygon", "coordinates": [[[127.24645, 35.4846], [127.24642, 35.49362], [127.25744, 35.49364], [127.25747, 35.48462], [127.24645, 35.4846]]]}, "properties": {"grid_id": "다마7721", "region_type_cd": "RURAL", "households": 16, "buildings": 50, "avg_score": 37.0, "risk_level_cd": "warn"}}, {"type": "Feature", "geometry": {"type": "Polygon", "coordinates": [[[127.24642, 35.49362], [127.24639, 35.50263], [127.25742, 35.50266], [127.25744, 35.49364], [127.24642, 35.49362]]]}, "properties": {"grid_id": "다마7722", "region_type_cd": "RURAL", "households": 9, "buildings": 9, "avg_score": 35.9, "risk_level_cd": "warn"}}, {"type": "Feature", "geometry": {"type": "Polygon", "coordinates": [[[127.24639, 35.50263], [127.24636, 35.51165], [127.25739, 35.51167], [127.25742, 35.50266], [127.24639, 35.50263]]]}, "properties": {"grid_id": "다마7723", "region_type_cd": "RURAL", "households": 2, "buildings": 2, "avg_score": 57.7, "risk_level_cd": "warn"}}, {"type": "Feature", "geometry": {"type": "Polygon", "coordinates": [[[127.24636, 35.51165], [127.24633, 35.52067], [127.25736, 35.52069], [127.25739, 35.51167], [127.24636, 35.51165]]]}, "properties": {"grid_id": "다마7724", "region_type_cd": "RURAL", "households": 1, "buildings": 2, "avg_score": 20.1, "risk_level_cd": "ok"}}, {"type": "Feature", "geometry": {"type": "Polygon", "coordinates": [[[127.2463, 35.52968], [127.24628, 35.5387], [127.25731, 35.53872], [127.25733, 35.52971], [127.2463, 35.52968]]]}, "properties": {"grid_id": "다마7726", "region_type_cd": "RURAL", "households": 5, "buildings": 10, "avg_score": 30.8, "risk_level_cd": "ok"}}, {"type": "Feature", "geometry": {"type": "Polygon", "coordinates": [[[127.24628, 35.5387], [127.24625, 35.54772], [127.25728, 35.54774], [127.25731, 35.53872], [127.24628, 35.5387]]]}, "properties": {"grid_id": "다마7727", "region_type_cd": "URBAN", "households": 4, "buildings": 4, "avg_score": 42.0, "risk_level_cd": "warn"}}, {"type": "Feature", "geometry": {"type": "Polygon", "coordinates": [[[127.24625, 35.54772], [127.24622, 35.55673], [127.25725, 35.55675], [127.25728, 35.54774], [127.24625, 35.54772]]]}, "properties": {"grid_id": "다마7728", "region_type_cd": "RURAL", "households": 5, "buildings": 4, "avg_score": 40.1, "risk_level_cd": "warn"}}, {"type": "Feature", "geometry": {"type": "Polygon", "coordinates": [[[127.24622, 35.55673], [127.24619, 35.56575], [127.25723, 35.56577], [127.25725, 35.55675], [127.24622, 35.55673]]]}, "properties": {"grid_id": "다마7729", "region_type_cd": "RURAL", "households": 2, "buildings": 2, "avg_score": 23.1, "risk_level_cd": "ok"}}, {"type": "Feature", "geometry": {"type": "Polygon", "coordinates": [[[127.24616, 35.57477], [127.24613, 35.58378], [127.25717, 35.5838], [127.2572, 35.57479], [127.24616, 35.57477]]]}, "properties": {"grid_id": "다마7731", "region_type_cd": "RURAL", "households": 8, "buildings": 19, "avg_score": 30.8, "risk_level_cd": "ok"}}, {"type": "Feature", "geometry": {"type": "Polygon", "coordinates": [[[127.24613, 35.58378], [127.24611, 35.5928], [127.25714, 35.59282], [127.25717, 35.5838], [127.24613, 35.58378]]]}, "properties": {"grid_id": "다마7732", "region_type_cd": "RURAL", "households": 8, "buildings": 5, "avg_score": 32.7, "risk_level_cd": "ok"}}, {"type": "Feature", "geometry": {"type": "Polygon", "coordinates": [[[127.24611, 35.5928], [127.24608, 35.60181], [127.25712, 35.60184], [127.25714, 35.59282], [127.24611, 35.5928]]]}, "properties": {"grid_id": "다마7733", "region_type_cd": "RURAL", "households": 4, "buildings": 3, "avg_score": 22.9, "risk_level_cd": "ok"}}, {"type": "Feature", "geometry": {"type": "Polygon", "coordinates": [[[127.24608, 35.60181], [127.24605, 35.61083], [127.25709, 35.61085], [127.25712, 35.60184], [127.24608, 35.60181]]]}, "properties": {"grid_id": "다마7734", "region_type_cd": "RURAL", "households": 11, "buildings": 22, "avg_score": 29.2, "risk_level_cd": "ok"}}, {"type": "Feature", "geometry": {"type": "Polygon", "coordinates": [[[127.24605, 35.61083], [127.24602, 35.61985], [127.25706, 35.61987], [127.25709, 35.61085], [127.24605, 35.61083]]]}, "properties": {"grid_id": "다마7735", "region_type_cd": "RURAL", "households": 14, "buildings": 20, "avg_score": 35.6, "risk_level_cd": "warn"}}, {"type": "Feature", "geometry": {"type": "Polygon", "coordinates": [[[127.24602, 35.61985], [127.24599, 35.62886], [127.25704, 35.62889], [127.25706, 35.61987], [127.24602, 35.61985]]]}, "properties": {"grid_id": "다마7736", "region_type_cd": "RURAL", "households": 6, "buildings": 1, "avg_score": 23.4, "risk_level_cd": "ok"}}, {"type": "Feature", "geometry": {"type": "Polygon", "coordinates": [[[127.24593, 35.6469], [127.24591, 35.65591], [127.25695, 35.65594], [127.25698, 35.64692], [127.24593, 35.6469]]]}, "properties": {"grid_id": "다마7739", "region_type_cd": "RURAL", "households": 4, "buildings": 8, "avg_score": 49.7, "risk_level_cd": "warn"}}, {"type": "Feature", "geometry": {"type": "Polygon", "coordinates": [[[127.24582, 35.68296], [127.24579, 35.69198], [127.25684, 35.692], [127.25687, 35.68299], [127.24582, 35.68296]]]}, "properties": {"grid_id": "다마7743", "region_type_cd": "RURAL", "households": 15, "buildings": 32, "avg_score": 26.8, "risk_level_cd": "ok"}}, {"type": "Feature", "geometry": {"type": "Polygon", "coordinates": [[[127.24565, 35.73706], [127.24562, 35.74608], [127.25668, 35.7461], [127.25671, 35.73708], [127.24565, 35.73706]]]}, "properties": {"grid_id": "다마7749", "region_type_cd": "RURAL", "households": 5, "buildings": 4, "avg_score": 35.1, "risk_level_cd": "warn"}}, {"type": "Feature", "geometry": {"type": "Polygon", "coordinates": [[[127.24562, 35.74608], [127.24559, 35.75509], [127.25665, 35.75512], [127.25668, 35.7461], [127.24562, 35.74608]]]}, "properties": {"grid_id": "다마7750", "region_type_cd": "RURAL", "households": 2, "buildings": 1, "avg_score": 19.1, "risk_level_cd": "ok"}}, {"type": "Feature", "geometry": {"type": "Polygon", "coordinates": [[[127.2575, 35.47561], [127.25747, 35.48462], [127.26849, 35.48464], [127.26852, 35.47563], [127.2575, 35.47561]]]}, "properties": {"grid_id": "다마7820", "region_type_cd": "RURAL", "households": 15, "buildings": 42, "avg_score": 33.7, "risk_level_cd": "ok"}}, {"type": "Feature", "geometry": {"type": "Polygon", "coordinates": [[[127.25747, 35.48462], [127.25744, 35.49364], [127.26847, 35.49366], [127.26849, 35.48464], [127.25747, 35.48462]]]}, "properties": {"grid_id": "다마7821", "region_type_cd": "RURAL", "households": 14, "buildings": 38, "avg_score": 35.5, "risk_level_cd": "warn"}}, {"type": "Feature", "geometry": {"type": "Polygon", "coordinates": [[[127.25744, 35.49364], [127.25742, 35.50266], [127.26844, 35.50268], [127.26847, 35.49366], [127.25744, 35.49364]]]}, "properties": {"grid_id": "다마7822", "region_type_cd": "RURAL", "households": 9, "buildings": 14, "avg_score": 29.9, "risk_level_cd": "ok"}}, {"type": "Feature", "geometry": {"type": "Polygon", "coordinates": [[[127.25739, 35.51167], [127.25736, 35.52069], [127.26839, 35.52071], [127.26842, 35.51169], [127.25739, 35.51167]]]}, "properties": {"grid_id": "다마7824", "region_type_cd": "RURAL", "households": 3, "buildings": 2, "avg_score": 42.9, "risk_level_cd": "warn"}}, {"type": "Feature", "geometry": {"type": "Polygon", "coordinates": [[[127.25731, 35.53872], [127.25728, 35.54774], [127.26831, 35.54776], [127.26834, 35.53874], [127.25731, 35.53872]]]}, "properties": {"grid_id": "다마7827", "region_type_cd": "RURAL", "households": 8, "buildings": 13, "avg_score": 28.6, "risk_level_cd": "ok"}}, {"type": "Feature", "geometry": {"type": "Polygon", "coordinates": [[[127.25728, 35.54774], [127.25725, 35.55675], [127.26829, 35.55678], [127.26831, 35.54776], [127.25728, 35.54774]]]}, "properties": {"grid_id": "다마7828", "region_type_cd": "RURAL", "households": 7, "buildings": 17, "avg_score": 35.1, "risk_level_cd": "warn"}}, {"type": "Feature", "geometry": {"type": "Polygon", "coordinates": [[[127.25723, 35.56577], [127.2572, 35.57479], [127.26823, 35.57481], [127.26826, 35.56579], [127.25723, 35.56577]]]}, "properties": {"grid_id": "다마7830", "region_type_cd": "RURAL", "households": 11, "buildings": 9, "avg_score": 32.4, "risk_level_cd": "ok"}}, {"type": "Feature", "geometry": {"type": "Polygon", "coordinates": [[[127.2572, 35.57479], [127.25717, 35.5838], [127.26821, 35.58383], [127.26823, 35.57481], [127.2572, 35.57479]]]}, "properties": {"grid_id": "다마7831", "region_type_cd": "RURAL", "households": 13, "buildings": 27, "avg_score": 23.2, "risk_level_cd": "ok"}}, {"type": "Feature", "geometry": {"type": "Polygon", "coordinates": [[[127.25717, 35.5838], [127.25714, 35.59282], [127.26818, 35.59284], [127.26821, 35.58383], [127.25717, 35.5838]]]}, "properties": {"grid_id": "다마7832", "region_type_cd": "RURAL", "households": 14, "buildings": 20, "avg_score": 27.8, "risk_level_cd": "ok"}}, {"type": "Feature", "geometry": {"type": "Polygon", "coordinates": [[[127.25714, 35.59282], [127.25712, 35.60184], [127.26816, 35.60186], [127.26818, 35.59284], [127.25714, 35.59282]]]}, "properties": {"grid_id": "다마7833", "region_type_cd": "RURAL", "households": 7, "buildings": 4, "avg_score": 31.8, "risk_level_cd": "ok"}}, {"type": "Feature", "geometry": {"type": "Polygon", "coordinates": [[[127.25712, 35.60184], [127.25709, 35.61085], [127.26813, 35.61088], [127.26816, 35.60186], [127.25712, 35.60184]]]}, "properties": {"grid_id": "다마7834", "region_type_cd": "RURAL", "households": 58, "buildings": 11, "avg_score": 92.4, "risk_level_cd": "danger"}}, {"type": "Feature", "geometry": {"type": "Polygon", "coordinates": [[[127.25709, 35.61085], [127.25706, 35.61987], [127.2681, 35.61989], [127.26813, 35.61088], [127.25709, 35.61085]]]}, "properties": {"grid_id": "다마7835", "region_type_cd": "RURAL", "households": 4, "buildings": 1, "avg_score": 50.9, "risk_level_cd": "warn"}}, {"type": "Feature", "geometry": {"type": "Polygon", "coordinates": [[[127.25706, 35.61987], [127.25704, 35.62889], [127.26808, 35.62891], [127.2681, 35.61989], [127.25706, 35.61987]]]}, "properties": {"grid_id": "다마7836", "region_type_cd": "RURAL", "households": 1, "buildings": 3, "avg_score": 25.6, "risk_level_cd": "ok"}}, {"type": "Feature", "geometry": {"type": "Polygon", "coordinates": [[[127.25695, 35.65594], [127.25693, 35.66495], [127.26797, 35.66497], [127.268, 35.65596], [127.25695, 35.65594]]]}, "properties": {"grid_id": "다마7840", "region_type_cd": "RURAL", "households": 52, "buildings": 113, "avg_score": 22.4, "risk_level_cd": "ok"}}, {"type": "Feature", "geometry": {"type": "Polygon", "coordinates": [[[127.25693, 35.66495], [127.2569, 35.67397], [127.26795, 35.67399], [127.26797, 35.66497], [127.25693, 35.66495]]]}, "properties": {"grid_id": "다마7841", "region_type_cd": "RURAL", "households": 46, "buildings": 11, "avg_score": 20.6, "risk_level_cd": "ok"}}, {"type": "Feature", "geometry": {"type": "Polygon", "coordinates": [[[127.2569, 35.67397], [127.25687, 35.68299], [127.26792, 35.68301], [127.26795, 35.67399], [127.2569, 35.67397]]]}, "properties": {"grid_id": "다마7842", "region_type_cd": "RURAL", "households": 55, "buildings": 5, "avg_score": 14.7, "risk_level_cd": "ok"}}, {"type": "Feature", "geometry": {"type": "Polygon", "coordinates": [[[127.25687, 35.68299], [127.25684, 35.692], [127.2679, 35.69202], [127.26792, 35.68301], [127.25687, 35.68299]]]}, "properties": {"grid_id": "다마7843", "region_type_cd": "RURAL", "households": 5, "buildings": 2, "avg_score": 17.3, "risk_level_cd": "ok"}}, {"type": "Feature", "geometry": {"type": "Polygon", "coordinates": [[[127.25684, 35.692], [127.25682, 35.70102], [127.26787, 35.70104], [127.2679, 35.69202], [127.25684, 35.692]]]}, "properties": {"grid_id": "다마7844", "region_type_cd": "RURAL", "households": 4, "buildings": 1, "avg_score": 24.4, "risk_level_cd": "ok"}}, {"type": "Feature", "geometry": {"type": "Polygon", "coordinates": [[[127.25682, 35.70102], [127.25679, 35.71003], [127.26784, 35.71006], [127.26787, 35.70104], [127.25682, 35.70102]]]}, "properties": {"grid_id": "다마7845", "region_type_cd": "RURAL", "households": 5, "buildings": 6, "avg_score": 25.0, "risk_level_cd": "ok"}}, {"type": "Feature", "geometry": {"type": "Polygon", "coordinates": [[[127.25679, 35.71003], [127.25676, 35.71905], [127.26782, 35.71907], [127.26784, 35.71006], [127.25679, 35.71003]]]}, "properties": {"grid_id": "다마7846", "region_type_cd": "RURAL", "households": 6, "buildings": 3, "avg_score": 25.2, "risk_level_cd": "ok"}}, {"type": "Feature", "geometry": {"type": "Polygon", "coordinates": [[[127.25676, 35.71905], [127.25673, 35.72807], [127.26779, 35.72809], [127.26782, 35.71907], [127.25676, 35.71905]]]}, "properties": {"grid_id": "다마7847", "region_type_cd": "RURAL", "households": 16, "buildings": 26, "avg_score": 22.9, "risk_level_cd": "ok"}}, {"type": "Feature", "geometry": {"type": "Polygon", "coordinates": [[[127.25671, 35.73708], [127.25668, 35.7461], [127.26774, 35.74612], [127.26777, 35.7371], [127.25671, 35.73708]]]}, "properties": {"grid_id": "다마7849", "region_type_cd": "RURAL", "households": 9, "buildings": 20, "avg_score": 32.2, "risk_level_cd": "ok"}}, {"type": "Feature", "geometry": {"type": "Polygon", "coordinates": [[[127.25668, 35.7461], [127.25665, 35.75512], [127.26771, 35.75514], [127.26774, 35.74612], [127.25668, 35.7461]]]}, "properties": {"grid_id": "다마7850", "region_type_cd": "RURAL", "households": 3, "buildings": 1, "avg_score": 20.4, "risk_level_cd": "ok"}}, {"type": "Feature", "geometry": {"type": "Polygon", "coordinates": [[[127.25662, 35.76413], [127.2566, 35.77315], [127.26766, 35.77317], [127.26769, 35.76415], [127.25662, 35.76413]]]}, "properties": {"grid_id": "다마7852", "region_type_cd": "RURAL", "households": 1, "buildings": 2, "avg_score": 29.1, "risk_level_cd": "ok"}}, {"type": "Feature", "geometry": {"type": "Polygon", "coordinates": [[[127.26852, 35.47563], [127.26849, 35.48464], [127.27952, 35.48466], [127.27954, 35.47565], [127.26852, 35.47563]]]}, "properties": {"grid_id": "다마7920", "region_type_cd": "RURAL", "households": 8, "buildings": 25, "avg_score": 37.7, "risk_level_cd": "warn"}}, {"type": "Feature", "geometry": {"type": "Polygon", "coordinates": [[[127.26849, 35.48464], [127.26847, 35.49366], [127.27949, 35.49368], [127.27952, 35.48466], [127.26849, 35.48464]]]}, "properties": {"grid_id": "다마7921", "region_type_cd": "RURAL", "households": 8, "buildings": 3, "avg_score": 43.1, "risk_level_cd": "warn"}}, {"type": "Feature", "geometry": {"type": "Polygon", "coordinates": [[[127.26847, 35.49366], [127.26844, 35.50268], [127.27947, 35.5027], [127.27949, 35.49368], [127.26847, 35.49366]]]}, "properties": {"grid_id": "다마7922", "region_type_cd": "RURAL", "households": 16, "buildings": 47, "avg_score": 34.6, "risk_level_cd": "ok"}}, {"type": "Feature", "geometry": {"type": "Polygon", "coordinates": [[[127.26844, 35.50268], [127.26842, 35.51169], [127.27944, 35.51171], [127.27947, 35.5027], [127.26844, 35.50268]]]}, "properties": {"grid_id": "다마7923", "region_type_cd": "RURAL", "households": 23, "buildings": 76, "avg_score": 34.5, "risk_level_cd": "ok"}}, {"type": "Feature", "geometry": {"type": "Polygon", "coordinates": [[[127.26842, 35.51169], [127.26839, 35.52071], [127.27942, 35.52073], [127.27944, 35.51171], [127.26842, 35.51169]]]}, "properties": {"grid_id": "다마7924", "region_type_cd": "RURAL", "households": 7, "buildings": 7, "avg_score": 46.6, "risk_level_cd": "warn"}}, {"type": "Feature", "geometry": {"type": "Polygon", "coordinates": [[[127.26839, 35.52071], [127.26836, 35.52973], [127.27939, 35.52975], [127.27942, 35.52073], [127.26839, 35.52071]]]}, "properties": {"grid_id": "다마7925", "region_type_cd": "RURAL", "households": 8, "buildings": 46, "avg_score": 32.8, "risk_level_cd": "ok"}}, {"type": "Feature", "geometry": {"type": "Polygon", "coordinates": [[[127.26836, 35.52973], [127.26834, 35.53874], [127.27937, 35.53876], [127.27939, 35.52975], [127.26836, 35.52973]]]}, "properties": {"grid_id": "다마7926", "region_type_cd": "RURAL", "households": 8, "buildings": 14, "avg_score": 37.3, "risk_level_cd": "warn"}}, {"type": "Feature", "geometry": {"type": "Polygon", "coordinates": [[[127.26834, 35.53874], [127.26831, 35.54776], [127.27935, 35.54778], [127.27937, 35.53876], [127.26834, 35.53874]]]}, "properties": {"grid_id": "다마7927", "region_type_cd": "RURAL", "households": 4, "buildings": 2, "avg_score": 29.4, "risk_level_cd": "ok"}}, {"type": "Feature", "geometry": {"type": "Polygon", "coordinates": [[[127.26831, 35.54776], [127.26829, 35.55678], [127.27932, 35.5568], [127.27935, 35.54778], [127.26831, 35.54776]]]}, "properties": {"grid_id": "다마7928", "region_type_cd": "RURAL", "households": 4, "buildings": 2, "avg_score": 28.6, "risk_level_cd": "ok"}}, {"type": "Feature", "geometry": {"type": "Polygon", "coordinates": [[[127.26823, 35.57481], [127.26821, 35.58383], [127.27925, 35.58385], [127.27927, 35.57483], [127.26823, 35.57481]]]}, "properties": {"grid_id": "다마7931", "region_type_cd": "RURAL", "households": 8, "buildings": 10, "avg_score": 27.7, "risk_level_cd": "ok"}}, {"type": "Feature", "geometry": {"type": "Polygon", "coordinates": [[[127.26821, 35.58383], [127.26818, 35.59284], [127.27922, 35.59286], [127.27925, 35.58385], [127.26821, 35.58383]]]}, "properties": {"grid_id": "다마7932", "region_type_cd": "RURAL", "households": 8, "buildings": 8, "avg_score": 26.4, "risk_level_cd": "ok"}}, {"type": "Feature", "geometry": {"type": "Polygon", "coordinates": [[[127.26818, 35.59284], [127.26816, 35.60186], [127.2792, 35.60188], [127.27922, 35.59286], [127.26818, 35.59284]]]}, "properties": {"grid_id": "다마7933", "region_type_cd": "RURAL", "households": 24, "buildings": 4, "avg_score": 52.5, "risk_level_cd": "warn"}}, {"type": "Feature", "geometry": {"type": "Polygon", "coordinates": [[[127.26816, 35.60186], [127.26813, 35.61088], [127.27917, 35.6109], [127.2792, 35.60188], [127.26816, 35.60186]]]}, "properties": {"grid_id": "다마7934", "region_type_cd": "BUFFER", "households": 181, "buildings": 97, "avg_score": 49.9, "risk_level_cd": "warn"}}, {"type": "Feature", "geometry": {"type": "Polygon", "coordinates": [[[127.26813, 35.61088], [127.2681, 35.61989], [127.27915, 35.61991], [127.27917, 35.6109], [127.26813, 35.61088]]]}, "properties": {"grid_id": "다마7935", "region_type_cd": "BUFFER", "households": 329, "buildings": 145, "avg_score": 85.7, "risk_level_cd": "danger"}}, {"type": "Feature", "geometry": {"type": "Polygon", "coordinates": [[[127.26808, 35.62891], [127.26805, 35.63792], [127.2791, 35.63795], [127.27912, 35.62893], [127.26808, 35.62891]]]}, "properties": {"grid_id": "다마7937", "region_type_cd": "RURAL", "households": 9, "buildings": 1, "avg_score": 29.7, "risk_level_cd": "ok"}}, {"type": "Feature", "geometry": {"type": "Polygon", "coordinates": [[[127.26805, 35.63792], [127.26803, 35.64694], [127.27907, 35.64696], [127.2791, 35.63795], [127.26805, 35.63792]]]}, "properties": {"grid_id": "다마7938", "region_type_cd": "RURAL", "households": 11, "buildings": 9, "avg_score": 35.6, "risk_level_cd": "warn"}}, {"type": "Feature", "geometry": {"type": "Polygon", "coordinates": [[[127.26803, 35.64694], [127.268, 35.65596], [127.27905, 35.65598], [127.27907, 35.64696], [127.26803, 35.64694]]]}, "properties": {"grid_id": "다마7939", "region_type_cd": "RURAL", "households": 23, "buildings": 49, "avg_score": 27.6, "risk_level_cd": "ok"}}, {"type": "Feature", "geometry": {"type": "Polygon", "coordinates": [[[127.268, 35.65596], [127.26797, 35.66497], [127.27902, 35.66499], [127.27905, 35.65598], [127.268, 35.65596]]]}, "properties": {"grid_id": "다마7940", "region_type_cd": "RURAL", "households": 37, "buildings": 41, "avg_score": 20.3, "risk_level_cd": "ok"}}, {"type": "Feature", "geometry": {"type": "Polygon", "coordinates": [[[127.26797, 35.66497], [127.26795, 35.67399], [127.279, 35.67401], [127.27902, 35.66499], [127.26797, 35.66497]]]}, "properties": {"grid_id": "다마7941", "region_type_cd": "RURAL", "households": 75, "buildings": 54, "avg_score": 15.8, "risk_level_cd": "ok"}}, {"type": "Feature", "geometry": {"type": "Polygon", "coordinates": [[[127.26795, 35.67399], [127.26792, 35.68301], [127.27897, 35.68303], [127.279, 35.67401], [127.26795, 35.67399]]]}, "properties": {"grid_id": "다마7942", "region_type_cd": "BUFFER", "households": 150, "buildings": 170, "avg_score": 37.1, "risk_level_cd": "warn"}}, {"type": "Feature", "geometry": {"type": "Polygon", "coordinates": [[[127.26792, 35.68301], [127.2679, 35.69202], [127.27895, 35.69204], [127.27897, 35.68303], [127.26792, 35.68301]]]}, "properties": {"grid_id": "다마7943", "region_type_cd": "RURAL", "households": 77, "buildings": 31, "avg_score": 21.7, "risk_level_cd": "ok"}}, {"type": "Feature", "geometry": {"type": "Polygon", "coordinates": [[[127.2679, 35.69202], [127.26787, 35.70104], [127.27892, 35.70106], [127.27895, 35.69204], [127.2679, 35.69202]]]}, "properties": {"grid_id": "다마7944", "region_type_cd": "RURAL", "households": 9, "buildings": 20, "avg_score": 18.5, "risk_level_cd": "ok"}}, {"type": "Feature", "geometry": {"type": "Polygon", "coordinates": [[[127.26787, 35.70104], [127.26784, 35.71006], [127.2789, 35.71008], [127.27892, 35.70106], [127.26787, 35.70104]]]}, "properties": {"grid_id": "다마7945", "region_type_cd": "RURAL", "households": 10, "buildings": 23, "avg_score": 25.5, "risk_level_cd": "ok"}}, {"type": "Feature", "geometry": {"type": "Polygon", "coordinates": [[[127.26784, 35.71006], [127.26782, 35.71907], [127.27887, 35.71909], [127.2789, 35.71008], [127.26784, 35.71006]]]}, "properties": {"grid_id": "다마7946", "region_type_cd": "RURAL", "households": 6, "buildings": 6, "avg_score": 22.7, "risk_level_cd": "ok"}}, {"type": "Feature", "geometry": {"type": "Polygon", "coordinates": [[[127.26782, 35.71907], [127.26779, 35.72809], [127.27885, 35.72811], [127.27887, 35.71909], [127.26782, 35.71907]]]}, "properties": {"grid_id": "다마7947", "region_type_cd": "RURAL", "households": 7, "buildings": 3, "avg_score": 25.2, "risk_level_cd": "ok"}}, {"type": "Feature", "geometry": {"type": "Polygon", "coordinates": [[[127.26779, 35.72809], [127.26777, 35.7371], [127.27882, 35.73713], [127.27885, 35.72811], [127.26779, 35.72809]]]}, "properties": {"grid_id": "다마7948", "region_type_cd": "RURAL", "households": 3, "buildings": 1, "avg_score": 33.5, "risk_level_cd": "ok"}}, {"type": "Feature", "geometry": {"type": "Polygon", "coordinates": [[[127.26774, 35.74612], [127.26771, 35.75514], [127.27877, 35.75516], [127.2788, 35.74614], [127.26774, 35.74612]]]}, "properties": {"grid_id": "다마7950", "region_type_cd": "RURAL", "households": 1, "buildings": 2, "avg_score": 19.0, "risk_level_cd": "ok"}}, {"type": "Feature", "geometry": {"type": "Polygon", "coordinates": [[[127.26771, 35.75514], [127.26769, 35.76415], [127.27875, 35.76417], [127.27877, 35.75516], [127.26771, 35.75514]]]}, "properties": {"grid_id": "다마7951", "region_type_cd": "RURAL", "households": 2, "buildings": 2, "avg_score": 19.6, "risk_level_cd": "ok"}}, {"type": "Feature", "geometry": {"type": "Polygon", "coordinates": [[[127.27954, 35.47565], [127.27952, 35.48466], [127.29054, 35.48468], [127.29057, 35.47567], [127.27954, 35.47565]]]}, "properties": {"grid_id": "다마8020", "region_type_cd": "RURAL", "households": 8, "buildings": 26, "avg_score": 43.3, "risk_level_cd": "warn"}}, {"type": "Feature", "geometry": {"type": "Polygon", "coordinates": [[[127.27952, 35.48466], [127.27949, 35.49368], [127.29052, 35.4937], [127.29054, 35.48468], [127.27952, 35.48466]]]}, "properties": {"grid_id": "다마8021", "region_type_cd": "RURAL", "households": 5, "buildings": 14, "avg_score": 40.0, "risk_level_cd": "warn"}}, {"type": "Feature", "geometry": {"type": "Polygon", "coordinates": [[[127.27949, 35.49368], [127.27947, 35.5027], [127.2905, 35.50272], [127.29052, 35.4937], [127.27949, 35.49368]]]}, "properties": {"grid_id": "다마8022", "region_type_cd": "RURAL", "households": 3, "buildings": 9, "avg_score": 91.1, "risk_level_cd": "danger"}}, {"type": "Feature", "geometry": {"type": "Polygon", "coordinates": [[[127.27947, 35.5027], [127.27944, 35.51171], [127.29047, 35.51173], [127.2905, 35.50272], [127.27947, 35.5027]]]}, "properties": {"grid_id": "다마8023", "region_type_cd": "RURAL", "households": 5, "buildings": 7, "avg_score": 47.0, "risk_level_cd": "warn"}}, {"type": "Feature", "geometry": {"type": "Polygon", "coordinates": [[[127.27944, 35.51171], [127.27942, 35.52073], [127.29045, 35.52075], [127.29047, 35.51173], [127.27944, 35.51171]]]}, "properties": {"grid_id": "다마8024", "region_type_cd": "RURAL", "households": 13, "buildings": 52, "avg_score": 41.4, "risk_level_cd": "warn"}}, {"type": "Feature", "geometry": {"type": "Polygon", "coordinates": [[[127.27942, 35.52073], [127.27939, 35.52975], [127.29043, 35.52977], [127.29045, 35.52075], [127.27942, 35.52073]]]}, "properties": {"grid_id": "다마8025", "region_type_cd": "RURAL", "households": 9, "buildings": 22, "avg_score": 41.2, "risk_level_cd": "warn"}}, {"type": "Feature", "geometry": {"type": "Polygon", "coordinates": [[[127.27939, 35.52975], [127.27937, 35.53876], [127.2904, 35.53878], [127.29043, 35.52977], [127.27939, 35.52975]]]}, "properties": {"grid_id": "다마8026", "region_type_cd": "RURAL", "households": 9, "buildings": 34, "avg_score": 36.7, "risk_level_cd": "warn"}}, {"type": "Feature", "geometry": {"type": "Polygon", "coordinates": [[[127.27937, 35.53876], [127.27935, 35.54778], [127.29038, 35.5478], [127.2904, 35.53878], [127.27937, 35.53876]]]}, "properties": {"grid_id": "다마8027", "region_type_cd": "RURAL", "households": 7, "buildings": 15, "avg_score": 32.3, "risk_level_cd": "ok"}}, {"type": "Feature", "geometry": {"type": "Polygon", "coordinates": [[[127.2792, 35.60188], [127.27917, 35.6109], [127.29021, 35.61092], [127.29024, 35.6019], [127.2792, 35.60188]]]}, "properties": {"grid_id": "다마8034", "region_type_cd": "RURAL", "households": 304, "buildings": 14, "avg_score": 68.3, "risk_level_cd": "warn"}}, {"type": "Feature", "geometry": {"type": "Polygon", "coordinates": [[[127.27917, 35.6109], [127.27915, 35.61991], [127.29019, 35.61993], [127.29021, 35.61092], [127.27917, 35.6109]]]}, "properties": {"grid_id": "다마8035", "region_type_cd": "URBAN", "households": 604, "buildings": 311, "avg_score": 56.0, "risk_level_cd": "warn"}}, {"type": "Feature", "geometry": {"type": "Polygon", "coordinates": [[[127.27915, 35.61991], [127.27912, 35.62893], [127.29017, 35.62895], [127.29019, 35.61993], [127.27915, 35.61991]]]}, "properties": {"grid_id": "다마8036", "region_type_cd": "RURAL", "households": 73, "buildings": 17, "avg_score": 23.9, "risk_level_cd": "ok"}}, {"type": "Feature", "geometry": {"type": "Polygon", "coordinates": [[[127.27912, 35.62893], [127.2791, 35.63795], [127.29014, 35.63797], [127.29017, 35.62895], [127.27912, 35.62893]]]}, "properties": {"grid_id": "다마8037", "region_type_cd": "RURAL", "households": 35, "buildings": 71, "avg_score": 31.0, "risk_level_cd": "ok"}}, {"type": "Feature", "geometry": {"type": "Polygon", "coordinates": [[[127.2791, 35.63795], [127.27907, 35.64696], [127.29012, 35.64698], [127.29014, 35.63797], [127.2791, 35.63795]]]}, "properties": {"grid_id": "다마8038", "region_type_cd": "RURAL", "households": 11, "buildings": 9, "avg_score": 34.7, "risk_level_cd": "ok"}}, {"type": "Feature", "geometry": {"type": "Polygon", "coordinates": [[[127.27907, 35.64696], [127.27905, 35.65598], [127.2901, 35.656], [127.29012, 35.64698], [127.27907, 35.64696]]]}, "properties": {"grid_id": "다마8039", "region_type_cd": "RURAL", "households": 14, "buildings": 34, "avg_score": 30.8, "risk_level_cd": "ok"}}, {"type": "Feature", "geometry": {"type": "Polygon", "coordinates": [[[127.27905, 35.65598], [127.27902, 35.66499], [127.29007, 35.66501], [127.2901, 35.656], [127.27905, 35.65598]]]}, "properties": {"grid_id": "다마8040", "region_type_cd": "RURAL", "households": 27, "buildings": 45, "avg_score": 19.4, "risk_level_cd": "ok"}}, {"type": "Feature", "geometry": {"type": "Polygon", "coordinates": [[[127.27902, 35.66499], [127.279, 35.67401], [127.29005, 35.67403], [127.29007, 35.66501], [127.27902, 35.66499]]]}, "properties": {"grid_id": "다마8041", "region_type_cd": "RURAL", "households": 34, "buildings": 41, "avg_score": 23.6, "risk_level_cd": "ok"}}, {"type": "Feature", "geometry": {"type": "Polygon", "coordinates": [[[127.279, 35.67401], [127.27897, 35.68303], [127.29002, 35.68305], [127.29005, 35.67403], [127.279, 35.67401]]]}, "properties": {"grid_id": "다마8042", "region_type_cd": "RURAL", "households": 71, "buildings": 34, "avg_score": 14.4, "risk_level_cd": "ok"}}, {"type": "Feature", "geometry": {"type": "Polygon", "coordinates": [[[127.27897, 35.68303], [127.27895, 35.69204], [127.29, 35.69206], [127.29002, 35.68305], [127.27897, 35.68303]]]}, "properties": {"grid_id": "다마8043", "region_type_cd": "RURAL", "households": 9, "buildings": 3, "avg_score": 21.4, "risk_level_cd": "ok"}}, {"type": "Feature", "geometry": {"type": "Polygon", "coordinates": [[[127.27895, 35.69204], [127.27892, 35.70106], [127.28998, 35.70108], [127.29, 35.69206], [127.27895, 35.69204]]]}, "properties": {"grid_id": "다마8044", "region_type_cd": "RURAL", "households": 9, "buildings": 20, "avg_score": 20.6, "risk_level_cd": "ok"}}, {"type": "Feature", "geometry": {"type": "Polygon", "coordinates": [[[127.27892, 35.70106], [127.2789, 35.71008], [127.28995, 35.7101], [127.28998, 35.70108], [127.27892, 35.70106]]]}, "properties": {"grid_id": "다마8045", "region_type_cd": "RURAL", "households": 12, "buildings": 31, "avg_score": 71.3, "risk_level_cd": "danger"}}, {"type": "Feature", "geometry": {"type": "Polygon", "coordinates": [[[127.27885, 35.72811], [127.27882, 35.73713], [127.28988, 35.73715], [127.28991, 35.72813], [127.27885, 35.72811]]]}, "properties": {"grid_id": "다마8048", "region_type_cd": "RURAL", "households": 4, "buildings": 7, "avg_score": 25.2, "risk_level_cd": "ok"}}, {"type": "Feature", "geometry": {"type": "Polygon", "coordinates": [[[127.29052, 35.4937], [127.2905, 35.50272], [127.30152, 35.50274], [127.30154, 35.49372], [127.29052, 35.4937]]]}, "properties": {"grid_id": "다마8122", "region_type_cd": "RURAL", "households": 3, "buildings": 8, "avg_score": 98.1, "risk_level_cd": "danger"}}, {"type": "Feature", "geometry": {"type": "Polygon", "coordinates": [[[127.2905, 35.50272], [127.29047, 35.51173], [127.3015, 35.51175], [127.30152, 35.50274], [127.2905, 35.50272]]]}, "properties": {"grid_id": "다마8123", "region_type_cd": "RURAL", "households": 8, "buildings": 37, "avg_score": 39.8, "risk_level_cd": "warn"}}, {"type": "Feature", "geometry": {"type": "Polygon", "coordinates": [[[127.29047, 35.51173], [127.29045, 35.52075], [127.30148, 35.52077], [127.3015, 35.51175], [127.29047, 35.51173]]]}, "properties": {"grid_id": "다마8124", "region_type_cd": "RURAL", "households": 8, "buildings": 14, "avg_score": 31.2, "risk_level_cd": "ok"}}, {"type": "Feature", "geometry": {"type": "Polygon", "coordinates": [[[127.29045, 35.52075], [127.29043, 35.52977], [127.30146, 35.52979], [127.30148, 35.52077], [127.29045, 35.52075]]]}, "properties": {"grid_id": "다마8125", "region_type_cd": "RURAL", "households": 3, "buildings": 3, "avg_score": 25.1, "risk_level_cd": "ok"}}, {"type": "Feature", "geometry": {"type": "Polygon", "coordinates": [[[127.29043, 35.52977], [127.2904, 35.53878], [127.30143, 35.5388], [127.30146, 35.52979], [127.29043, 35.52977]]]}, "properties": {"grid_id": "다마8126", "region_type_cd": "RURAL", "households": 9, "buildings": 30, "avg_score": 35.1, "risk_level_cd": "warn"}}, {"type": "Feature", "geometry": {"type": "Polygon", "coordinates": [[[127.2904, 35.53878], [127.29038, 35.5478], [127.30141, 35.54782], [127.30143, 35.5388], [127.2904, 35.53878]]]}, "properties": {"grid_id": "다마8127", "region_type_cd": "RURAL", "households": 10, "buildings": 12, "avg_score": 25.0, "risk_level_cd": "ok"}}, {"type": "Feature", "geometry": {"type": "Polygon", "coordinates": [[[127.29038, 35.5478], [127.29035, 35.55682], [127.30139, 35.55684], [127.30141, 35.54782], [127.29038, 35.5478]]]}, "properties": {"grid_id": "다마8128", "region_type_cd": "RURAL", "households": 11, "buildings": 12, "avg_score": 26.5, "risk_level_cd": "ok"}}, {"type": "Feature", "geometry": {"type": "Polygon", "coordinates": [[[127.29035, 35.55682], [127.29033, 35.56583], [127.30137, 35.56585], [127.30139, 35.55684], [127.29035, 35.55682]]]}, "properties": {"grid_id": "다마8129", "region_type_cd": "RURAL", "households": 14, "buildings": 30, "avg_score": 28.3, "risk_level_cd": "ok"}}, {"type": "Feature", "geometry": {"type": "Polygon", "coordinates": [[[127.29033, 35.56583], [127.29031, 35.57485], [127.30134, 35.57487], [127.30137, 35.56585], [127.29033, 35.56583]]]}, "properties": {"grid_id": "다마8130", "region_type_cd": "RURAL", "households": 7, "buildings": 1, "avg_score": 17.4, "risk_level_cd": "ok"}}, {"type": "Feature", "geometry": {"type": "Polygon", "coordinates": [[[127.29024, 35.6019], [127.29021, 35.61092], [127.30125, 35.61093], [127.30128, 35.60192], [127.29024, 35.6019]]]}, "properties": {"grid_id": "다마8134", "region_type_cd": "BUFFER", "households": 61, "buildings": 26, "avg_score": 30.6, "risk_level_cd": "ok"}}, {"type": "Feature", "geometry": {"type": "Polygon", "coordinates": [[[127.29021, 35.61092], [127.29019, 35.61993], [127.30123, 35.61995], [127.30125, 35.61093], [127.29021, 35.61092]]]}, "properties": {"grid_id": "다마8135", "region_type_cd": "RURAL", "households": 155, "buildings": 3, "avg_score": 33.6, "risk_level_cd": "ok"}}, {"type": "Feature", "geometry": {"type": "Polygon", "coordinates": [[[127.29019, 35.61993], [127.29017, 35.62895], [127.30121, 35.62897], [127.30123, 35.61995], [127.29019, 35.61993]]]}, "properties": {"grid_id": "다마8136", "region_type_cd": "RURAL", "households": 88, "buildings": 54, "avg_score": 28.2, "risk_level_cd": "ok"}}, {"type": "Feature", "geometry": {"type": "Polygon", "coordinates": [[[127.29017, 35.62895], [127.29014, 35.63797], [127.30119, 35.63798], [127.30121, 35.62897], [127.29017, 35.62895]]]}, "properties": {"grid_id": "다마8137", "region_type_cd": "RURAL", "households": 29, "buildings": 45, "avg_score": 29.1, "risk_level_cd": "ok"}}, {"type": "Feature", "geometry": {"type": "Polygon", "coordinates": [[[127.29014, 35.63797], [127.29012, 35.64698], [127.30117, 35.647], [127.30119, 35.63798], [127.29014, 35.63797]]]}, "properties": {"grid_id": "다마8138", "region_type_cd": "RURAL", "households": 15, "buildings": 14, "avg_score": 28.2, "risk_level_cd": "ok"}}, {"type": "Feature", "geometry": {"type": "Polygon", "coordinates": [[[127.29012, 35.64698], [127.2901, 35.656], [127.30114, 35.65602], [127.30117, 35.647], [127.29012, 35.64698]]]}, "properties": {"grid_id": "다마8139", "region_type_cd": "URBAN", "households": 1, "buildings": 1, "avg_score": 19.8, "risk_level_cd": "ok"}}, {"type": "Feature", "geometry": {"type": "Polygon", "coordinates": [[[127.2901, 35.656], [127.29007, 35.66501], [127.30112, 35.66503], [127.30114, 35.65602], [127.2901, 35.656]]]}, "properties": {"grid_id": "다마8140", "region_type_cd": "RURAL", "households": 21, "buildings": 41, "avg_score": 21.6, "risk_level_cd": "ok"}}, {"type": "Feature", "geometry": {"type": "Polygon", "coordinates": [[[127.29007, 35.66501], [127.29005, 35.67403], [127.3011, 35.67405], [127.30112, 35.66503], [127.29007, 35.66501]]]}, "properties": {"grid_id": "다마8141", "region_type_cd": "RURAL", "households": 6, "buildings": 2, "avg_score": 21.3, "risk_level_cd": "ok"}}, {"type": "Feature", "geometry": {"type": "Polygon", "coordinates": [[[127.29005, 35.67403], [127.29002, 35.68305], [127.30108, 35.68307], [127.3011, 35.67405], [127.29005, 35.67403]]]}, "properties": {"grid_id": "다마8142", "region_type_cd": "RURAL", "households": 10, "buildings": 20, "avg_score": 21.4, "risk_level_cd": "ok"}}, {"type": "Feature", "geometry": {"type": "Polygon", "coordinates": [[[127.28995, 35.7101], [127.28993, 35.71911], [127.30099, 35.71913], [127.30101, 35.71012], [127.28995, 35.7101]]]}, "properties": {"grid_id": "다마8146", "region_type_cd": "RURAL", "households": 15, "buildings": 13, "avg_score": 22.4, "risk_level_cd": "ok"}}, {"type": "Feature", "geometry": {"type": "Polygon", "coordinates": [[[127.30152, 35.50274], [127.3015, 35.51175], [127.31253, 35.51177], [127.31255, 35.50275], [127.30152, 35.50274]]]}, "properties": {"grid_id": "다마8223", "region_type_cd": "RURAL", "households": 7, "buildings": 15, "avg_score": 35.5, "risk_level_cd": "warn"}}, {"type": "Feature", "geometry": {"type": "Polygon", "coordinates": [[[127.3015, 35.51175], [127.30148, 35.52077], [127.31251, 35.52079], [127.31253, 35.51177], [127.3015, 35.51175]]]}, "properties": {"grid_id": "다마8224", "region_type_cd": "RURAL", "households": 4, "buildings": 20, "avg_score": 40.6, "risk_level_cd": "warn"}}, {"type": "Feature", "geometry": {"type": "Polygon", "coordinates": [[[127.30146, 35.52979], [127.30143, 35.5388], [127.31246, 35.53882], [127.31249, 35.5298], [127.30146, 35.52979]]]}, "properties": {"grid_id": "다마8226", "region_type_cd": "RURAL", "households": 11, "buildings": 36, "avg_score": 32.9, "risk_level_cd": "ok"}}, {"type": "Feature", "geometry": {"type": "Polygon", "coordinates": [[[127.30143, 35.5388], [127.30141, 35.54782], [127.31244, 35.54784], [127.31246, 35.53882], [127.30143, 35.5388]]]}, "properties": {"grid_id": "다마8227", "region_type_cd": "RURAL", "households": 11, "buildings": 17, "avg_score": 25.0, "risk_level_cd": "ok"}}, {"type": "Feature", "geometry": {"type": "Polygon", "coordinates": [[[127.30141, 35.54782], [127.30139, 35.55684], [127.31242, 35.55685], [127.31244, 35.54784], [127.30141, 35.54782]]]}, "properties": {"grid_id": "다마8228", "region_type_cd": "RURAL", "households": 11, "buildings": 13, "avg_score": 27.1, "risk_level_cd": "ok"}}, {"type": "Feature", "geometry": {"type": "Polygon", "coordinates": [[[127.30139, 35.55684], [127.30137, 35.56585], [127.3124, 35.56587], [127.31242, 35.55685], [127.30139, 35.55684]]]}, "properties": {"grid_id": "다마8229", "region_type_cd": "RURAL", "households": 12, "buildings": 22, "avg_score": 31.7, "risk_level_cd": "ok"}}, {"type": "Feature", "geometry": {"type": "Polygon", "coordinates": [[[127.30137, 35.56585], [127.30134, 35.57487], [127.31238, 35.57489], [127.3124, 35.56587], [127.30137, 35.56585]]]}, "properties": {"grid_id": "다마8230", "region_type_cd": "RURAL", "households": 16, "buildings": 26, "avg_score": 28.3, "risk_level_cd": "ok"}}, {"type": "Feature", "geometry": {"type": "Polygon", "coordinates": [[[127.30134, 35.57487], [127.30132, 35.58389], [127.31236, 35.5839], [127.31238, 35.57489], [127.30134, 35.57487]]]}, "properties": {"grid_id": "다마8231", "region_type_cd": "RURAL", "households": 21, "buildings": 49, "avg_score": 24.5, "risk_level_cd": "ok"}}, {"type": "Feature", "geometry": {"type": "Polygon", "coordinates": [[[127.30132, 35.58389], [127.3013, 35.5929], [127.31234, 35.59292], [127.31236, 35.5839], [127.30132, 35.58389]]]}, "properties": {"grid_id": "다마8232", "region_type_cd": "RURAL", "households": 2, "buildings": 3, "avg_score": 38.2, "risk_level_cd": "warn"}}, {"type": "Feature", "geometry": {"type": "Polygon", "coordinates": [[[127.3013, 35.5929], [127.30128, 35.60192], [127.31232, 35.60194], [127.31234, 35.59292], [127.3013, 35.5929]]]}, "properties": {"grid_id": "다마8233", "region_type_cd": "RURAL", "households": 4, "buildings": 5, "avg_score": 36.0, "risk_level_cd": "warn"}}, {"type": "Feature", "geometry": {"type": "Polygon", "coordinates": [[[127.30128, 35.60192], [127.30125, 35.61093], [127.3123, 35.61095], [127.31232, 35.60194], [127.30128, 35.60192]]]}, "properties": {"grid_id": "다마8234", "region_type_cd": "RURAL", "households": 12, "buildings": 11, "avg_score": 28.7, "risk_level_cd": "ok"}}, {"type": "Feature", "geometry": {"type": "Polygon", "coordinates": [[[127.30125, 35.61093], [127.30123, 35.61995], [127.31228, 35.61997], [127.3123, 35.61095], [127.30125, 35.61093]]]}, "properties": {"grid_id": "다마8235", "region_type_cd": "RURAL", "households": 3, "buildings": 4, "avg_score": 19.6, "risk_level_cd": "ok"}}, {"type": "Feature", "geometry": {"type": "Polygon", "coordinates": [[[127.30123, 35.61995], [127.30121, 35.62897], [127.31225, 35.62899], [127.31228, 35.61997], [127.30123, 35.61995]]]}, "properties": {"grid_id": "다마8236", "region_type_cd": "RURAL", "households": 15, "buildings": 3, "avg_score": 25.9, "risk_level_cd": "ok"}}, {"type": "Feature", "geometry": {"type": "Polygon", "coordinates": [[[127.30121, 35.62897], [127.30119, 35.63798], [127.31223, 35.638], [127.31225, 35.62899], [127.30121, 35.62897]]]}, "properties": {"grid_id": "다마8237", "region_type_cd": "RURAL", "households": 13, "buildings": 20, "avg_score": 27.1, "risk_level_cd": "ok"}}, {"type": "Feature", "geometry": {"type": "Polygon", "coordinates": [[[127.30119, 35.63798], [127.30117, 35.647], [127.31221, 35.64702], [127.31223, 35.638], [127.30119, 35.63798]]]}, "properties": {"grid_id": "다마8238", "region_type_cd": "RURAL", "households": 7, "buildings": 10, "avg_score": 29.9, "risk_level_cd": "ok"}}, {"type": "Feature", "geometry": {"type": "Polygon", "coordinates": [[[127.30114, 35.65602], [127.30112, 35.66503], [127.31217, 35.66505], [127.31219, 35.65603], [127.30114, 35.65602]]]}, "properties": {"grid_id": "다마8240", "region_type_cd": "RURAL", "households": 7, "buildings": 1, "avg_score": 16.5, "risk_level_cd": "ok"}}, {"type": "Feature", "geometry": {"type": "Polygon", "coordinates": [[[127.30112, 35.66503], [127.3011, 35.67405], [127.31215, 35.67407], [127.31217, 35.66505], [127.30112, 35.66503]]]}, "properties": {"grid_id": "다마8241", "region_type_cd": "RURAL", "households": 1, "buildings": 1, "avg_score": 24.8, "risk_level_cd": "ok"}}, {"type": "Feature", "geometry": {"type": "Polygon", "coordinates": [[[127.3011, 35.67405], [127.30108, 35.68307], [127.31213, 35.68308], [127.31215, 35.67407], [127.3011, 35.67405]]]}, "properties": {"grid_id": "다마8242", "region_type_cd": "RURAL", "households": 1, "buildings": 2, "avg_score": 22.6, "risk_level_cd": "ok"}}, {"type": "Feature", "geometry": {"type": "Polygon", "coordinates": [[[127.30108, 35.68307], [127.30105, 35.69208], [127.31211, 35.6921], [127.31213, 35.68308], [127.30108, 35.68307]]]}, "properties": {"grid_id": "다마8243", "region_type_cd": "RURAL", "households": 13, "buildings": 6, "avg_score": 18.7, "risk_level_cd": "ok"}}, {"type": "Feature", "geometry": {"type": "Polygon", "coordinates": [[[127.31257, 35.49374], [127.31255, 35.50275], [127.32357, 35.50277], [127.32359, 35.49375], [127.31257, 35.49374]]]}, "properties": {"grid_id": "다마8322", "region_type_cd": "RURAL", "households": 11, "buildings": 17, "avg_score": 22.1, "risk_level_cd": "ok"}}, {"type": "Feature", "geometry": {"type": "Polygon", "coordinates": [[[127.31255, 35.50275], [127.31253, 35.51177], [127.32356, 35.51179], [127.32357, 35.50277], [127.31255, 35.50275]]]}, "properties": {"grid_id": "다마8323", "region_type_cd": "RURAL", "households": 15, "buildings": 31, "avg_score": 28.4, "risk_level_cd": "ok"}}, {"type": "Feature", "geometry": {"type": "Polygon", "coordinates": [[[127.31253, 35.51177], [127.31251, 35.52079], [127.32354, 35.5208], [127.32356, 35.51179], [127.31253, 35.51177]]]}, "properties": {"grid_id": "다마8324", "region_type_cd": "RURAL", "households": 10, "buildings": 8, "avg_score": 31.6, "risk_level_cd": "ok"}}, {"type": "Feature", "geometry": {"type": "Polygon", "coordinates": [[[127.31251, 35.52079], [127.31249, 35.5298], [127.32352, 35.52982], [127.32354, 35.5208], [127.31251, 35.52079]]]}, "properties": {"grid_id": "다마8325", "region_type_cd": "RURAL", "households": 10, "buildings": 7, "avg_score": 31.0, "risk_level_cd": "ok"}}, {"type": "Feature", "geometry": {"type": "Polygon", "coordinates": [[[127.31249, 35.5298], [127.31246, 35.53882], [127.3235, 35.53884], [127.32352, 35.52982], [127.31249, 35.5298]]]}, "properties": {"grid_id": "다마8326", "region_type_cd": "RURAL", "households": 81, "buildings": 2, "avg_score": 30.4, "risk_level_cd": "ok"}}, {"type": "Feature", "geometry": {"type": "Polygon", "coordinates": [[[127.31246, 35.53882], [127.31244, 35.54784], [127.32348, 35.54785], [127.3235, 35.53884], [127.31246, 35.53882]]]}, "properties": {"grid_id": "다마8327", "region_type_cd": "RURAL", "households": 87, "buildings": 47, "avg_score": 27.7, "risk_level_cd": "ok"}}, {"type": "Feature", "geometry": {"type": "Polygon", "coordinates": [[[127.31244, 35.54784], [127.31242, 35.55685], [127.32346, 35.55687], [127.32348, 35.54785], [127.31244, 35.54784]]]}, "properties": {"grid_id": "다마8328", "region_type_cd": "RURAL", "households": 13, "buildings": 6, "avg_score": 38.0, "risk_level_cd": "warn"}}, {"type": "Feature", "geometry": {"type": "Polygon", "coordinates": [[[127.31242, 35.55685], [127.3124, 35.56587], [127.32344, 35.56589], [127.32346, 35.55687], [127.31242, 35.55685]]]}, "properties": {"grid_id": "다마8329", "region_type_cd": "RURAL", "households": 5, "buildings": 10, "avg_score": 26.2, "risk_level_cd": "ok"}}, {"type": "Feature", "geometry": {"type": "Polygon", "coordinates": [[[127.3124, 35.56587], [127.31238, 35.57489], [127.32342, 35.5749], [127.32344, 35.56589], [127.3124, 35.56587]]]}, "properties": {"grid_id": "다마8330", "region_type_cd": "RURAL", "households": 7, "buildings": 17, "avg_score": 36.1, "risk_level_cd": "warn"}}, {"type": "Feature", "geometry": {"type": "Polygon", "coordinates": [[[127.31238, 35.57489], [127.31236, 35.5839], [127.3234, 35.58392], [127.32342, 35.5749], [127.31238, 35.57489]]]}, "properties": {"grid_id": "다마8331", "region_type_cd": "RURAL", "households": 14, "buildings": 10, "avg_score": 33.3, "risk_level_cd": "ok"}}, {"type": "Feature", "geometry": {"type": "Polygon", "coordinates": [[[127.31236, 35.5839], [127.31234, 35.59292], [127.32338, 35.59294], [127.3234, 35.58392], [127.31236, 35.5839]]]}, "properties": {"grid_id": "다마8332", "region_type_cd": "RURAL", "households": 7, "buildings": 18, "avg_score": 37.6, "risk_level_cd": "warn"}}, {"type": "Feature", "geometry": {"type": "Polygon", "coordinates": [[[127.31234, 35.59292], [127.31232, 35.60194], [127.32336, 35.60195], [127.32338, 35.59294], [127.31234, 35.59292]]]}, "properties": {"grid_id": "다마8333", "region_type_cd": "RURAL", "households": 14, "buildings": 34, "avg_score": 28.5, "risk_level_cd": "ok"}}, {"type": "Feature", "geometry": {"type": "Polygon", "coordinates": [[[127.31232, 35.60194], [127.3123, 35.61095], [127.32334, 35.61097], [127.32336, 35.60195], [127.31232, 35.60194]]]}, "properties": {"grid_id": "다마8334", "region_type_cd": "RURAL", "households": 11, "buildings": 16, "avg_score": 32.9, "risk_level_cd": "ok"}}, {"type": "Feature", "geometry": {"type": "Polygon", "coordinates": [[[127.3123, 35.61095], [127.31228, 35.61997], [127.32332, 35.61999], [127.32334, 35.61097], [127.3123, 35.61095]]]}, "properties": {"grid_id": "다마8335", "region_type_cd": "RURAL", "households": 10, "buildings": 17, "avg_score": 40.4, "risk_level_cd": "warn"}}, {"type": "Feature", "geometry": {"type": "Polygon", "coordinates": [[[127.31228, 35.61997], [127.31225, 35.62899], [127.3233, 35.629], [127.32332, 35.61999], [127.31228, 35.61997]]]}, "properties": {"grid_id": "다마8336", "region_type_cd": "RURAL", "households": 13, "buildings": 24, "avg_score": 30.1, "risk_level_cd": "ok"}}, {"type": "Feature", "geometry": {"type": "Polygon", "coordinates": [[[127.31225, 35.62899], [127.31223, 35.638], [127.32328, 35.63802], [127.3233, 35.629], [127.31225, 35.62899]]]}, "properties": {"grid_id": "다마8337", "region_type_cd": "RURAL", "households": 10, "buildings": 19, "avg_score": 27.8, "risk_level_cd": "ok"}}, {"type": "Feature", "geometry": {"type": "Polygon", "coordinates": [[[127.31223, 35.638], [127.31221, 35.64702], [127.32326, 35.64704], [127.32328, 35.63802], [127.31223, 35.638]]]}, "properties": {"grid_id": "다마8338", "region_type_cd": "RURAL", "households": 3, "buildings": 11, "avg_score": 27.7, "risk_level_cd": "ok"}}, {"type": "Feature", "geometry": {"type": "Polygon", "coordinates": [[[127.31221, 35.64702], [127.31219, 35.65603], [127.32324, 35.65605], [127.32326, 35.64704], [127.31221, 35.64702]]]}, "properties": {"grid_id": "다마8339", "region_type_cd": "RURAL", "households": 1, "buildings": 1, "avg_score": 25.5, "risk_level_cd": "ok"}}, {"type": "Feature", "geometry": {"type": "Polygon", "coordinates": [[[127.31215, 35.67407], [127.31213, 35.68308], [127.32318, 35.6831], [127.3232, 35.67408], [127.31215, 35.67407]]]}, "properties": {"grid_id": "다마8342", "region_type_cd": "RURAL", "households": 16, "buildings": 11, "avg_score": 22.8, "risk_level_cd": "ok"}}, {"type": "Feature", "geometry": {"type": "Polygon", "coordinates": [[[127.32359, 35.49375], [127.32357, 35.50277], [127.3346, 35.50279], [127.33462, 35.49377], [127.32359, 35.49375]]]}, "properties": {"grid_id": "다마8422", "region_type_cd": "RURAL", "households": 7, "buildings": 6, "avg_score": 24.2, "risk_level_cd": "ok"}}, {"type": "Feature", "geometry": {"type": "Polygon", "coordinates": [[[127.32357, 35.50277], [127.32356, 35.51179], [127.33458, 35.5118], [127.3346, 35.50279], [127.32357, 35.50277]]]}, "properties": {"grid_id": "다마8423", "region_type_cd": "RURAL", "households": 11, "buildings": 20, "avg_score": 30.1, "risk_level_cd": "ok"}}, {"type": "Feature", "geometry": {"type": "Polygon", "coordinates": [[[127.32356, 35.51179], [127.32354, 35.5208], [127.33456, 35.52082], [127.33458, 35.5118], [127.32356, 35.51179]]]}, "properties": {"grid_id": "다마8424", "region_type_cd": "RURAL", "households": 4, "buildings": 5, "avg_score": 25.3, "risk_level_cd": "ok"}}, {"type": "Feature", "geometry": {"type": "Polygon", "coordinates": [[[127.32354, 35.5208], [127.32352, 35.52982], [127.33455, 35.52984], [127.33456, 35.52082], [127.32354, 35.5208]]]}, "properties": {"grid_id": "다마8425", "region_type_cd": "RURAL", "households": 71, "buildings": 7, "avg_score": 31.5, "risk_level_cd": "ok"}}, {"type": "Feature", "geometry": {"type": "Polygon", "coordinates": [[[127.32352, 35.52982], [127.3235, 35.53884], [127.33453, 35.53885], [127.33455, 35.52984], [127.32352, 35.52982]]]}, "properties": {"grid_id": "다마8426", "region_type_cd": "BUFFER", "households": 163, "buildings": 200, "avg_score": 45.8, "risk_level_cd": "warn"}}, {"type": "Feature", "geometry": {"type": "Polygon", "coordinates": [[[127.3235, 35.53884], [127.32348, 35.54785], [127.33451, 35.54787], [127.33453, 35.53885], [127.3235, 35.53884]]]}, "properties": {"grid_id": "다마8427", "region_type_cd": "BUFFER", "households": 160, "buildings": 175, "avg_score": 63.1, "risk_level_cd": "warn"}}, {"type": "Feature", "geometry": {"type": "Polygon", "coordinates": [[[127.32348, 35.54785], [127.32346, 35.55687], [127.33449, 35.55689], [127.33451, 35.54787], [127.32348, 35.54785]]]}, "properties": {"grid_id": "다마8428", "region_type_cd": "RURAL", "households": 76, "buildings": 47, "avg_score": 29.0, "risk_level_cd": "ok"}}, {"type": "Feature", "geometry": {"type": "Polygon", "coordinates": [[[127.32346, 35.55687], [127.32344, 35.56589], [127.33447, 35.5659], [127.33449, 35.55689], [127.32346, 35.55687]]]}, "properties": {"grid_id": "다마8429", "region_type_cd": "RURAL", "households": 6, "buildings": 11, "avg_score": 28.3, "risk_level_cd": "ok"}}, {"type": "Feature", "geometry": {"type": "Polygon", "coordinates": [[[127.32342, 35.5749], [127.3234, 35.58392], [127.33443, 35.58394], [127.33445, 35.57492], [127.32342, 35.5749]]]}, "properties": {"grid_id": "다마8431", "region_type_cd": "RURAL", "households": 4, "buildings": 8, "avg_score": 27.7, "risk_level_cd": "ok"}}, {"type": "Feature", "geometry": {"type": "Polygon", "coordinates": [[[127.32338, 35.59294], [127.32336, 35.60195], [127.3344, 35.60197], [127.33442, 35.59295], [127.32338, 35.59294]]]}, "properties": {"grid_id": "다마8433", "region_type_cd": "RURAL", "households": 9, "buildings": 15, "avg_score": 32.6, "risk_level_cd": "ok"}}, {"type": "Feature", "geometry": {"type": "Polygon", "coordinates": [[[127.32336, 35.60195], [127.32334, 35.61097], [127.33438, 35.61098], [127.3344, 35.60197], [127.32336, 35.60195]]]}, "properties": {"grid_id": "다마8434", "region_type_cd": "RURAL", "households": 13, "buildings": 29, "avg_score": 37.6, "risk_level_cd": "warn"}}, {"type": "Feature", "geometry": {"type": "Polygon", "coordinates": [[[127.32334, 35.61097], [127.32332, 35.61999], [127.33436, 35.62], [127.33438, 35.61098], [127.32334, 35.61097]]]}, "properties": {"grid_id": "다마8435", "region_type_cd": "RURAL", "households": 14, "buildings": 31, "avg_score": 34.0, "risk_level_cd": "ok"}}, {"type": "Feature", "geometry": {"type": "Polygon", "coordinates": [[[127.32332, 35.61999], [127.3233, 35.629], [127.33434, 35.62902], [127.33436, 35.62], [127.32332, 35.61999]]]}, "properties": {"grid_id": "다마8436", "region_type_cd": "RURAL", "households": 12, "buildings": 21, "avg_score": 34.4, "risk_level_cd": "ok"}}, {"type": "Feature", "geometry": {"type": "Polygon", "coordinates": [[[127.3233, 35.629], [127.32328, 35.63802], [127.33432, 35.63803], [127.33434, 35.62902], [127.3233, 35.629]]]}, "properties": {"grid_id": "다마8437", "region_type_cd": "RURAL", "households": 17, "buildings": 48, "avg_score": 29.5, "risk_level_cd": "ok"}}, {"type": "Feature", "geometry": {"type": "Polygon", "coordinates": [[[127.32328, 35.63802], [127.32326, 35.64704], [127.3343, 35.64705], [127.33432, 35.63803], [127.32328, 35.63802]]]}, "properties": {"grid_id": "다마8438", "region_type_cd": "RURAL", "households": 3, "buildings": 2, "avg_score": 26.3, "risk_level_cd": "ok"}}, {"type": "Feature", "geometry": {"type": "Polygon", "coordinates": [[[127.32324, 35.65605], [127.32322, 35.66507], [127.33427, 35.66508], [127.33429, 35.65607], [127.32324, 35.65605]]]}, "properties": {"grid_id": "다마8440", "region_type_cd": "RURAL", "households": 6, "buildings": 7, "avg_score": 32.5, "risk_level_cd": "ok"}}, {"type": "Feature", "geometry": {"type": "Polygon", "coordinates": [[[127.33462, 35.49377], [127.3346, 35.50279], [127.34563, 35.5028], [127.34565, 35.49378], [127.33462, 35.49377]]]}, "properties": {"grid_id": "다마8522", "region_type_cd": "RURAL", "households": 11, "buildings": 17, "avg_score": 29.4, "risk_level_cd": "ok"}}, {"type": "Feature", "geometry": {"type": "Polygon", "coordinates": [[[127.3346, 35.50279], [127.33458, 35.5118], [127.34561, 35.51182], [127.34563, 35.5028], [127.3346, 35.50279]]]}, "properties": {"grid_id": "다마8523", "region_type_cd": "RURAL", "households": 11, "buildings": 21, "avg_score": 31.1, "risk_level_cd": "ok"}}, {"type": "Feature", "geometry": {"type": "Polygon", "coordinates": [[[127.33458, 35.5118], [127.33456, 35.52082], [127.34559, 35.52083], [127.34561, 35.51182], [127.33458, 35.5118]]]}, "properties": {"grid_id": "다마8524", "region_type_cd": "RURAL", "households": 11, "buildings": 11, "avg_score": 26.0, "risk_level_cd": "ok"}}, {"type": "Feature", "geometry": {"type": "Polygon", "coordinates": [[[127.33456, 35.52082], [127.33455, 35.52984], [127.34558, 35.52985], [127.34559, 35.52083], [127.33456, 35.52082]]]}, "properties": {"grid_id": "다마8525", "region_type_cd": "RURAL", "households": 17, "buildings": 23, "avg_score": 28.0, "risk_level_cd": "ok"}}, {"type": "Feature", "geometry": {"type": "Polygon", "coordinates": [[[127.33455, 35.52984], [127.33453, 35.53885], [127.34556, 35.53887], [127.34558, 35.52985], [127.33455, 35.52984]]]}, "properties": {"grid_id": "다마8526", "region_type_cd": "RURAL", "households": 87, "buildings": 9, "avg_score": 21.4, "risk_level_cd": "ok"}}, {"type": "Feature", "geometry": {"type": "Polygon", "coordinates": [[[127.33453, 35.53885], [127.33451, 35.54787], [127.34554, 35.54788], [127.34556, 35.53887], [127.33453, 35.53885]]]}, "properties": {"grid_id": "다마8527", "region_type_cd": "RURAL", "households": 75, "buildings": 13, "avg_score": 46.1, "risk_level_cd": "warn"}}, {"type": "Feature", "geometry": {"type": "Polygon", "coordinates": [[[127.33451, 35.54787], [127.33449, 35.55689], [127.34552, 35.5569], [127.34554, 35.54788], [127.33451, 35.54787]]]}, "properties": {"grid_id": "다마8528", "region_type_cd": "RURAL", "households": 15, "buildings": 22, "avg_score": 32.5, "risk_level_cd": "ok"}}, {"type": "Feature", "geometry": {"type": "Polygon", "coordinates": [[[127.33449, 35.55689], [127.33447, 35.5659], [127.34551, 35.56592], [127.34552, 35.5569], [127.33449, 35.55689]]]}, "properties": {"grid_id": "다마8529", "region_type_cd": "RURAL", "households": 14, "buildings": 26, "avg_score": 37.9, "risk_level_cd": "warn"}}, {"type": "Feature", "geometry": {"type": "Polygon", "coordinates": [[[127.33447, 35.5659], [127.33445, 35.57492], [127.34549, 35.57493], [127.34551, 35.56592], [127.33447, 35.5659]]]}, "properties": {"grid_id": "다마8530", "region_type_cd": "RURAL", "households": 10, "buildings": 22, "avg_score": 36.1, "risk_level_cd": "warn"}}, {"type": "Feature", "geometry": {"type": "Polygon", "coordinates": [[[127.33445, 35.57492], [127.33443, 35.58394], [127.34547, 35.58395], [127.34549, 35.57493], [127.33445, 35.57492]]]}, "properties": {"grid_id": "다마8531", "region_type_cd": "RURAL", "households": 9, "buildings": 28, "avg_score": 37.4, "risk_level_cd": "warn"}}, {"type": "Feature", "geometry": {"type": "Polygon", "coordinates": [[[127.33438, 35.61098], [127.33436, 35.62], [127.3454, 35.62002], [127.34542, 35.611], [127.33438, 35.61098]]]}, "properties": {"grid_id": "다마8535", "region_type_cd": "RURAL", "households": 7, "buildings": 7, "avg_score": 37.6, "risk_level_cd": "warn"}}, {"type": "Feature", "geometry": {"type": "Polygon", "coordinates": [[[127.33436, 35.62], [127.33434, 35.62902], [127.34539, 35.62903], [127.3454, 35.62002], [127.33436, 35.62]]]}, "properties": {"grid_id": "다마8536", "region_type_cd": "RURAL", "households": 10, "buildings": 20, "avg_score": 33.7, "risk_level_cd": "ok"}}, {"type": "Feature", "geometry": {"type": "Polygon", "coordinates": [[[127.33434, 35.62902], [127.33432, 35.63803], [127.34537, 35.63805], [127.34539, 35.62903], [127.33434, 35.62902]]]}, "properties": {"grid_id": "다마8537", "region_type_cd": "RURAL", "households": 16, "buildings": 40, "avg_score": 30.0, "risk_level_cd": "ok"}}, {"type": "Feature", "geometry": {"type": "Polygon", "coordinates": [[[127.33432, 35.63803], [127.3343, 35.64705], [127.34535, 35.64707], [127.34537, 35.63805], [127.33432, 35.63803]]]}, "properties": {"grid_id": "다마8538", "region_type_cd": "RURAL", "households": 4, "buildings": 2, "avg_score": 27.6, "risk_level_cd": "ok"}}, {"type": "Feature", "geometry": {"type": "Polygon", "coordinates": [[[127.3343, 35.64705], [127.33429, 35.65607], [127.34533, 35.65608], [127.34535, 35.64707], [127.3343, 35.64705]]]}, "properties": {"grid_id": "다마8539", "region_type_cd": "RURAL", "households": 3, "buildings": 8, "avg_score": 35.6, "risk_level_cd": "warn"}}, {"type": "Feature", "geometry": {"type": "Polygon", "coordinates": [[[127.33429, 35.65607], [127.33427, 35.66508], [127.34532, 35.6651], [127.34533, 35.65608], [127.33429, 35.65607]]]}, "properties": {"grid_id": "다마8540", "region_type_cd": "RURAL", "households": 1, "buildings": 1, "avg_score": 20.7, "risk_level_cd": "ok"}}, {"type": "Feature", "geometry": {"type": "Polygon", "coordinates": [[[127.34565, 35.49378], [127.34563, 35.5028], [127.35665, 35.50281], [127.35667, 35.4938], [127.34565, 35.49378]]]}, "properties": {"grid_id": "다마8622", "region_type_cd": "RURAL", "households": 10, "buildings": 10, "avg_score": 30.8, "risk_level_cd": "ok"}}, {"type": "Feature", "geometry": {"type": "Polygon", "coordinates": [[[127.34563, 35.5028], [127.34561, 35.51182], [127.35664, 35.51183], [127.35665, 35.50281], [127.34563, 35.5028]]]}, "properties": {"grid_id": "다마8623", "region_type_cd": "RURAL", "households": 8, "buildings": 9, "avg_score": 34.5, "risk_level_cd": "ok"}}, {"type": "Feature", "geometry": {"type": "Polygon", "coordinates": [[[127.34561, 35.51182], [127.34559, 35.52083], [127.35662, 35.52085], [127.35664, 35.51183], [127.34561, 35.51182]]]}, "properties": {"grid_id": "다마8624", "region_type_cd": "RURAL", "households": 15, "buildings": 1, "avg_score": 20.6, "risk_level_cd": "ok"}}, {"type": "Feature", "geometry": {"type": "Polygon", "coordinates": [[[127.34554, 35.54788], [127.34552, 35.5569], [127.35656, 35.55691], [127.35657, 35.5479], [127.34554, 35.54788]]]}, "properties": {"grid_id": "다마8628", "region_type_cd": "RURAL", "households": 18, "buildings": 29, "avg_score": 38.4, "risk_level_cd": "warn"}}, {"type": "Feature", "geometry": {"type": "Polygon", "coordinates": [[[127.34552, 35.5569], [127.34551, 35.56592], [127.35654, 35.56593], [127.35656, 35.55691], [127.34552, 35.5569]]]}, "properties": {"grid_id": "다마8629", "region_type_cd": "RURAL", "households": 21, "buildings": 70, "avg_score": 31.9, "risk_level_cd": "ok"}}, {"type": "Feature", "geometry": {"type": "Polygon", "coordinates": [[[127.34551, 35.56592], [127.34549, 35.57493], [127.35653, 35.57495], [127.35654, 35.56593], [127.34551, 35.56592]]]}, "properties": {"grid_id": "다마8630", "region_type_cd": "RURAL", "households": 12, "buildings": 27, "avg_score": 36.5, "risk_level_cd": "warn"}}, {"type": "Feature", "geometry": {"type": "Polygon", "coordinates": [[[127.34549, 35.57493], [127.34547, 35.58395], [127.35651, 35.58396], [127.35653, 35.57495], [127.34549, 35.57493]]]}, "properties": {"grid_id": "다마8631", "region_type_cd": "RURAL", "households": 8, "buildings": 10, "avg_score": 30.2, "risk_level_cd": "ok"}}, {"type": "Feature", "geometry": {"type": "Polygon", "coordinates": [[[127.34547, 35.58395], [127.34546, 35.59297], [127.35649, 35.59298], [127.35651, 35.58396], [127.34547, 35.58395]]]}, "properties": {"grid_id": "다마8632", "region_type_cd": "RURAL", "households": 15, "buildings": 30, "avg_score": 100.0, "risk_level_cd": "danger"}}, {"type": "Feature", "geometry": {"type": "Polygon", "coordinates": [[[127.3454, 35.62002], [127.34539, 35.62903], [127.35643, 35.62905], [127.35645, 35.62003], [127.3454, 35.62002]]]}, "properties": {"grid_id": "다마8636", "region_type_cd": "RURAL", "households": 15, "buildings": 36, "avg_score": 28.1, "risk_level_cd": "ok"}}, {"type": "Feature", "geometry": {"type": "Polygon", "coordinates": [[[127.34539, 35.62903], [127.34537, 35.63805], [127.35641, 35.63806], [127.35643, 35.62905], [127.34539, 35.62903]]]}, "properties": {"grid_id": "다마8637", "region_type_cd": "RURAL", "households": 13, "buildings": 19, "avg_score": 29.2, "risk_level_cd": "ok"}}, {"type": "Feature", "geometry": {"type": "Polygon", "coordinates": [[[127.34537, 35.63805], [127.34535, 35.64707], [127.3564, 35.64708], [127.35641, 35.63806], [127.34537, 35.63805]]]}, "properties": {"grid_id": "다마8638", "region_type_cd": "RURAL", "households": 12, "buildings": 15, "avg_score": 25.6, "risk_level_cd": "ok"}}, {"type": "Feature", "geometry": {"type": "Polygon", "coordinates": [[[127.34535, 35.64707], [127.34533, 35.65608], [127.35638, 35.6561], [127.3564, 35.64708], [127.34535, 35.64707]]]}, "properties": {"grid_id": "다마8639", "region_type_cd": "RURAL", "households": 7, "buildings": 8, "avg_score": 34.8, "risk_level_cd": "ok"}}, {"type": "Feature", "geometry": {"type": "Polygon", "coordinates": [[[127.34533, 35.65608], [127.34532, 35.6651], [127.35636, 35.66511], [127.35638, 35.6561], [127.34533, 35.65608]]]}, "properties": {"grid_id": "다마8640", "region_type_cd": "RURAL", "households": 0, "buildings": 1, "avg_score": 32.3, "risk_level_cd": "ok"}}, {"type": "Feature", "geometry": {"type": "Polygon", "coordinates": [[[127.35656, 35.55691], [127.35654, 35.56593], [127.36758, 35.56594], [127.36759, 35.55693], [127.35656, 35.55691]]]}, "properties": {"grid_id": "다마8729", "region_type_cd": "RURAL", "households": 18, "buildings": 42, "avg_score": 38.1, "risk_level_cd": "warn"}}, {"type": "Feature", "geometry": {"type": "Polygon", "coordinates": [[[127.35654, 35.56593], [127.35653, 35.57495], [127.36756, 35.57496], [127.36758, 35.56594], [127.35654, 35.56593]]]}, "properties": {"grid_id": "다마8730", "region_type_cd": "RURAL", "households": 12, "buildings": 15, "avg_score": 30.3, "risk_level_cd": "ok"}}, {"type": "Feature", "geometry": {"type": "Polygon", "coordinates": [[[127.35653, 35.57495], [127.35651, 35.58396], [127.36755, 35.58398], [127.36756, 35.57496], [127.35653, 35.57495]]]}, "properties": {"grid_id": "다마8731", "region_type_cd": "RURAL", "households": 20, "buildings": 25, "avg_score": 39.1, "risk_level_cd": "warn"}}, {"type": "Feature", "geometry": {"type": "Polygon", "coordinates": [[[127.35651, 35.58396], [127.35649, 35.59298], [127.36753, 35.59299], [127.36755, 35.58398], [127.35651, 35.58396]]]}, "properties": {"grid_id": "다마8732", "region_type_cd": "RURAL", "households": 13, "buildings": 18, "avg_score": 100.0, "risk_level_cd": "danger"}}, {"type": "Feature", "geometry": {"type": "Polygon", "coordinates": [[[127.35649, 35.59298], [127.35648, 35.602], [127.36752, 35.60201], [127.36753, 35.59299], [127.35649, 35.59298]]]}, "properties": {"grid_id": "다마8733", "region_type_cd": "RURAL", "households": 11, "buildings": 22, "avg_score": 30.0, "risk_level_cd": "ok"}}, {"type": "Feature", "geometry": {"type": "Polygon", "coordinates": [[[127.35646, 35.61101], [127.35645, 35.62003], [127.36749, 35.62004], [127.3675, 35.61103], [127.35646, 35.61101]]]}, "properties": {"grid_id": "다마8735", "region_type_cd": "RURAL", "households": 4, "buildings": 8, "avg_score": 29.8, "risk_level_cd": "ok"}}, {"type": "Feature", "geometry": {"type": "Polygon", "coordinates": [[[127.35643, 35.62905], [127.35641, 35.63806], [127.36746, 35.63808], [127.36747, 35.62906], [127.35643, 35.62905]]]}, "properties": {"grid_id": "다마8737", "region_type_cd": "RURAL", "households": 6, "buildings": 3, "avg_score": 29.7, "risk_level_cd": "ok"}}, {"type": "Feature", "geometry": {"type": "Polygon", "coordinates": [[[127.35641, 35.63806], [127.3564, 35.64708], [127.36744, 35.64709], [127.36746, 35.63808], [127.35641, 35.63806]]]}, "properties": {"grid_id": "다마8738", "region_type_cd": "RURAL", "households": 3, "buildings": 5, "avg_score": 44.8, "risk_level_cd": "warn"}}, {"type": "Feature", "geometry": {"type": "Polygon", "coordinates": [[[127.3564, 35.64708], [127.35638, 35.6561], [127.36743, 35.65611], [127.36744, 35.64709], [127.3564, 35.64708]]]}, "properties": {"grid_id": "다마8739", "region_type_cd": "RURAL", "households": 5, "buildings": 9, "avg_score": 38.8, "risk_level_cd": "warn"}}, {"type": "Feature", "geometry": {"type": "Polygon", "coordinates": [[[127.35638, 35.6561], [127.35636, 35.66511], [127.36741, 35.66512], [127.36743, 35.65611], [127.35638, 35.6561]]]}, "properties": {"grid_id": "다마8740", "region_type_cd": "RURAL", "households": 5, "buildings": 4, "avg_score": 24.4, "risk_level_cd": "ok"}}, {"type": "Feature", "geometry": {"type": "Polygon", "coordinates": [[[127.36758, 35.56594], [127.36756, 35.57496], [127.3786, 35.57497], [127.37861, 35.56595], [127.36758, 35.56594]]]}, "properties": {"grid_id": "다마8830", "region_type_cd": "RURAL", "households": 16, "buildings": 15, "avg_score": 36.7, "risk_level_cd": "warn"}}, {"type": "Feature", "geometry": {"type": "Polygon", "coordinates": [[[127.36756, 35.57496], [127.36755, 35.58398], [127.37859, 35.58399], [127.3786, 35.57497], [127.36756, 35.57496]]]}, "properties": {"grid_id": "다마8831", "region_type_cd": "RURAL", "households": 25, "buildings": 56, "avg_score": 24.8, "risk_level_cd": "ok"}}, {"type": "Feature", "geometry": {"type": "Polygon", "coordinates": [[[127.36755, 35.58398], [127.36753, 35.59299], [127.37857, 35.593], [127.37859, 35.58399], [127.36755, 35.58398]]]}, "properties": {"grid_id": "다마8832", "region_type_cd": "RURAL", "households": 12, "buildings": 3, "avg_score": 43.2, "risk_level_cd": "warn"}}, {"type": "Feature", "geometry": {"type": "Polygon", "coordinates": [[[127.36749, 35.62004], [127.36747, 35.62906], [127.37852, 35.62907], [127.37853, 35.62005], [127.36749, 35.62004]]]}, "properties": {"grid_id": "다마8836", "region_type_cd": "RURAL", "households": 6, "buildings": 16, "avg_score": 99.7, "risk_level_cd": "danger"}}, {"type": "Feature", "geometry": {"type": "Polygon", "coordinates": [[[127.36747, 35.62906], [127.36746, 35.63808], [127.3785, 35.63809], [127.37852, 35.62907], [127.36747, 35.62906]]]}, "properties": {"grid_id": "다마8837", "region_type_cd": "RURAL", "households": 0, "buildings": 1, "avg_score": 21.1, "risk_level_cd": "ok"}}, {"type": "Feature", "geometry": {"type": "Polygon", "coordinates": [[[127.36746, 35.63808], [127.36744, 35.64709], [127.37849, 35.6471], [127.3785, 35.63809], [127.36746, 35.63808]]]}, "properties": {"grid_id": "다마8838", "region_type_cd": "RURAL", "households": 2, "buildings": 2, "avg_score": 30.0, "risk_level_cd": "ok"}}, {"type": "Feature", "geometry": {"type": "Polygon", "coordinates": [[[127.36744, 35.64709], [127.36743, 35.65611], [127.37848, 35.65612], [127.37849, 35.6471], [127.36744, 35.64709]]]}, "properties": {"grid_id": "다마8839", "region_type_cd": "RURAL", "households": 2, "buildings": 1, "avg_score": 23.9, "risk_level_cd": "ok"}}, {"type": "Feature", "geometry": {"type": "Polygon", "coordinates": [[[127.37853, 35.62005], [127.37852, 35.62907], [127.38956, 35.62908], [127.38957, 35.62006], [127.37853, 35.62005]]]}, "properties": {"grid_id": "다마8936", "region_type_cd": "RURAL", "households": 5, "buildings": 9, "avg_score": 24.5, "risk_level_cd": "ok"}}, {"type": "Feature", "geometry": {"type": "Polygon", "coordinates": [[[127.3785, 35.63809], [127.37849, 35.6471], [127.38954, 35.64711], [127.38955, 35.6381], [127.3785, 35.63809]]]}, "properties": {"grid_id": "다마8938", "region_type_cd": "RURAL", "households": 6, "buildings": 13, "avg_score": 30.0, "risk_level_cd": "ok"}}, {"type": "Feature", "geometry": {"type": "Polygon", "coordinates": [[[127.37849, 35.6471], [127.37848, 35.65612], [127.38952, 35.65613], [127.38954, 35.64711], [127.37849, 35.6471]]]}, "properties": {"grid_id": "다마8939", "region_type_cd": "RURAL", "households": 4, "buildings": 5, "avg_score": 22.5, "risk_level_cd": "ok"}}, {"type": "Feature", "geometry": {"type": "Polygon", "coordinates": [[[127.38957, 35.62006], [127.38956, 35.62908], [127.4006, 35.62909], [127.40062, 35.62007], [127.38957, 35.62006]]]}, "properties": {"grid_id": "다마9036", "region_type_cd": "RURAL", "households": 1, "buildings": 4, "avg_score": 38.9, "risk_level_cd": "warn"}}, {"type": "Feature", "geometry": {"type": "Polygon", "coordinates": [[[127.38956, 35.62908], [127.38955, 35.6381], [127.40059, 35.63811], [127.4006, 35.62909], [127.38956, 35.62908]]]}, "properties": {"grid_id": "다마9037", "region_type_cd": "RURAL", "households": 1, "buildings": 2, "avg_score": 24.4, "risk_level_cd": "ok"}}, {"type": "Feature", "geometry": {"type": "Polygon", "coordinates": [[[127.38954, 35.64711], [127.38952, 35.65613], [127.40057, 35.65614], [127.40058, 35.64712], [127.38954, 35.64711]]]}, "properties": {"grid_id": "다마9039", "region_type_cd": "RURAL", "households": 2, "buildings": 3, "avg_score": 22.8, "risk_level_cd": "ok"}}, {"type": "Feature", "geometry": {"type": "Polygon", "coordinates": [[[127.40063, 35.61106], [127.40062, 35.62007], [127.41166, 35.62008], [127.41167, 35.61107], [127.40063, 35.61106]]]}, "properties": {"grid_id": "다마9135", "region_type_cd": "RURAL", "households": 1, "buildings": 3, "avg_score": 24.9, "risk_level_cd": "ok"}}, {"type": "Feature", "geometry": {"type": "Polygon", "coordinates": [[[127.40062, 35.62007], [127.4006, 35.62909], [127.41165, 35.6291], [127.41166, 35.62008], [127.40062, 35.62007]]]}, "properties": {"grid_id": "다마9136", "region_type_cd": "RURAL", "households": 1, "buildings": 7, "avg_score": 23.5, "risk_level_cd": "ok"}}, {"type": "Feature", "geometry": {"type": "Polygon", "coordinates": [[[127.41167, 35.61107], [127.41166, 35.62008], [127.4227, 35.62009], [127.42271, 35.61107], [127.41167, 35.61107]]]}, "properties": {"grid_id": "다마9235", "region_type_cd": "RURAL", "households": 1, "buildings": 3, "avg_score": 23.5, "risk_level_cd": "ok"}}, {"type": "Feature", "geometry": {"type": "Polygon", "coordinates": [[[127.41166, 35.62008], [127.41165, 35.6291], [127.42269, 35.62911], [127.4227, 35.62009], [127.41166, 35.62008]]]}, "properties": {"grid_id": "다마9236", "region_type_cd": "RURAL", "households": 1, "buildings": 1, "avg_score": 23.9, "risk_level_cd": "ok"}}, {"type": "Feature", "geometry": {"type": "Polygon", "coordinates": [[[126.88927, 37.47565], [126.8892, 37.48466], [126.90051, 37.48472], [126.90058, 37.47571], [126.88927, 37.47565]]]}, "properties": {"grid_id": "다사4642", "region_type_cd": "URBAN", "households": 6194, "buildings": 14, "avg_score": 63.5, "risk_level_cd": "warn"}}, {"type": "Feature", "geometry": {"type": "Polygon", "coordinates": [[[126.90065, 37.46669], [126.90058, 37.47571], [126.91189, 37.47576], [126.91196, 37.46675], [126.90065, 37.46669]]]}, "properties": {"grid_id": "다사4741", "region_type_cd": "URBAN", "households": 4161, "buildings": 4, "avg_score": 41.5, "risk_level_cd": "warn"}}, {"type": "Feature", "geometry": {"type": "Polygon", "coordinates": [[[126.90058, 37.47571], [126.90051, 37.48472], [126.91182, 37.48478], [126.91189, 37.47576], [126.90058, 37.47571]]]}, "properties": {"grid_id": "다사4742", "region_type_cd": "URBAN", "households": 6304, "buildings": 642, "avg_score": 67.4, "risk_level_cd": "warn"}}, {"type": "Feature", "geometry": {"type": "Polygon", "coordinates": [[[126.90051, 37.48472], [126.90044, 37.49373], [126.91175, 37.49379], [126.91182, 37.48478], [126.90051, 37.48472]]]}, "properties": {"grid_id": "다사4743", "region_type_cd": "URBAN", "households": 5580, "buildings": 48, "avg_score": 84.7, "risk_level_cd": "danger"}}, {"type": "Feature", "geometry": {"type": "Polygon", "coordinates": [[[126.91203, 37.45774], [126.91196, 37.46675], [126.92327, 37.46681], [126.92334, 37.45779], [126.91203, 37.45774]]]}, "properties": {"grid_id": "다사4840", "region_type_cd": "URBAN", "households": 3476, "buildings": 653, "avg_score": 43.0, "risk_level_cd": "warn"}}, {"type": "Feature", "geometry": {"type": "Polygon", "coordinates": [[[126.91196, 37.46675], [126.91189, 37.47576], [126.9232, 37.47582], [126.92327, 37.46681], [126.91196, 37.46675]]]}, "properties": {"grid_id": "다사4841", "region_type_cd": "URBAN", "households": 5495, "buildings": 1603, "avg_score": 63.3, "risk_level_cd": "warn"}}, {"type": "Feature", "geometry": {"type": "Polygon", "coordinates": [[[126.91189, 37.47576], [126.91182, 37.48478], [126.92313, 37.48483], [126.9232, 37.47582], [126.91189, 37.47576]]]}, "properties": {"grid_id": "다사4842", "region_type_cd": "URBAN", "households": 7165, "buildings": 1455, "avg_score": 60.3, "risk_level_cd": "warn"}}, {"type": "Feature", "geometry": {"type": "Polygon", "coordinates": [[[126.91182, 37.48478], [126.91175, 37.49379], [126.92306, 37.49385], [126.92313, 37.48483], [126.91182, 37.48478]]]}, "properties": {"grid_id": "다사4843", "region_type_cd": "URBAN", "households": 7411, "buildings": 1225, "avg_score": 69.9, "risk_level_cd": "warn"}}, {"type": "Feature", "geometry": {"type": "Polygon", "coordinates": [[[126.92334, 37.45779], [126.92327, 37.46681], [126.93458, 37.46686], [126.93465, 37.45785], [126.92334, 37.45779]]]}, "properties": {"grid_id": "다사4940", "region_type_cd": "URBAN", "households": 3732, "buildings": 156, "avg_score": 53.1, "risk_level_cd": "warn"}}, {"type": "Feature", "geometry": {"type": "Polygon", "coordinates": [[[126.92327, 37.46681], [126.9232, 37.47582], [126.93451, 37.47588], [126.93458, 37.46686], [126.92327, 37.46681]]]}, "properties": {"grid_id": "다사4941", "region_type_cd": "URBAN", "households": 6241, "buildings": 1500, "avg_score": 74.9, "risk_level_cd": "danger"}}, {"type": "Feature", "geometry": {"type": "Polygon", "coordinates": [[[126.9232, 37.47582], [126.92313, 37.48483], [126.93444, 37.48489], [126.93451, 37.47588], [126.9232, 37.47582]]]}, "properties": {"grid_id": "다사4942", "region_type_cd": "URBAN", "households": 9072, "buildings": 2355, "avg_score": 69.7, "risk_level_cd": "warn"}}, {"type": "Feature", "geometry": {"type": "Polygon", "coordinates": [[[126.92313, 37.48483], [126.92306, 37.49385], [126.93437, 37.4939], [126.93444, 37.48489], [126.92313, 37.48483]]]}, "properties": {"grid_id": "다사4943", "region_type_cd": "URBAN", "households": 9846, "buildings": 1672, "avg_score": 64.1, "risk_level_cd": "warn"}}, {"type": "Feature", "geometry": {"type": "Polygon", "coordinates": [[[126.92306, 37.49385], [126.92299, 37.50286], [126.93431, 37.50292], [126.93437, 37.4939], [126.92306, 37.49385]]]}, "properties": {"grid_id": "다사4944", "region_type_cd": "URBAN", "households": 8812, "buildings": 3, "avg_score": 52.1, "risk_level_cd": "warn"}}, {"type": "Feature", "geometry": {"type": "Polygon", "coordinates": [[[126.93465, 37.45785], [126.93458, 37.46686], [126.94589, 37.46692], [126.94595, 37.4579], [126.93465, 37.45785]]]}, "properties": {"grid_id": "다사5040", "region_type_cd": "URBAN", "households": 4600, "buildings": 419, "avg_score": 64.8, "risk_level_cd": "warn"}}, {"type": "Feature", "geometry": {"type": "Polygon", "coordinates": [[[126.93458, 37.46686], [126.93451, 37.47588], [126.94582, 37.47593], [126.94589, 37.46692], [126.93458, 37.46686]]]}, "properties": {"grid_id": "다사5041", "region_type_cd": "URBAN", "households": 7220, "buildings": 1318, "avg_score": 54.4, "risk_level_cd": "warn"}}, {"type": "Feature", "geometry": {"type": "Polygon", "coordinates": [[[126.93451, 37.47588], [126.93444, 37.48489], [126.94575, 37.48494], [126.94582, 37.47593], [126.93451, 37.47588]]]}, "properties": {"grid_id": "다사5042", "region_type_cd": "URBAN", "households": 8981, "buildings": 1737, "avg_score": 51.2, "risk_level_cd": "warn"}}, {"type": "Feature", "geometry": {"type": "Polygon", "coordinates": [[[126.93444, 37.48489], [126.93437, 37.4939], [126.94569, 37.49396], [126.94575, 37.48494], [126.93444, 37.48489]]]}, "properties": {"grid_id": "다사5043", "region_type_cd": "URBAN", "households": 7770, "buildings": 1391, "avg_score": 57.1, "risk_level_cd": "warn"}}, {"type": "Feature", "geometry": {"type": "Polygon", "coordinates": [[[126.94602, 37.44889], [126.94595, 37.4579], [126.95726, 37.45795], [126.95732, 37.44894], [126.94602, 37.44889]]]}, "properties": {"grid_id": "다사5139", "region_type_cd": "URBAN", "households": 4, "buildings": 5, "avg_score": 34.9, "risk_level_cd": "ok"}}, {"type": "Feature", "geometry": {"type": "Polygon", "coordinates": [[[126.94595, 37.4579], [126.94589, 37.46692], [126.95719, 37.46697], [126.95726, 37.45795], [126.94595, 37.4579]]]}, "properties": {"grid_id": "다사5140", "region_type_cd": "NO_POP", "households": 410, "buildings": 1, "avg_score": 40.0, "risk_level_cd": "warn"}}, {"type": "Feature", "geometry": {"type": "Polygon", "coordinates": [[[126.94589, 37.46692], [126.94582, 37.47593], [126.95713, 37.47598], [126.95719, 37.46697], [126.94589, 37.46692]]]}, "properties": {"grid_id": "다사5141", "region_type_cd": "URBAN", "households": 5706, "buildings": 52, "avg_score": 41.4, "risk_level_cd": "warn"}}, {"type": "Feature", "geometry": {"type": "Polygon", "coordinates": [[[126.94582, 37.47593], [126.94575, 37.48494], [126.95706, 37.48499], [126.95713, 37.47598], [126.94582, 37.47593]]]}, "properties": {"grid_id": "다사5142", "region_type_cd": "URBAN", "households": 10643, "buildings": 1705, "avg_score": 31.8, "risk_level_cd": "ok"}}, {"type": "Feature", "geometry": {"type": "Polygon", "coordinates": [[[126.94575, 37.48494], [126.94569, 37.49396], [126.957, 37.49401], [126.95706, 37.48499], [126.94575, 37.48494]]]}, "properties": {"grid_id": "다사5143", "region_type_cd": "URBAN", "households": 8796, "buildings": 895, "avg_score": 48.7, "risk_level_cd": "warn"}}, {"type": "Feature", "geometry": {"type": "Polygon", "coordinates": [[[126.95719, 37.46697], [126.95713, 37.47598], [126.96844, 37.47603], [126.9685, 37.46702], [126.95719, 37.46697]]]}, "properties": {"grid_id": "다사5241", "region_type_cd": "URBAN", "households": 5633, "buildings": 1014, "avg_score": 65.2, "risk_level_cd": "warn"}}, {"type": "Feature", "geometry": {"type": "Polygon", "coordinates": [[[126.95713, 37.47598], [126.95706, 37.48499], [126.96837, 37.48505], [126.96844, 37.47603], [126.95713, 37.47598]]]}, "properties": {"grid_id": "다사5242", "region_type_cd": "URBAN", "households": 8666, "buildings": 1150, "avg_score": 52.0, "risk_level_cd": "warn"}}, {"type": "Feature", "geometry": {"type": "Polygon", "coordinates": [[[126.95706, 37.48499], [126.957, 37.49401], [126.96831, 37.49406], [126.96837, 37.48505], [126.95706, 37.48499]]]}, "properties": {"grid_id": "다사5243", "region_type_cd": "URBAN", "households": 7090, "buildings": 502, "avg_score": 67.8, "risk_level_cd": "warn"}}, {"type": "Feature", "geometry": {"type": "Polygon", "coordinates": [[[126.9685, 37.46702], [126.96844, 37.47603], [126.97975, 37.47608], [126.97981, 37.46707], [126.9685, 37.46702]]]}, "properties": {"grid_id": "다사5341", "region_type_cd": "URBAN", "households": 5539, "buildings": 922, "avg_score": 66.6, "risk_level_cd": "warn"}}, {"type": "Feature", "geometry": {"type": "Polygon", "coordinates": [[[126.96844, 37.47603], [126.96837, 37.48505], [126.97968, 37.4851], [126.97975, 37.47608], [126.96844, 37.47603]]]}, "properties": {"grid_id": "다사5342", "region_type_cd": "URBAN", "households": 5637, "buildings": 7, "avg_score": 77.0, "risk_level_cd": "danger"}}, {"type": "Feature", "geometry": {"type": "Polygon", "coordinates": [[[126.97987, 37.45806], [126.97981, 37.46707], [126.99112, 37.46712], [126.99118, 37.45811], [126.97987, 37.45806]]]}, "properties": {"grid_id": "다사5440", "region_type_cd": "BUFFER", "households": 387, "buildings": 3, "avg_score": 58.7, "risk_level_cd": "warn"}}, {"type": "Feature", "geometry": {"type": "Polygon", "coordinates": [[[126.97981, 37.46707], [126.97975, 37.47608], [126.99106, 37.47613], [126.99112, 37.46712], [126.97981, 37.46707]]]}, "properties": {"grid_id": "다사5441", "region_type_cd": "URBAN", "households": 3317, "buildings": 50, "avg_score": 50.7, "risk_level_cd": "warn"}}, {"type": "Feature", "geometry": {"type": "Polygon", "coordinates": [[[126.98989, 37.64738], [126.98983, 37.6564], [127.00117, 37.65645], [127.00123, 37.64743], [126.98989, 37.64738]]]}, "properties": {"grid_id": "다사5561", "region_type_cd": "RURAL", "households": 181, "buildings": 1, "avg_score": 15.8, "risk_level_cd": "ok"}}, {"type": "Feature", "geometry": {"type": "Polygon", "coordinates": [[[127.00147, 37.61138], [127.00141, 37.62039], [127.01274, 37.62044], [127.0128, 37.61143], [127.00147, 37.61138]]]}, "properties": {"grid_id": "다사5657", "region_type_cd": "URBAN", "households": 4107, "buildings": 82, "avg_score": 16.3, "risk_level_cd": "ok"}}, {"type": "Feature", "geometry": {"type": "Polygon", "coordinates": [[[127.00141, 37.62039], [127.00135, 37.62941], [127.01268, 37.62945], [127.01274, 37.62044], [127.00141, 37.62039]]]}, "properties": {"grid_id": "다사5658", "region_type_cd": "URBAN", "households": 4037, "buildings": 196, "avg_score": 49.3, "risk_level_cd": "warn"}}, {"type": "Feature", "geometry": {"type": "Polygon", "coordinates": [[[127.00135, 37.62941], [127.00129, 37.63842], [127.01262, 37.63847], [127.01268, 37.62945], [127.00135, 37.62941]]]}, "properties": {"grid_id": "다사5659", "region_type_cd": "URBAN", "households": 3777, "buildings": 462, "avg_score": 58.7, "risk_level_cd": "warn"}}, {"type": "Feature", "geometry": {"type": "Polygon", "coordinates": [[[127.00129, 37.63842], [127.00123, 37.64743], [127.01256, 37.64748], [127.01262, 37.63847], [127.00129, 37.63842]]]}, "properties": {"grid_id": "다사5660", "region_type_cd": "URBAN", "households": 3905, "buildings": 1107, "avg_score": 63.2, "risk_level_cd": "warn"}}, {"type": "Feature", "geometry": {"type": "Polygon", "coordinates": [[[127.00123, 37.64743], [127.00117, 37.65645], [127.0125, 37.65649], [127.01256, 37.64748], [127.00123, 37.64743]]]}, "properties": {"grid_id": "다사5661", "region_type_cd": "URBAN", "households": 2789, "buildings": 280, "avg_score": 61.3, "risk_level_cd": "warn"}}, {"type": "Feature", "geometry": {"type": "Polygon", "coordinates": [[[127.00117, 37.65645], [127.00111, 37.66546], [127.01244, 37.66551], [127.0125, 37.65649], [127.00117, 37.65645]]]}, "properties": {"grid_id": "다사5662", "region_type_cd": "URBAN", "households": 1488, "buildings": 402, "avg_score": 81.1, "risk_level_cd": "danger"}}, {"type": "Feature", "geometry": {"type": "Polygon", "coordinates": [[[127.00111, 37.66546], [127.00104, 37.67447], [127.01238, 37.67452], [127.01244, 37.66551], [127.00111, 37.66546]]]}, "properties": {"grid_id": "다사5663", "region_type_cd": "RURAL", "households": 489, "buildings": 19, "avg_score": 63.4, "risk_level_cd": "warn"}}, {"type": "Feature", "geometry": {"type": "Polygon", "coordinates": [[[127.00104, 37.67447], [127.00098, 37.68348], [127.01233, 37.68353], [127.01238, 37.67452], [127.00104, 37.67447]]]}, "properties": {"grid_id": "다사5664", "region_type_cd": "RURAL", "households": 7, "buildings": 3, "avg_score": 37.8, "risk_level_cd": "warn"}}, {"type": "Feature", "geometry": {"type": "Polygon", "coordinates": [[[127.0128, 37.61143], [127.01274, 37.62044], [127.02407, 37.62049], [127.02413, 37.61147], [127.0128, 37.61143]]]}, "properties": {"grid_id": "다사5757", "region_type_cd": "URBAN", "households": 5700, "buildings": 999, "avg_score": 52.2, "risk_level_cd": "warn"}}, {"type": "Feature", "geometry": {"type": "Polygon", "coordinates": [[[127.01274, 37.62044], [127.01268, 37.62945], [127.02401, 37.6295], [127.02407, 37.62049], [127.01274, 37.62044]]]}, "properties": {"grid_id": "다사5758", "region_type_cd": "URBAN", "households": 5839, "buildings": 3467, "avg_score": 69.9, "risk_level_cd": "warn"}}, {"type": "Feature", "geometry": {"type": "Polygon", "coordinates": [[[127.01268, 37.62945], [127.01262, 37.63847], [127.02395, 37.63851], [127.02401, 37.6295], [127.01268, 37.62945]]]}, "properties": {"grid_id": "다사5759", "region_type_cd": "URBAN", "households": 6181, "buildings": 2571, "avg_score": 74.3, "risk_level_cd": "danger"}}, {"type": "Feature", "geometry": {"type": "Polygon", "coordinates": [[[127.01262, 37.63847], [127.01256, 37.64748], [127.0239, 37.64753], [127.02395, 37.63851], [127.01262, 37.63847]]]}, "properties": {"grid_id": "다사5760", "region_type_cd": "URBAN", "households": 6046, "buildings": 2268, "avg_score": 73.9, "risk_level_cd": "danger"}}, {"type": "Feature", "geometry": {"type": "Polygon", "coordinates": [[[127.01256, 37.64748], [127.0125, 37.65649], [127.02384, 37.65654], [127.0239, 37.64753], [127.01256, 37.64748]]]}, "properties": {"grid_id": "다사5761", "region_type_cd": "URBAN", "households": 4652, "buildings": 378, "avg_score": 67.5, "risk_level_cd": "warn"}}, {"type": "Feature", "geometry": {"type": "Polygon", "coordinates": [[[127.0125, 37.65649], [127.01244, 37.66551], [127.02378, 37.66555], [127.02384, 37.65654], [127.0125, 37.65649]]]}, "properties": {"grid_id": "다사5762", "region_type_cd": "URBAN", "households": 1623, "buildings": 182, "avg_score": 83.3, "risk_level_cd": "danger"}}, {"type": "Feature", "geometry": {"type": "Polygon", "coordinates": [[[127.02418, 37.60246], [127.02413, 37.61147], [127.03546, 37.61152], [127.03551, 37.6025], [127.02418, 37.60246]]]}, "properties": {"grid_id": "다사5856", "region_type_cd": "URBAN", "households": 4840, "buildings": 68, "avg_score": 70.6, "risk_level_cd": "danger"}}, {"type": "Feature", "geometry": {"type": "Polygon", "coordinates": [[[127.02413, 37.61147], [127.02407, 37.62049], [127.0354, 37.62053], [127.03546, 37.61152], [127.02413, 37.61147]]]}, "properties": {"grid_id": "다사5857", "region_type_cd": "URBAN", "households": 5329, "buildings": 2782, "avg_score": 71.4, "risk_level_cd": "danger"}}, {"type": "Feature", "geometry": {"type": "Polygon", "coordinates": [[[127.02407, 37.62049], [127.02401, 37.6295], [127.03534, 37.62954], [127.0354, 37.62053], [127.02407, 37.62049]]]}, "properties": {"grid_id": "다사5858", "region_type_cd": "URBAN", "households": 4984, "buildings": 1912, "avg_score": 59.4, "risk_level_cd": "warn"}}, {"type": "Feature", "geometry": {"type": "Polygon", "coordinates": [[[127.02401, 37.6295], [127.02395, 37.63851], [127.03529, 37.63856], [127.03534, 37.62954], [127.02401, 37.6295]]]}, "properties": {"grid_id": "다사5859", "region_type_cd": "URBAN", "households": 5058, "buildings": 1556, "avg_score": 76.6, "risk_level_cd": "danger"}}, {"type": "Feature", "geometry": {"type": "Polygon", "coordinates": [[[127.02395, 37.63851], [127.0239, 37.64753], [127.03523, 37.64757], [127.03529, 37.63856], [127.02395, 37.63851]]]}, "properties": {"grid_id": "다사5860", "region_type_cd": "URBAN", "households": 5764, "buildings": 1476, "avg_score": 68.5, "risk_level_cd": "warn"}}, {"type": "Feature", "geometry": {"type": "Polygon", "coordinates": [[[127.03546, 37.61152], [127.0354, 37.62053], [127.04673, 37.62058], [127.04679, 37.61156], [127.03546, 37.61152]]]}, "properties": {"grid_id": "다사5957", "region_type_cd": "URBAN", "households": 4439, "buildings": 212, "avg_score": 61.4, "risk_level_cd": "warn"}}, {"type": "Feature", "geometry": {"type": "Polygon", "coordinates": [[[127.0354, 37.62053], [127.03534, 37.62954], [127.04668, 37.62959], [127.04673, 37.62058], [127.0354, 37.62053]]]}, "properties": {"grid_id": "다사5958", "region_type_cd": "URBAN", "households": 3600, "buildings": 213, "avg_score": 44.1, "risk_level_cd": "warn"}}, {"type": "Feature", "geometry": {"type": "Polygon", "coordinates": [[[127.03534, 37.62954], [127.03529, 37.63856], [127.04662, 37.6386], [127.04668, 37.62959], [127.03534, 37.62954]]]}, "properties": {"grid_id": "다사5959", "region_type_cd": "URBAN", "households": 3948, "buildings": 26, "avg_score": 47.7, "risk_level_cd": "warn"}}, {"type": "Feature", "geometry": {"type": "Polygon", "coordinates": [[[127.04673, 37.62058], [127.04668, 37.62959], [127.05801, 37.62963], [127.05806, 37.62062], [127.04673, 37.62058]]]}, "properties": {"grid_id": "다사6058", "region_type_cd": "URBAN", "households": 3264, "buildings": 3, "avg_score": 37.1, "risk_level_cd": "warn"}}, {"type": "Feature", "geometry": {"type": "Polygon", "coordinates": [[[129.00388, 35.1419], [129.00405, 35.15092], [129.01503, 35.15078], [129.01486, 35.14177], [129.00388, 35.1419]]]}, "properties": {"grid_id": "마라3784", "region_type_cd": "URBAN", "households": 3147, "buildings": 4, "avg_score": 27.2, "risk_level_cd": "ok"}}, {"type": "Feature", "geometry": {"type": "Polygon", "coordinates": [[[129.01486, 35.14177], [129.01503, 35.15078], [129.026, 35.15064], [129.02583, 35.14163], [129.01486, 35.14177]]]}, "properties": {"grid_id": "마라3884", "region_type_cd": "URBAN", "households": 3839, "buildings": 852, "avg_score": 60.8, "risk_level_cd": "warn"}}, {"type": "Feature", "geometry": {"type": "Polygon", "coordinates": [[[129.01503, 35.15078], [129.01519, 35.1598], [129.02617, 35.15966], [129.026, 35.15064], [129.01503, 35.15078]]]}, "properties": {"grid_id": "마라3885", "region_type_cd": "URBAN", "households": 4123, "buildings": 1169, "avg_score": 76.2, "risk_level_cd": "danger"}}, {"type": "Feature", "geometry": {"type": "Polygon", "coordinates": [[[129.01519, 35.1598], [129.01536, 35.16881], [129.02634, 35.16867], [129.02617, 35.15966], [129.01519, 35.1598]]]}, "properties": {"grid_id": "마라3886", "region_type_cd": "URBAN", "households": 3042, "buildings": 44, "avg_score": 82.1, "risk_level_cd": "danger"}}, {"type": "Feature", "geometry": {"type": "Polygon", "coordinates": [[[129.02566, 35.13262], [129.02583, 35.14163], [129.03681, 35.14149], [129.03664, 35.13248], [129.02566, 35.13262]]]}, "properties": {"grid_id": "마라3983", "region_type_cd": "URBAN", "households": 492, "buildings": 1, "avg_score": 12.0, "risk_level_cd": "ok"}}, {"type": "Feature", "geometry": {"type": "Polygon", "coordinates": [[[129.02583, 35.14163], [129.026, 35.15064], [129.03698, 35.15051], [129.03681, 35.14149], [129.02583, 35.14163]]]}, "properties": {"grid_id": "마라3984", "region_type_cd": "URBAN", "households": 3137, "buildings": 711, "avg_score": 45.4, "risk_level_cd": "warn"}}, {"type": "Feature", "geometry": {"type": "Polygon", "coordinates": [[[129.026, 35.15064], [129.02617, 35.15966], [129.03715, 35.15952], [129.03698, 35.15051], [129.026, 35.15064]]]}, "properties": {"grid_id": "마라3985", "region_type_cd": "URBAN", "households": 3558, "buildings": 789, "avg_score": 62.8, "risk_level_cd": "warn"}}, {"type": "Feature", "geometry": {"type": "Polygon", "coordinates": [[[129.02617, 35.15966], [129.02634, 35.16867], [129.03731, 35.16853], [129.03715, 35.15952], [129.02617, 35.15966]]]}, "properties": {"grid_id": "마라3986", "region_type_cd": "URBAN", "households": 3696, "buildings": 845, "avg_score": 39.5, "risk_level_cd": "warn"}}, {"type": "Feature", "geometry": {"type": "Polygon", "coordinates": [[[129.02634, 35.16867], [129.02651, 35.17769], [129.03748, 35.17755], [129.03731, 35.16853], [129.02634, 35.16867]]]}, "properties": {"grid_id": "마라3987", "region_type_cd": "URBAN", "households": 3327, "buildings": 251, "avg_score": 25.4, "risk_level_cd": "ok"}}, {"type": "Feature", "geometry": {"type": "Polygon", "coordinates": [[[129.02651, 35.17769], [129.02667, 35.1867], [129.03765, 35.18656], [129.03748, 35.17755], [129.02651, 35.17769]]]}, "properties": {"grid_id": "마라3988", "region_type_cd": "RURAL", "households": 671, "buildings": 4, "avg_score": 6.1, "risk_level_cd": "ok"}}, {"type": "Feature", "geometry": {"type": "Polygon", "coordinates": [[[129.03681, 35.14149], [129.03698, 35.15051], [129.04795, 35.15037], [129.04778, 35.14135], [129.03681, 35.14149]]]}, "properties": {"grid_id": "마라4084", "region_type_cd": "URBAN", "households": 2235, "buildings": 106, "avg_score": 59.4, "risk_level_cd": "warn"}}, {"type": "Feature", "geometry": {"type": "Polygon", "coordinates": [[[129.03698, 35.15051], [129.03715, 35.15952], [129.04812, 35.15938], [129.04795, 35.15037], [129.03698, 35.15051]]]}, "properties": {"grid_id": "마라4085", "region_type_cd": "URBAN", "households": 3859, "buildings": 1498, "avg_score": 46.0, "risk_level_cd": "warn"}}, {"type": "Feature", "geometry": {"type": "Polygon", "coordinates": [[[129.03715, 35.15952], [129.03731, 35.16853], [129.04829, 35.16839], [129.04812, 35.15938], [129.03715, 35.15952]]]}, "properties": {"grid_id": "마라4086", "region_type_cd": "URBAN", "households": 3528, "buildings": 1876, "avg_score": 48.6, "risk_level_cd": "warn"}}, {"type": "Feature", "geometry": {"type": "Polygon", "coordinates": [[[129.03731, 35.16853], [129.03748, 35.17755], [129.04846, 35.17741], [129.04829, 35.16839], [129.03731, 35.16853]]]}, "properties": {"grid_id": "마라4087", "region_type_cd": "URBAN", "households": 3040, "buildings": 721, "avg_score": 48.2, "risk_level_cd": "warn"}}, {"type": "Feature", "geometry": {"type": "Polygon", "coordinates": [[[129.03748, 35.17755], [129.03765, 35.18656], [129.04863, 35.18642], [129.04846, 35.17741], [129.03748, 35.17755]]]}, "properties": {"grid_id": "마라4088", "region_type_cd": "URBAN", "households": 1900, "buildings": 463, "avg_score": 54.8, "risk_level_cd": "warn"}}, {"type": "Feature", "geometry": {"type": "Polygon", "coordinates": [[[129.03765, 35.18656], [129.03782, 35.19558], [129.04881, 35.19544], [129.04863, 35.18642], [129.03765, 35.18656]]]}, "properties": {"grid_id": "마라4089", "region_type_cd": "BUFFER", "households": 644, "buildings": 64, "avg_score": 35.6, "risk_level_cd": "warn"}}, {"type": "Feature", "geometry": {"type": "Polygon", "coordinates": [[[129.03782, 35.19558], [129.03799, 35.20459], [129.04898, 35.20445], [129.04881, 35.19544], [129.03782, 35.19558]]]}, "properties": {"grid_id": "마라4090", "region_type_cd": "RURAL", "households": 168, "buildings": 1, "avg_score": 28.8, "risk_level_cd": "ok"}}, {"type": "Feature", "geometry": {"type": "Polygon", "coordinates": [[[129.04778, 35.14135], [129.04795, 35.15037], [129.05893, 35.15023], [129.05875, 35.14121], [129.04778, 35.14135]]]}, "properties": {"grid_id": "마라4184", "region_type_cd": "URBAN", "households": 3981, "buildings": 1652, "avg_score": 49.5, "risk_level_cd": "warn"}}, {"type": "Feature", "geometry": {"type": "Polygon", "coordinates": [[[129.04795, 35.15037], [129.04812, 35.15938], [129.0591, 35.15924], [129.05893, 35.15023], [129.04795, 35.15037]]]}, "properties": {"grid_id": "마라4185", "region_type_cd": "URBAN", "households": 4290, "buildings": 1008, "avg_score": 32.1, "risk_level_cd": "ok"}}, {"type": "Feature", "geometry": {"type": "Polygon", "coordinates": [[[129.04812, 35.15938], [129.04829, 35.16839], [129.05927, 35.16825], [129.0591, 35.15924], [129.04812, 35.15938]]]}, "properties": {"grid_id": "마라4186", "region_type_cd": "URBAN", "households": 4314, "buildings": 991, "avg_score": 42.2, "risk_level_cd": "warn"}}, {"type": "Feature", "geometry": {"type": "Polygon", "coordinates": [[[129.04829, 35.16839], [129.04846, 35.17741], [129.05944, 35.17727], [129.05927, 35.16825], [129.04829, 35.16839]]]}, "properties": {"grid_id": "마라4187", "region_type_cd": "URBAN", "households": 3835, "buildings": 1063, "avg_score": 46.5, "risk_level_cd": "warn"}}, {"type": "Feature", "geometry": {"type": "Polygon", "coordinates": [[[129.04846, 35.17741], [129.04863, 35.18642], [129.05961, 35.18628], [129.05944, 35.17727], [129.04846, 35.17741]]]}, "properties": {"grid_id": "마라4188", "region_type_cd": "URBAN", "households": 2799, "buildings": 972, "avg_score": 40.7, "risk_level_cd": "warn"}}, {"type": "Feature", "geometry": {"type": "Polygon", "coordinates": [[[129.04863, 35.18642], [129.04881, 35.19544], [129.05979, 35.19529], [129.05961, 35.18628], [129.04863, 35.18642]]]}, "properties": {"grid_id": "마라4189", "region_type_cd": "URBAN", "households": 827, "buildings": 12, "avg_score": 29.7, "risk_level_cd": "ok"}}, {"type": "Feature", "geometry": {"type": "Polygon", "coordinates": [[[129.05875, 35.14121], [129.05893, 35.15023], [129.0699, 35.15008], [129.06973, 35.14107], [129.05875, 35.14121]]]}, "properties": {"grid_id": "마라4284", "region_type_cd": "URBAN", "households": 3981, "buildings": 574, "avg_score": 55.0, "risk_level_cd": "warn"}}, {"type": "Feature", "geometry": {"type": "Polygon", "coordinates": [[[129.05893, 35.15023], [129.0591, 35.15924], [129.07007, 35.1591], [129.0699, 35.15008], [129.05893, 35.15023]]]}, "properties": {"grid_id": "마라4285", "region_type_cd": "URBAN", "households": 4666, "buildings": 886, "avg_score": 43.9, "risk_level_cd": "warn"}}, {"type": "Feature", "geometry": {"type": "Polygon", "coordinates": [[[129.0591, 35.15924], [129.05927, 35.16825], [129.07025, 35.16811], [129.07007, 35.1591], [129.0591, 35.15924]]]}, "properties": {"grid_id": "마라4286", "region_type_cd": "URBAN", "households": 4894, "buildings": 1499, "avg_score": 46.7, "risk_level_cd": "warn"}}, {"type": "Feature", "geometry": {"type": "Polygon", "coordinates": [[[129.05927, 35.16825], [129.05944, 35.17727], [129.07042, 35.17712], [129.07025, 35.16811], [129.05927, 35.16825]]]}, "properties": {"grid_id": "마라4287", "region_type_cd": "URBAN", "households": 4416, "buildings": 1187, "avg_score": 48.7, "risk_level_cd": "warn"}}, {"type": "Feature", "geometry": {"type": "Polygon", "coordinates": [[[129.05944, 35.17727], [129.05961, 35.18628], [129.07059, 35.18614], [129.07042, 35.17712], [129.05944, 35.17727]]]}, "properties": {"grid_id": "마라4288", "region_type_cd": "URBAN", "households": 2095, "buildings": 31, "avg_score": 27.5, "risk_level_cd": "ok"}}, {"type": "Feature", "geometry": {"type": "Polygon", "coordinates": [[[129.06973, 35.14107], [129.0699, 35.15008], [129.08087, 35.14994], [129.0807, 35.14093], [129.06973, 35.14107]]]}, "properties": {"grid_id": "마라4384", "region_type_cd": "URBAN", "households": 2767, "buildings": 16, "avg_score": 34.7, "risk_level_cd": "ok"}}, {"type": "Feature", "geometry": {"type": "Polygon", "coordinates": [[[129.0699, 35.15008], [129.07007, 35.1591], [129.08105, 35.15895], [129.08087, 35.14994], [129.0699, 35.15008]]]}, "properties": {"grid_id": "마라4385", "region_type_cd": "URBAN", "households": 2777, "buildings": 831, "avg_score": 45.0, "risk_level_cd": "warn"}}, {"type": "Feature", "geometry": {"type": "Polygon", "coordinates": [[[129.07007, 35.1591], [129.07025, 35.16811], [129.08122, 35.16797], [129.08105, 35.15895], [129.07007, 35.1591]]]}, "properties": {"grid_id": "마라4386", "region_type_cd": "URBAN", "households": 3088, "buildings": 238, "avg_score": 43.8, "risk_level_cd": "warn"}}, {"type": "Feature", "geometry": {"type": "Polygon", "coordinates": [[[129.07025, 35.16811], [129.07042, 35.17712], [129.0814, 35.17698], [129.08122, 35.16797], [129.07025, 35.16811]]]}, "properties": {"grid_id": "마라4387", "region_type_cd": "URBAN", "households": 4847, "buildings": 653, "avg_score": 49.7, "risk_level_cd": "warn"}}, {"type": "Feature", "geometry": {"type": "Polygon", "coordinates": [[[129.07042, 35.17712], [129.07059, 35.18614], [129.08157, 35.186], [129.0814, 35.17698], [129.07042, 35.17712]]]}, "properties": {"grid_id": "마라4388", "region_type_cd": "URBAN", "households": 5789, "buildings": 61, "avg_score": 45.3, "risk_level_cd": "warn"}}, {"type": "Feature", "geometry": {"type": "Polygon", "coordinates": [[[129.11594, 35.25767], [129.11612, 35.26668], [129.12711, 35.26654], [129.12693, 35.25752], [129.11594, 35.25767]]]}, "properties": {"grid_id": "마라4797", "region_type_cd": "RURAL", "households": 1, "buildings": 1, "avg_score": 22.0, "risk_level_cd": "ok"}}, {"type": "Feature", "geometry": {"type": "Polygon", "coordinates": [[[129.1381, 35.26639], [129.13828, 35.2754], [129.14927, 35.27525], [129.14909, 35.26624], [129.1381, 35.26639]]]}, "properties": {"grid_id": "마라4998", "region_type_cd": "RURAL", "households": 23, "buildings": 39, "avg_score": 20.6, "risk_level_cd": "ok"}}, {"type": "Feature", "geometry": {"type": "Polygon", "coordinates": [[[129.13828, 35.2754], [129.13846, 35.28441], [129.14945, 35.28426], [129.14927, 35.27525], [129.13828, 35.2754]]]}, "properties": {"grid_id": "마라4999", "region_type_cd": "RURAL", "households": 26, "buildings": 42, "avg_score": 20.5, "risk_level_cd": "ok"}}, {"type": "Feature", "geometry": {"type": "Polygon", "coordinates": [[[129.14854, 35.2392], [129.14872, 35.24821], [129.15971, 35.24806], [129.15953, 35.23905], [129.14854, 35.2392]]]}, "properties": {"grid_id": "마라5095", "region_type_cd": "RURAL", "households": 122, "buildings": 2, "avg_score": 4.1, "risk_level_cd": "ok"}}, {"type": "Feature", "geometry": {"type": "Polygon", "coordinates": [[[129.14872, 35.24821], [129.14891, 35.25722], [129.15989, 35.25707], [129.15971, 35.24806], [129.14872, 35.24821]]]}, "properties": {"grid_id": "마라5096", "region_type_cd": "RURAL", "households": 93, "buildings": 3, "avg_score": 7.2, "risk_level_cd": "ok"}}, {"type": "Feature", "geometry": {"type": "Polygon", "coordinates": [[[129.14891, 35.25722], [129.14909, 35.26624], [129.16008, 35.26609], [129.15989, 35.25707], [129.14891, 35.25722]]]}, "properties": {"grid_id": "마라5097", "region_type_cd": "RURAL", "households": 12, "buildings": 14, "avg_score": 26.6, "risk_level_cd": "ok"}}, {"type": "Feature", "geometry": {"type": "Polygon", "coordinates": [[[129.14909, 35.26624], [129.14927, 35.27525], [129.16026, 35.2751], [129.16008, 35.26609], [129.14909, 35.26624]]]}, "properties": {"grid_id": "마라5098", "region_type_cd": "RURAL", "households": 26, "buildings": 48, "avg_score": 83.2, "risk_level_cd": "danger"}}, {"type": "Feature", "geometry": {"type": "Polygon", "coordinates": [[[129.14927, 35.27525], [129.14945, 35.28426], [129.16045, 35.28411], [129.16026, 35.2751], [129.14927, 35.27525]]]}, "properties": {"grid_id": "마라5099", "region_type_cd": "RURAL", "households": 32, "buildings": 97, "avg_score": 35.0, "risk_level_cd": "ok"}}, {"type": "Feature", "geometry": {"type": "Polygon", "coordinates": [[[129.15934, 35.23003], [129.15953, 35.23905], [129.17051, 35.2389], [129.17033, 35.22988], [129.15934, 35.23003]]]}, "properties": {"grid_id": "마라5194", "region_type_cd": "URBAN", "households": 1042, "buildings": 2, "avg_score": 26.9, "risk_level_cd": "ok"}}, {"type": "Feature", "geometry": {"type": "Polygon", "coordinates": [[[129.15953, 35.23905], [129.15971, 35.24806], [129.1707, 35.24791], [129.17051, 35.2389], [129.15953, 35.23905]]]}, "properties": {"grid_id": "마라5195", "region_type_cd": "URBAN", "households": 475, "buildings": 54, "avg_score": 26.1, "risk_level_cd": "ok"}}, {"type": "Feature", "geometry": {"type": "Polygon", "coordinates": [[[129.15971, 35.24806], [129.15989, 35.25707], [129.17088, 35.25692], [129.1707, 35.24791], [129.15971, 35.24806]]]}, "properties": {"grid_id": "마라5196", "region_type_cd": "RURAL", "households": 52, "buildings": 1, "avg_score": 6.1, "risk_level_cd": "ok"}}, {"type": "Feature", "geometry": {"type": "Polygon", "coordinates": [[[129.15989, 35.25707], [129.16008, 35.26609], [129.17107, 35.26594], [129.17088, 35.25692], [129.15989, 35.25707]]]}, "properties": {"grid_id": "마라5197", "region_type_cd": "RURAL", "households": 18, "buildings": 47, "avg_score": 20.7, "risk_level_cd": "ok"}}, {"type": "Feature", "geometry": {"type": "Polygon", "coordinates": [[[129.16008, 35.26609], [129.16026, 35.2751], [129.17125, 35.27495], [129.17107, 35.26594], [129.16008, 35.26609]]]}, "properties": {"grid_id": "마라5198", "region_type_cd": "RURAL", "households": 20, "buildings": 48, "avg_score": 27.6, "risk_level_cd": "ok"}}, {"type": "Feature", "geometry": {"type": "Polygon", "coordinates": [[[129.16026, 35.2751], [129.16045, 35.28411], [129.17144, 35.28396], [129.17125, 35.27495], [129.16026, 35.2751]]]}, "properties": {"grid_id": "마라5199", "region_type_cd": "RURAL", "households": 25, "buildings": 41, "avg_score": 19.3, "risk_level_cd": "ok"}}, {"type": "Feature", "geometry": {"type": "Polygon", "coordinates": [[[129.17033, 35.22988], [129.17051, 35.2389], [129.1815, 35.23874], [129.18131, 35.22973], [129.17033, 35.22988]]]}, "properties": {"grid_id": "마라5294", "region_type_cd": "BUFFER", "households": 235, "buildings": 72, "avg_score": 21.9, "risk_level_cd": "ok"}}, {"type": "Feature", "geometry": {"type": "Polygon", "coordinates": [[[129.17051, 35.2389], [129.1707, 35.24791], [129.18169, 35.24776], [129.1815, 35.23874], [129.17051, 35.2389]]]}, "properties": {"grid_id": "마라5295", "region_type_cd": "BUFFER", "households": 318, "buildings": 61, "avg_score": 23.6, "risk_level_cd": "ok"}}, {"type": "Feature", "geometry": {"type": "Polygon", "coordinates": [[[129.1707, 35.24791], [129.17088, 35.25692], [129.18187, 35.25677], [129.18169, 35.24776], [129.1707, 35.24791]]]}, "properties": {"grid_id": "마라5296", "region_type_cd": "RURAL", "households": 7, "buildings": 6, "avg_score": 20.5, "risk_level_cd": "ok"}}, {"type": "Feature", "geometry": {"type": "Polygon", "coordinates": [[[129.17088, 35.25692], [129.17107, 35.26594], [129.18206, 35.26578], [129.18187, 35.25677], [129.17088, 35.25692]]]}, "properties": {"grid_id": "마라5297", "region_type_cd": "RURAL", "households": 13, "buildings": 19, "avg_score": 22.2, "risk_level_cd": "ok"}}, {"type": "Feature", "geometry": {"type": "Polygon", "coordinates": [[[129.17107, 35.26594], [129.17125, 35.27495], [129.18224, 35.2748], [129.18206, 35.26578], [129.17107, 35.26594]]]}, "properties": {"grid_id": "마라5298", "region_type_cd": "RURAL", "households": 4, "buildings": 9, "avg_score": 23.5, "risk_level_cd": "ok"}}, {"type": "Feature", "geometry": {"type": "Polygon", "coordinates": [[[129.17125, 35.27495], [129.17144, 35.28396], [129.18243, 35.28381], [129.18224, 35.2748], [129.17125, 35.27495]]]}, "properties": {"grid_id": "마라5299", "region_type_cd": "RURAL", "households": 17, "buildings": 52, "avg_score": 19.1, "risk_level_cd": "ok"}}, {"type": "Feature", "geometry": {"type": "Polygon", "coordinates": [[[129.18076, 35.20269], [129.18094, 35.2117], [129.19192, 35.21155], [129.19174, 35.20254], [129.18076, 35.20269]]]}, "properties": {"grid_id": "마라5391", "region_type_cd": "URBAN", "households": 0, "buildings": 5, "avg_score": 15.9, "risk_level_cd": "ok"}}, {"type": "Feature", "geometry": {"type": "Polygon", "coordinates": [[[129.18131, 35.22973], [129.1815, 35.23874], [129.19249, 35.23859], [129.1923, 35.22958], [129.18131, 35.22973]]]}, "properties": {"grid_id": "마라5394", "region_type_cd": "RURAL", "households": 46, "buildings": 4, "avg_score": 17.5, "risk_level_cd": "ok"}}, {"type": "Feature", "geometry": {"type": "Polygon", "coordinates": [[[129.18169, 35.24776], [129.18187, 35.25677], [129.19286, 35.25662], [129.19267, 35.2476], [129.18169, 35.24776]]]}, "properties": {"grid_id": "마라5396", "region_type_cd": "RURAL", "households": 8, "buildings": 13, "avg_score": 22.0, "risk_level_cd": "ok"}}, {"type": "Feature", "geometry": {"type": "Polygon", "coordinates": [[[129.18187, 35.25677], [129.18206, 35.26578], [129.19305, 35.26563], [129.19286, 35.25662], [129.18187, 35.25677]]]}, "properties": {"grid_id": "마라5397", "region_type_cd": "RURAL", "households": 8, "buildings": 2, "avg_score": 35.9, "risk_level_cd": "warn"}}, {"type": "Feature", "geometry": {"type": "Polygon", "coordinates": [[[129.18206, 35.26578], [129.18224, 35.2748], [129.19324, 35.27464], [129.19305, 35.26563], [129.18206, 35.26578]]]}, "properties": {"grid_id": "마라5398", "region_type_cd": "RURAL", "households": 2, "buildings": 9, "avg_score": 22.9, "risk_level_cd": "ok"}}, {"type": "Feature", "geometry": {"type": "Polygon", "coordinates": [[[129.18224, 35.2748], [129.18243, 35.28381], [129.19342, 35.28366], [129.19324, 35.27464], [129.18224, 35.2748]]]}, "properties": {"grid_id": "마라5399", "region_type_cd": "NO_POP", "households": 0, "buildings": 1, "avg_score": 15.9, "risk_level_cd": "ok"}}, {"type": "Feature", "geometry": {"type": "Polygon", "coordinates": [[[129.19155, 35.19353], [129.19174, 35.20254], [129.20272, 35.20238], [129.20253, 35.19337], [129.19155, 35.19353]]]}, "properties": {"grid_id": "마라5490", "region_type_cd": "RURAL", "households": 56, "buildings": 20, "avg_score": 15.1, "risk_level_cd": "ok"}}, {"type": "Feature", "geometry": {"type": "Polygon", "coordinates": [[[129.19174, 35.20254], [129.19192, 35.21155], [129.20291, 35.2114], [129.20272, 35.20238], [129.19174, 35.20254]]]}, "properties": {"grid_id": "마라5491", "region_type_cd": "RURAL", "households": 167, "buildings": 3, "avg_score": 0.4, "risk_level_cd": "ok"}}, {"type": "Feature", "geometry": {"type": "Polygon", "coordinates": [[[129.19192, 35.21155], [129.19211, 35.22056], [129.20309, 35.22041], [129.20291, 35.2114], [129.19192, 35.21155]]]}, "properties": {"grid_id": "마라5492", "region_type_cd": "RURAL", "households": 126, "buildings": 40, "avg_score": 18.5, "risk_level_cd": "ok"}}, {"type": "Feature", "geometry": {"type": "Polygon", "coordinates": [[[129.1923, 35.22958], [129.19249, 35.23859], [129.20347, 35.23844], [129.20328, 35.22942], [129.1923, 35.22958]]]}, "properties": {"grid_id": "마라5494", "region_type_cd": "RURAL", "households": 13, "buildings": 2, "avg_score": 26.0, "risk_level_cd": "ok"}}, {"type": "Feature", "geometry": {"type": "Polygon", "coordinates": [[[129.19249, 35.23859], [129.19267, 35.2476], [129.20366, 35.24745], [129.20347, 35.23844], [129.19249, 35.23859]]]}, "properties": {"grid_id": "마라5495", "region_type_cd": "URBAN", "households": 1, "buildings": 2, "avg_score": 15.9, "risk_level_cd": "ok"}}, {"type": "Feature", "geometry": {"type": "Polygon", "coordinates": [[[129.19267, 35.2476], [129.19286, 35.25662], [129.20385, 35.25646], [129.20366, 35.24745], [129.19267, 35.2476]]]}, "properties": {"grid_id": "마라5496", "region_type_cd": "RURAL", "households": 413, "buildings": 5, "avg_score": 13.2, "risk_level_cd": "ok"}}, {"type": "Feature", "geometry": {"type": "Polygon", "coordinates": [[[129.19286, 35.25662], [129.19305, 35.26563], [129.20404, 35.26548], [129.20385, 35.25646], [129.19286, 35.25662]]]}, "properties": {"grid_id": "마라5497", "region_type_cd": "RURAL", "households": 45, "buildings": 70, "avg_score": 16.5, "risk_level_cd": "ok"}}, {"type": "Feature", "geometry": {"type": "Polygon", "coordinates": [[[129.19324, 35.27464], [129.19342, 35.28366], [129.20441, 35.2835], [129.20423, 35.27449], [129.19324, 35.27464]]]}, "properties": {"grid_id": "마라5499", "region_type_cd": "RURAL", "households": 7, "buildings": 39, "avg_score": 21.2, "risk_level_cd": "ok"}}, {"type": "Feature", "geometry": {"type": "Polygon", "coordinates": [[[129.20215, 35.17534], [129.20234, 35.18436], [129.21332, 35.1842], [129.21313, 35.17519], [129.20215, 35.17534]]]}, "properties": {"grid_id": "마라5588", "region_type_cd": "BUFFER", "households": 499, "buildings": 26, "avg_score": 35.8, "risk_level_cd": "warn"}}, {"type": "Feature", "geometry": {"type": "Polygon", "coordinates": [[[129.20234, 35.18436], [129.20253, 35.19337], [129.21351, 35.19322], [129.21332, 35.1842], [129.20234, 35.18436]]]}, "properties": {"grid_id": "마라5589", "region_type_cd": "URBAN", "households": 685, "buildings": 177, "avg_score": 32.2, "risk_level_cd": "ok"}}, {"type": "Feature", "geometry": {"type": "Polygon", "coordinates": [[[129.20253, 35.19337], [129.20272, 35.20238], [129.2137, 35.20223], [129.21351, 35.19322], [129.20253, 35.19337]]]}, "properties": {"grid_id": "마라5590", "region_type_cd": "BUFFER", "households": 373, "buildings": 69, "avg_score": 30.0, "risk_level_cd": "ok"}}, {"type": "Feature", "geometry": {"type": "Polygon", "coordinates": [[[129.20272, 35.20238], [129.20291, 35.2114], [129.21389, 35.21124], [129.2137, 35.20223], [129.20272, 35.20238]]]}, "properties": {"grid_id": "마라5591", "region_type_cd": "URBAN", "households": 588, "buildings": 88, "avg_score": 25.0, "risk_level_cd": "ok"}}, {"type": "Feature", "geometry": {"type": "Polygon", "coordinates": [[[129.20291, 35.2114], [129.20309, 35.22041], [129.21408, 35.22026], [129.21389, 35.21124], [129.20291, 35.2114]]]}, "properties": {"grid_id": "마라5592", "region_type_cd": "RURAL", "households": 183, "buildings": 10, "avg_score": 12.5, "risk_level_cd": "ok"}}, {"type": "Feature", "geometry": {"type": "Polygon", "coordinates": [[[129.20309, 35.22041], [129.20328, 35.22942], [129.21427, 35.22927], [129.21408, 35.22026], [129.20309, 35.22041]]]}, "properties": {"grid_id": "마라5593", "region_type_cd": "RURAL", "households": 249, "buildings": 44, "avg_score": 4.8, "risk_level_cd": "ok"}}, {"type": "Feature", "geometry": {"type": "Polygon", "coordinates": [[[129.20328, 35.22942], [129.20347, 35.23844], [129.21446, 35.23828], [129.21427, 35.22927], [129.20328, 35.22942]]]}, "properties": {"grid_id": "마라5594", "region_type_cd": "URBAN", "households": 1158, "buildings": 97, "avg_score": 29.9, "risk_level_cd": "ok"}}, {"type": "Feature", "geometry": {"type": "Polygon", "coordinates": [[[129.20347, 35.23844], [129.20366, 35.24745], [129.21465, 35.24729], [129.21446, 35.23828], [129.20347, 35.23844]]]}, "properties": {"grid_id": "마라5595", "region_type_cd": "URBAN", "households": 1585, "buildings": 545, "avg_score": 44.6, "risk_level_cd": "warn"}}, {"type": "Feature", "geometry": {"type": "Polygon", "coordinates": [[[129.20366, 35.24745], [129.20385, 35.25646], [129.21484, 35.25631], [129.21465, 35.24729], [129.20366, 35.24745]]]}, "properties": {"grid_id": "마라5596", "region_type_cd": "URBAN", "households": 1345, "buildings": 94, "avg_score": 38.3, "risk_level_cd": "warn"}}, {"type": "Feature", "geometry": {"type": "Polygon", "coordinates": [[[129.20385, 35.25646], [129.20404, 35.26548], [129.21503, 35.26532], [129.21484, 35.25631], [129.20385, 35.25646]]]}, "properties": {"grid_id": "마라5597", "region_type_cd": "RURAL", "households": 1040, "buildings": 17, "avg_score": 27.4, "risk_level_cd": "ok"}}, {"type": "Feature", "geometry": {"type": "Polygon", "coordinates": [[[129.20404, 35.26548], [129.20423, 35.27449], [129.21522, 35.27433], [129.21503, 35.26532], [129.20404, 35.26548]]]}, "properties": {"grid_id": "마라5598", "region_type_cd": "RURAL", "households": 0, "buildings": 1, "avg_score": 29.9, "risk_level_cd": "ok"}}, {"type": "Feature", "geometry": {"type": "Polygon", "coordinates": [[[129.21332, 35.1842], [129.21351, 35.19322], [129.22449, 35.19306], [129.2243, 35.18405], [129.21332, 35.1842]]]}, "properties": {"grid_id": "마라5689", "region_type_cd": "RURAL", "households": 345, "buildings": 16, "avg_score": 7.9, "risk_level_cd": "ok"}}, {"type": "Feature", "geometry": {"type": "Polygon", "coordinates": [[[129.21351, 35.19322], [129.2137, 35.20223], [129.22468, 35.20207], [129.22449, 35.19306], [129.21351, 35.19322]]]}, "properties": {"grid_id": "마라5690", "region_type_cd": "RURAL", "households": 27, "buildings": 69, "avg_score": 17.0, "risk_level_cd": "ok"}}, {"type": "Feature", "geometry": {"type": "Polygon", "coordinates": [[[129.2137, 35.20223], [129.21389, 35.21124], [129.22487, 35.21109], [129.22468, 35.20207], [129.2137, 35.20223]]]}, "properties": {"grid_id": "마라5691", "region_type_cd": "RURAL", "households": 10, "buildings": 1, "avg_score": 28.0, "risk_level_cd": "ok"}}, {"type": "Feature", "geometry": {"type": "Polygon", "coordinates": [[[129.21389, 35.21124], [129.21408, 35.22026], [129.22506, 35.2201], [129.22487, 35.21109], [129.21389, 35.21124]]]}, "properties": {"grid_id": "마라5692", "region_type_cd": "RURAL", "households": 41, "buildings": 54, "avg_score": 13.1, "risk_level_cd": "ok"}}, {"type": "Feature", "geometry": {"type": "Polygon", "coordinates": [[[129.21408, 35.22026], [129.21427, 35.22927], [129.22525, 35.22911], [129.22506, 35.2201], [129.21408, 35.22026]]]}, "properties": {"grid_id": "마라5693", "region_type_cd": "RURAL", "households": 331, "buildings": 7, "avg_score": 22.4, "risk_level_cd": "ok"}}, {"type": "Feature", "geometry": {"type": "Polygon", "coordinates": [[[129.21427, 35.22927], [129.21446, 35.23828], [129.22544, 35.23813], [129.22525, 35.22911], [129.21427, 35.22927]]]}, "properties": {"grid_id": "마라5694", "region_type_cd": "URBAN", "households": 1257, "buildings": 112, "avg_score": 26.1, "risk_level_cd": "ok"}}, {"type": "Feature", "geometry": {"type": "Polygon", "coordinates": [[[129.21446, 35.23828], [129.21465, 35.24729], [129.22563, 35.24714], [129.22544, 35.23813], [129.21446, 35.23828]]]}, "properties": {"grid_id": "마라5695", "region_type_cd": "URBAN", "households": 1661, "buildings": 369, "avg_score": 58.1, "risk_level_cd": "warn"}}, {"type": "Feature", "geometry": {"type": "Polygon", "coordinates": [[[129.21465, 35.24729], [129.21484, 35.25631], [129.22582, 35.25615], [129.22563, 35.24714], [129.21465, 35.24729]]]}, "properties": {"grid_id": "마라5696", "region_type_cd": "URBAN", "households": 1776, "buildings": 165, "avg_score": 54.2, "risk_level_cd": "warn"}}, {"type": "Feature", "geometry": {"type": "Polygon", "coordinates": [[[129.21484, 35.25631], [129.21503, 35.26532], [129.22602, 35.26516], [129.22582, 35.25615], [129.21484, 35.25631]]]}, "properties": {"grid_id": "마라5697", "region_type_cd": "URBAN", "households": 1954, "buildings": 136, "avg_score": 20.4, "risk_level_cd": "ok"}}, {"type": "Feature", "geometry": {"type": "Polygon", "coordinates": [[[129.21503, 35.26532], [129.21522, 35.27433], [129.22621, 35.27418], [129.22602, 35.26516], [129.21503, 35.26532]]]}, "properties": {"grid_id": "마라5698", "region_type_cd": "URBAN", "households": 1323, "buildings": 105, "avg_score": 13.4, "risk_level_cd": "ok"}}, {"type": "Feature", "geometry": {"type": "Polygon", "coordinates": [[[129.21522, 35.27433], [129.21541, 35.28335], [129.2264, 35.28319], [129.22621, 35.27418], [129.21522, 35.27433]]]}, "properties": {"grid_id": "마라5699", "region_type_cd": "RURAL", "households": 269, "buildings": 23, "avg_score": 16.6, "risk_level_cd": "ok"}}, {"type": "Feature", "geometry": {"type": "Polygon", "coordinates": [[[129.22449, 35.19306], [129.22468, 35.20207], [129.23566, 35.20192], [129.23547, 35.1929], [129.22449, 35.19306]]]}, "properties": {"grid_id": "마라5790", "region_type_cd": "RURAL", "households": 19, "buildings": 33, "avg_score": 18.4, "risk_level_cd": "ok"}}, {"type": "Feature", "geometry": {"type": "Polygon", "coordinates": [[[129.22487, 35.21109], [129.22506, 35.2201], [129.23604, 35.21994], [129.23585, 35.21093], [129.22487, 35.21109]]]}, "properties": {"grid_id": "마라5792", "region_type_cd": "BUFFER", "households": 92, "buildings": 85, "avg_score": 13.2, "risk_level_cd": "ok"}}, {"type": "Feature", "geometry": {"type": "Polygon", "coordinates": [[[129.22506, 35.2201], [129.22525, 35.22911], [129.23624, 35.22896], [129.23604, 35.21994], [129.22506, 35.2201]]]}, "properties": {"grid_id": "마라5793", "region_type_cd": "BUFFER", "households": 256, "buildings": 260, "avg_score": 79.3, "risk_level_cd": "danger"}}, {"type": "Feature", "geometry": {"type": "Polygon", "coordinates": [[[129.22544, 35.23813], [129.22563, 35.24714], [129.23662, 35.24698], [129.23643, 35.23797], [129.22544, 35.23813]]]}, "properties": {"grid_id": "마라5795", "region_type_cd": "RURAL", "households": 816, "buildings": 44, "avg_score": 0.0, "risk_level_cd": "ok"}}, {"type": "Feature", "geometry": {"type": "Polygon", "coordinates": [[[129.22563, 35.24714], [129.22582, 35.25615], [129.23681, 35.25599], [129.23662, 35.24698], [129.22563, 35.24714]]]}, "properties": {"grid_id": "마라5796", "region_type_cd": "BUFFER", "households": 138, "buildings": 1, "avg_score": 0.0, "risk_level_cd": "ok"}}, {"type": "Feature", "geometry": {"type": "Polygon", "coordinates": [[[129.22582, 35.25615], [129.22602, 35.26516], [129.23701, 35.26501], [129.23681, 35.25599], [129.22582, 35.25615]]]}, "properties": {"grid_id": "마라5797", "region_type_cd": "BUFFER", "households": 1085, "buildings": 118, "avg_score": 45.1, "risk_level_cd": "warn"}}, {"type": "Feature", "geometry": {"type": "Polygon", "coordinates": [[[129.22602, 35.26516], [129.22621, 35.27418], [129.2372, 35.27402], [129.23701, 35.26501], [129.22602, 35.26516]]]}, "properties": {"grid_id": "마라5798", "region_type_cd": "URBAN", "households": 996, "buildings": 162, "avg_score": 38.5, "risk_level_cd": "warn"}}, {"type": "Feature", "geometry": {"type": "Polygon", "coordinates": [[[129.22621, 35.27418], [129.2264, 35.28319], [129.23739, 35.28303], [129.2372, 35.27402], [129.22621, 35.27418]]]}, "properties": {"grid_id": "마라5799", "region_type_cd": "RURAL", "households": 486, "buildings": 69, "avg_score": 24.6, "risk_level_cd": "ok"}}, {"type": "Feature", "geometry": {"type": "Polygon", "coordinates": [[[129.23604, 35.21994], [129.23624, 35.22896], [129.24722, 35.2288], [129.24703, 35.21978], [129.23604, 35.21994]]]}, "properties": {"grid_id": "마라5893", "region_type_cd": "RURAL", "households": 80, "buildings": 1, "avg_score": 31.4, "risk_level_cd": "ok"}}, {"type": "Feature", "geometry": {"type": "Polygon", "coordinates": [[[129.23624, 35.22896], [129.23643, 35.23797], [129.24741, 35.23781], [129.24722, 35.2288], [129.23624, 35.22896]]]}, "properties": {"grid_id": "마라5894", "region_type_cd": "RURAL", "households": 45, "buildings": 23, "avg_score": 16.6, "risk_level_cd": "ok"}}, {"type": "Feature", "geometry": {"type": "Polygon", "coordinates": [[[129.23643, 35.23797], [129.23662, 35.24698], [129.24761, 35.24682], [129.24741, 35.23781], [129.23643, 35.23797]]]}, "properties": {"grid_id": "마라5895", "region_type_cd": "BUFFER", "households": 78, "buildings": 247, "avg_score": 9.7, "risk_level_cd": "ok"}}, {"type": "Feature", "geometry": {"type": "Polygon", "coordinates": [[[129.23662, 35.24698], [129.23681, 35.25599], [129.2478, 35.25584], [129.24761, 35.24682], [129.23662, 35.24698]]]}, "properties": {"grid_id": "마라5896", "region_type_cd": "URBAN", "households": 19, "buildings": 11, "avg_score": 15.8, "risk_level_cd": "ok"}}, {"type": "Feature", "geometry": {"type": "Polygon", "coordinates": [[[129.23681, 35.25599], [129.23701, 35.26501], [129.24799, 35.26485], [129.2478, 35.25584], [129.23681, 35.25599]]]}, "properties": {"grid_id": "마라5897", "region_type_cd": "BUFFER", "households": 316, "buildings": 197, "avg_score": 24.1, "risk_level_cd": "ok"}}, {"type": "Feature", "geometry": {"type": "Polygon", "coordinates": [[[129.23701, 35.26501], [129.2372, 35.27402], [129.24819, 35.27386], [129.24799, 35.26485], [129.23701, 35.26501]]]}, "properties": {"grid_id": "마라5898", "region_type_cd": "BUFFER", "households": 553, "buildings": 294, "avg_score": 36.3, "risk_level_cd": "warn"}}, {"type": "Feature", "geometry": {"type": "Polygon", "coordinates": [[[129.24741, 35.23781], [129.24761, 35.24682], [129.25859, 35.24666], [129.2584, 35.23765], [129.24741, 35.23781]]]}, "properties": {"grid_id": "마라5995", "region_type_cd": "RURAL", "households": 45, "buildings": 28, "avg_score": 14.2, "risk_level_cd": "ok"}}, {"type": "Feature", "geometry": {"type": "Polygon", "coordinates": [[[129.24761, 35.24682], [129.2478, 35.25584], [129.25879, 35.25568], [129.25859, 35.24666], [129.24761, 35.24682]]]}, "properties": {"grid_id": "마라5996", "region_type_cd": "URBAN", "households": 4, "buildings": 1, "avg_score": 15.9, "risk_level_cd": "ok"}}, {"type": "Feature", "geometry": {"type": "Polygon", "coordinates": [[[129.2478, 35.25584], [129.24799, 35.26485], [129.25898, 35.26469], [129.25879, 35.25568], [129.2478, 35.25584]]]}, "properties": {"grid_id": "마라5997", "region_type_cd": "RURAL", "households": 23, "buildings": 1, "avg_score": 38.4, "risk_level_cd": "warn"}}, {"type": "Feature", "geometry": {"type": "Polygon", "coordinates": [[[129.24799, 35.26485], [129.24819, 35.27386], [129.25918, 35.2737], [129.25898, 35.26469], [129.24799, 35.26485]]]}, "properties": {"grid_id": "마라5998", "region_type_cd": "RURAL", "households": 30, "buildings": 3, "avg_score": 18.2, "risk_level_cd": "ok"}}, {"type": "Feature", "geometry": {"type": "Polygon", "coordinates": [[[129.24819, 35.27386], [129.24838, 35.28287], [129.25937, 35.28272], [129.25918, 35.2737], [129.24819, 35.27386]]]}, "properties": {"grid_id": "마라5999", "region_type_cd": "RURAL", "households": 27, "buildings": 2, "avg_score": 12.6, "risk_level_cd": "ok"}}, {"type": "Feature", "geometry": {"type": "Polygon", "coordinates": [[[129.10584, 35.30288], [129.10602, 35.3119], [129.11701, 35.31175], [129.11684, 35.30274], [129.10584, 35.30288]]]}, "properties": {"grid_id": "마마4602", "region_type_cd": "BUFFER", "households": 118, "buildings": 101, "avg_score": 64.7, "risk_level_cd": "warn"}}, {"type": "Feature", "geometry": {"type": "Polygon", "coordinates": [[[129.10602, 35.3119], [129.1062, 35.32091], [129.11719, 35.32076], [129.11701, 35.31175], [129.10602, 35.3119]]]}, "properties": {"grid_id": "마마4603", "region_type_cd": "RURAL", "households": 56, "buildings": 35, "avg_score": 66.0, "risk_level_cd": "warn"}}, {"type": "Feature", "geometry": {"type": "Polygon", "coordinates": [[[129.11684, 35.30274], [129.11701, 35.31175], [129.12801, 35.3116], [129.12783, 35.30259], [129.11684, 35.30274]]]}, "properties": {"grid_id": "마마4702", "region_type_cd": "RURAL", "households": 56, "buildings": 54, "avg_score": 100.0, "risk_level_cd": "danger"}}, {"type": "Feature", "geometry": {"type": "Polygon", "coordinates": [[[129.11701, 35.31175], [129.11719, 35.32076], [129.12819, 35.32062], [129.12801, 35.3116], [129.11701, 35.31175]]]}, "properties": {"grid_id": "마마4703", "region_type_cd": "RURAL", "households": 51, "buildings": 130, "avg_score": 26.4, "risk_level_cd": "ok"}}, {"type": "Feature", "geometry": {"type": "Polygon", "coordinates": [[[129.11719, 35.32076], [129.11737, 35.32978], [129.12837, 35.32963], [129.12819, 35.32062], [129.11719, 35.32076]]]}, "properties": {"grid_id": "마마4704", "region_type_cd": "RURAL", "households": 29, "buildings": 4, "avg_score": 20.0, "risk_level_cd": "ok"}}, {"type": "Feature", "geometry": {"type": "Polygon", "coordinates": [[[129.11737, 35.32978], [129.11755, 35.33879], [129.12855, 35.33864], [129.12837, 35.32963], [129.11737, 35.32978]]]}, "properties": {"grid_id": "마마4705", "region_type_cd": "RURAL", "households": 17, "buildings": 5, "avg_score": 16.1, "risk_level_cd": "ok"}}, {"type": "Feature", "geometry": {"type": "Polygon", "coordinates": [[[129.11755, 35.33879], [129.11773, 35.3478], [129.12873, 35.34766], [129.12855, 35.33864], [129.11755, 35.33879]]]}, "properties": {"grid_id": "마마4706", "region_type_cd": "RURAL", "households": 13, "buildings": 3, "avg_score": 21.6, "risk_level_cd": "ok"}}, {"type": "Feature", "geometry": {"type": "Polygon", "coordinates": [[[129.12765, 35.29358], [129.12783, 35.30259], [129.13883, 35.30244], [129.13864, 35.29343], [129.12765, 35.29358]]]}, "properties": {"grid_id": "마마4801", "region_type_cd": "URBAN", "households": 0, "buildings": 2, "avg_score": 21.0, "risk_level_cd": "ok"}}, {"type": "Feature", "geometry": {"type": "Polygon", "coordinates": [[[129.12801, 35.3116], [129.12819, 35.32062], [129.13919, 35.32047], [129.13901, 35.31145], [129.12801, 35.3116]]]}, "properties": {"grid_id": "마마4803", "region_type_cd": "URBAN", "households": 0, "buildings": 1, "avg_score": 42.8, "risk_level_cd": "warn"}}, {"type": "Feature", "geometry": {"type": "Polygon", "coordinates": [[[129.12819, 35.32062], [129.12837, 35.32963], [129.13937, 35.32948], [129.13919, 35.32047], [129.12819, 35.32062]]]}, "properties": {"grid_id": "마마4804", "region_type_cd": "RURAL", "households": 1, "buildings": 1, "avg_score": 35.9, "risk_level_cd": "warn"}}, {"type": "Feature", "geometry": {"type": "Polygon", "coordinates": [[[129.12837, 35.32963], [129.12855, 35.33864], [129.13955, 35.33849], [129.13937, 35.32948], [129.12837, 35.32963]]]}, "properties": {"grid_id": "마마4805", "region_type_cd": "RURAL", "households": 9, "buildings": 2, "avg_score": 30.6, "risk_level_cd": "ok"}}, {"type": "Feature", "geometry": {"type": "Polygon", "coordinates": [[[129.12873, 35.34766], [129.12892, 35.35667], [129.13992, 35.35652], [129.13974, 35.34751], [129.12873, 35.34766]]]}, "properties": {"grid_id": "마마4807", "region_type_cd": "RURAL", "households": 33, "buildings": 78, "avg_score": 97.1, "risk_level_cd": "danger"}}, {"type": "Feature", "geometry": {"type": "Polygon", "coordinates": [[[129.12892, 35.35667], [129.1291, 35.36568], [129.1401, 35.36553], [129.13992, 35.35652], [129.12892, 35.35667]]]}, "properties": {"grid_id": "마마4808", "region_type_cd": "RURAL", "households": 132, "buildings": 107, "avg_score": 11.6, "risk_level_cd": "ok"}}, {"type": "Feature", "geometry": {"type": "Polygon", "coordinates": [[[129.13919, 35.32047], [129.13937, 35.32948], [129.15037, 35.32933], [129.15019, 35.32032], [129.13919, 35.32047]]]}, "properties": {"grid_id": "마마4904", "region_type_cd": "RURAL", "households": 2, "buildings": 12, "avg_score": 22.9, "risk_level_cd": "ok"}}, {"type": "Feature", "geometry": {"type": "Polygon", "coordinates": [[[129.13937, 35.32948], [129.13955, 35.33849], [129.15055, 35.33834], [129.15037, 35.32933], [129.13937, 35.32948]]]}, "properties": {"grid_id": "마마4905", "region_type_cd": "RURAL", "households": 1, "buildings": 2, "avg_score": 26.4, "risk_level_cd": "ok"}}, {"type": "Feature", "geometry": {"type": "Polygon", "coordinates": [[[129.13974, 35.34751], [129.13992, 35.35652], [129.15092, 35.35637], [129.15074, 35.34736], [129.13974, 35.34751]]]}, "properties": {"grid_id": "마마4907", "region_type_cd": "RURAL", "households": 20, "buildings": 56, "avg_score": 34.5, "risk_level_cd": "ok"}}, {"type": "Feature", "geometry": {"type": "Polygon", "coordinates": [[[129.13992, 35.35652], [129.1401, 35.36553], [129.1511, 35.36538], [129.15092, 35.35637], [129.13992, 35.35652]]]}, "properties": {"grid_id": "마마4908", "region_type_cd": "BUFFER", "households": 238, "buildings": 64, "avg_score": 11.9, "risk_level_cd": "ok"}}, {"type": "Feature", "geometry": {"type": "Polygon", "coordinates": [[[129.14945, 35.28426], [129.14964, 35.29328], [129.16063, 35.29313], [129.16045, 35.28411], [129.14945, 35.28426]]]}, "properties": {"grid_id": "마마5000", "region_type_cd": "RURAL", "households": 23, "buildings": 20, "avg_score": 17.9, "risk_level_cd": "ok"}}, {"type": "Feature", "geometry": {"type": "Polygon", "coordinates": [[[129.14982, 35.30229], [129.15, 35.3113], [129.161, 35.31115], [129.16081, 35.30214], [129.14982, 35.30229]]]}, "properties": {"grid_id": "마마5002", "region_type_cd": "RURAL", "households": 2, "buildings": 5, "avg_score": 19.0, "risk_level_cd": "ok"}}, {"type": "Feature", "geometry": {"type": "Polygon", "coordinates": [[[129.15019, 35.32032], [129.15037, 35.32933], [129.16137, 35.32918], [129.16118, 35.32017], [129.15019, 35.32032]]]}, "properties": {"grid_id": "마마5004", "region_type_cd": "RURAL", "households": 626, "buildings": 6, "avg_score": 0.0, "risk_level_cd": "ok"}}, {"type": "Feature", "geometry": {"type": "Polygon", "coordinates": [[[129.15037, 35.32933], [129.15055, 35.33834], [129.16155, 35.33819], [129.16137, 35.32918], [129.15037, 35.32933]]]}, "properties": {"grid_id": "마마5005", "region_type_cd": "RURAL", "households": 1008, "buildings": 16, "avg_score": 58.1, "risk_level_cd": "warn"}}, {"type": "Feature", "geometry": {"type": "Polygon", "coordinates": [[[129.15055, 35.33834], [129.15074, 35.34736], [129.16174, 35.34721], [129.16155, 35.33819], [129.15055, 35.33834]]]}, "properties": {"grid_id": "마마5006", "region_type_cd": "BUFFER", "households": 242, "buildings": 4, "avg_score": 41.7, "risk_level_cd": "warn"}}, {"type": "Feature", "geometry": {"type": "Polygon", "coordinates": [[[129.15074, 35.34736], [129.15092, 35.35637], [129.16192, 35.35622], [129.16174, 35.34721], [129.15074, 35.34736]]]}, "properties": {"grid_id": "마마5007", "region_type_cd": "RURAL", "households": 5, "buildings": 2, "avg_score": 17.6, "risk_level_cd": "ok"}}, {"type": "Feature", "geometry": {"type": "Polygon", "coordinates": [[[129.16045, 35.28411], [129.16063, 35.29313], [129.17162, 35.29298], [129.17144, 35.28396], [129.16045, 35.28411]]]}, "properties": {"grid_id": "마마5100", "region_type_cd": "BUFFER", "households": 51, "buildings": 146, "avg_score": 14.2, "risk_level_cd": "ok"}}, {"type": "Feature", "geometry": {"type": "Polygon", "coordinates": [[[129.16063, 35.29313], [129.16081, 35.30214], [129.17181, 35.30199], [129.17162, 35.29298], [129.16063, 35.29313]]]}, "properties": {"grid_id": "마마5101", "region_type_cd": "RURAL", "households": 23, "buildings": 3, "avg_score": 24.8, "risk_level_cd": "ok"}}, {"type": "Feature", "geometry": {"type": "Polygon", "coordinates": [[[129.161, 35.31115], [129.16118, 35.32017], [129.17218, 35.32001], [129.17199, 35.311], [129.161, 35.31115]]]}, "properties": {"grid_id": "마마5103", "region_type_cd": "RURAL", "households": 986, "buildings": 28, "avg_score": 15.4, "risk_level_cd": "ok"}}, {"type": "Feature", "geometry": {"type": "Polygon", "coordinates": [[[129.16118, 35.32017], [129.16137, 35.32918], [129.17237, 35.32903], [129.17218, 35.32001], [129.16118, 35.32017]]]}, "properties": {"grid_id": "마마5104", "region_type_cd": "URBAN", "households": 1758, "buildings": 33, "avg_score": 15.8, "risk_level_cd": "ok"}}, {"type": "Feature", "geometry": {"type": "Polygon", "coordinates": [[[129.16137, 35.32918], [129.16155, 35.33819], [129.17255, 35.33804], [129.17237, 35.32903], [129.16137, 35.32918]]]}, "properties": {"grid_id": "마마5105", "region_type_cd": "URBAN", "households": 2967, "buildings": 249, "avg_score": 20.8, "risk_level_cd": "ok"}}, {"type": "Feature", "geometry": {"type": "Polygon", "coordinates": [[[129.16155, 35.33819], [129.16174, 35.34721], [129.17274, 35.34705], [129.17255, 35.33804], [129.16155, 35.33819]]]}, "properties": {"grid_id": "마마5106", "region_type_cd": "URBAN", "households": 520, "buildings": 14, "avg_score": 9.1, "risk_level_cd": "ok"}}, {"type": "Feature", "geometry": {"type": "Polygon", "coordinates": [[[129.17144, 35.28396], [129.17162, 35.29298], [129.18262, 35.29282], [129.18243, 35.28381], [129.17144, 35.28396]]]}, "properties": {"grid_id": "마마5200", "region_type_cd": "RURAL", "households": 27, "buildings": 3, "avg_score": 17.2, "risk_level_cd": "ok"}}, {"type": "Feature", "geometry": {"type": "Polygon", "coordinates": [[[129.17199, 35.311], [129.17218, 35.32001], [129.18318, 35.31986], [129.18299, 35.31085], [129.17199, 35.311]]]}, "properties": {"grid_id": "마마5203", "region_type_cd": "URBAN", "households": 1273, "buildings": 247, "avg_score": 33.6, "risk_level_cd": "ok"}}, {"type": "Feature", "geometry": {"type": "Polygon", "coordinates": [[[129.17218, 35.32001], [129.17237, 35.32903], [129.18336, 35.32888], [129.18318, 35.31986], [129.17218, 35.32001]]]}, "properties": {"grid_id": "마마5204", "region_type_cd": "URBAN", "households": 1594, "buildings": 241, "avg_score": 17.2, "risk_level_cd": "ok"}}, {"type": "Feature", "geometry": {"type": "Polygon", "coordinates": [[[129.17237, 35.32903], [129.17255, 35.33804], [129.18355, 35.33789], [129.18336, 35.32888], [129.17237, 35.32903]]]}, "properties": {"grid_id": "마마5205", "region_type_cd": "URBAN", "households": 1750, "buildings": 56, "avg_score": 13.4, "risk_level_cd": "ok"}}, {"type": "Feature", "geometry": {"type": "Polygon", "coordinates": [[[129.17255, 35.33804], [129.17274, 35.34705], [129.18374, 35.3469], [129.18355, 35.33789], [129.17255, 35.33804]]]}, "properties": {"grid_id": "마마5206", "region_type_cd": "RURAL", "households": 601, "buildings": 5, "avg_score": 25.4, "risk_level_cd": "ok"}}, {"type": "Feature", "geometry": {"type": "Polygon", "coordinates": [[[129.18299, 35.31085], [129.18318, 35.31986], [129.19417, 35.31971], [129.19399, 35.3107], [129.18299, 35.31085]]]}, "properties": {"grid_id": "마마5303", "region_type_cd": "URBAN", "households": 1236, "buildings": 70, "avg_score": 30.4, "risk_level_cd": "ok"}}, {"type": "Feature", "geometry": {"type": "Polygon", "coordinates": [[[129.18318, 35.31986], [129.18336, 35.32888], [129.19436, 35.32872], [129.19417, 35.31971], [129.18318, 35.31986]]]}, "properties": {"grid_id": "마마5304", "region_type_cd": "URBAN", "households": 1522, "buildings": 250, "avg_score": 16.2, "risk_level_cd": "ok"}}, {"type": "Feature", "geometry": {"type": "Polygon", "coordinates": [[[129.18336, 35.32888], [129.18355, 35.33789], [129.19455, 35.33773], [129.19436, 35.32872], [129.18336, 35.32888]]]}, "properties": {"grid_id": "마마5305", "region_type_cd": "RURAL", "households": 578, "buildings": 1, "avg_score": 0.0, "risk_level_cd": "ok"}}, {"type": "Feature", "geometry": {"type": "Polygon", "coordinates": [[[129.18355, 35.33789], [129.18374, 35.3469], [129.19474, 35.34675], [129.19455, 35.33773], [129.18355, 35.33789]]]}, "properties": {"grid_id": "마마5306", "region_type_cd": "RURAL", "households": 9, "buildings": 11, "avg_score": 20.8, "risk_level_cd": "ok"}}, {"type": "Feature", "geometry": {"type": "Polygon", "coordinates": [[[129.18374, 35.3469], [129.18393, 35.35591], [129.19493, 35.35576], [129.19474, 35.34675], [129.18374, 35.3469]]]}, "properties": {"grid_id": "마마5307", "region_type_cd": "RURAL", "households": 16, "buildings": 55, "avg_score": 21.0, "risk_level_cd": "ok"}}, {"type": "Feature", "geometry": {"type": "Polygon", "coordinates": [[[129.19342, 35.28366], [129.19361, 35.29267], [129.2046, 35.29252], [129.20441, 35.2835], [129.19342, 35.28366]]]}, "properties": {"grid_id": "마마5400", "region_type_cd": "RURAL", "households": 10, "buildings": 5, "avg_score": 30.2, "risk_level_cd": "ok"}}, {"type": "Feature", "geometry": {"type": "Polygon", "coordinates": [[[129.19361, 35.29267], [129.1938, 35.30168], [129.20479, 35.30153], [129.2046, 35.29252], [129.19361, 35.29267]]]}, "properties": {"grid_id": "마마5401", "region_type_cd": "RURAL", "households": 9, "buildings": 28, "avg_score": 25.5, "risk_level_cd": "ok"}}, {"type": "Feature", "geometry": {"type": "Polygon", "coordinates": [[[129.19399, 35.3107], [129.19417, 35.31971], [129.20517, 35.31955], [129.20498, 35.31054], [129.19399, 35.3107]]]}, "properties": {"grid_id": "마마5403", "region_type_cd": "RURAL", "households": 351, "buildings": 5, "avg_score": 6.9, "risk_level_cd": "ok"}}, {"type": "Feature", "geometry": {"type": "Polygon", "coordinates": [[[129.19417, 35.31971], [129.19436, 35.32872], [129.20536, 35.32857], [129.20517, 35.31955], [129.19417, 35.31971]]]}, "properties": {"grid_id": "마마5404", "region_type_cd": "BUFFER", "households": 778, "buildings": 49, "avg_score": 19.0, "risk_level_cd": "ok"}}, {"type": "Feature", "geometry": {"type": "Polygon", "coordinates": [[[129.19455, 35.33773], [129.19474, 35.34675], [129.20574, 35.34659], [129.20555, 35.33758], [129.19455, 35.33773]]]}, "properties": {"grid_id": "마마5406", "region_type_cd": "RURAL", "households": 1, "buildings": 2, "avg_score": 27.2, "risk_level_cd": "ok"}}, {"type": "Feature", "geometry": {"type": "Polygon", "coordinates": [[[129.19474, 35.34675], [129.19493, 35.35576], [129.20593, 35.35561], [129.20574, 35.34659], [129.19474, 35.34675]]]}, "properties": {"grid_id": "마마5407", "region_type_cd": "RURAL", "households": 10, "buildings": 4, "avg_score": 20.3, "risk_level_cd": "ok"}}, {"type": "Feature", "geometry": {"type": "Polygon", "coordinates": [[[129.19493, 35.35576], [129.19512, 35.36477], [129.20612, 35.36462], [129.20593, 35.35561], [129.19493, 35.35576]]]}, "properties": {"grid_id": "마마5408", "region_type_cd": "URBAN", "households": 1, "buildings": 10, "avg_score": 15.9, "risk_level_cd": "ok"}}, {"type": "Feature", "geometry": {"type": "Polygon", "coordinates": [[[129.20441, 35.2835], [129.2046, 35.29252], [129.2156, 35.29236], [129.21541, 35.28335], [129.20441, 35.2835]]]}, "properties": {"grid_id": "마마5500", "region_type_cd": "RURAL", "households": 20, "buildings": 59, "avg_score": 26.9, "risk_level_cd": "ok"}}, {"type": "Feature", "geometry": {"type": "Polygon", "coordinates": [[[129.2046, 35.29252], [129.20479, 35.30153], [129.21579, 35.30137], [129.2156, 35.29236], [129.2046, 35.29252]]]}, "properties": {"grid_id": "마마5501", "region_type_cd": "RURAL", "households": 12, "buildings": 20, "avg_score": 29.0, "risk_level_cd": "ok"}}, {"type": "Feature", "geometry": {"type": "Polygon", "coordinates": [[[129.20479, 35.30153], [129.20498, 35.31054], [129.21598, 35.31039], [129.21579, 35.30137], [129.20479, 35.30153]]]}, "properties": {"grid_id": "마마5502", "region_type_cd": "RURAL", "households": 3, "buildings": 1, "avg_score": 17.6, "risk_level_cd": "ok"}}, {"type": "Feature", "geometry": {"type": "Polygon", "coordinates": [[[129.20517, 35.31955], [129.20536, 35.32857], [129.21636, 35.32841], [129.21617, 35.3194], [129.20517, 35.31955]]]}, "properties": {"grid_id": "마마5504", "region_type_cd": "BUFFER", "households": 128, "buildings": 62, "avg_score": 35.0, "risk_level_cd": "warn"}}, {"type": "Feature", "geometry": {"type": "Polygon", "coordinates": [[[129.20536, 35.32857], [129.20555, 35.33758], [129.21655, 35.33742], [129.21636, 35.32841], [129.20536, 35.32857]]]}, "properties": {"grid_id": "마마5505", "region_type_cd": "RURAL", "households": 61, "buildings": 14, "avg_score": 8.0, "risk_level_cd": "ok"}}, {"type": "Feature", "geometry": {"type": "Polygon", "coordinates": [[[129.20555, 35.33758], [129.20574, 35.34659], [129.21674, 35.34644], [129.21655, 35.33742], [129.20555, 35.33758]]]}, "properties": {"grid_id": "마마5506", "region_type_cd": "RURAL", "households": 2, "buildings": 1, "avg_score": 23.4, "risk_level_cd": "ok"}}, {"type": "Feature", "geometry": {"type": "Polygon", "coordinates": [[[129.21541, 35.28335], [129.2156, 35.29236], [129.22659, 35.2922], [129.2264, 35.28319], [129.21541, 35.28335]]]}, "properties": {"grid_id": "마마5600", "region_type_cd": "RURAL", "households": 16, "buildings": 40, "avg_score": 30.7, "risk_level_cd": "ok"}}, {"type": "Feature", "geometry": {"type": "Polygon", "coordinates": [[[129.21579, 35.30137], [129.21598, 35.31039], [129.22697, 35.31023], [129.22678, 35.30122], [129.21579, 35.30137]]]}, "properties": {"grid_id": "마마5602", "region_type_cd": "RURAL", "households": 10, "buildings": 4, "avg_score": 26.9, "risk_level_cd": "ok"}}, {"type": "Feature", "geometry": {"type": "Polygon", "coordinates": [[[129.21598, 35.31039], [129.21617, 35.3194], [129.22716, 35.31924], [129.22697, 35.31023], [129.21598, 35.31039]]]}, "properties": {"grid_id": "마마5603", "region_type_cd": "RURAL", "households": 4, "buildings": 2, "avg_score": 21.4, "risk_level_cd": "ok"}}, {"type": "Feature", "geometry": {"type": "Polygon", "coordinates": [[[129.21617, 35.3194], [129.21636, 35.32841], [129.22736, 35.32825], [129.22716, 35.31924], [129.21617, 35.3194]]]}, "properties": {"grid_id": "마마5604", "region_type_cd": "RURAL", "households": 4, "buildings": 1, "avg_score": 21.3, "risk_level_cd": "ok"}}, {"type": "Feature", "geometry": {"type": "Polygon", "coordinates": [[[129.21636, 35.32841], [129.21655, 35.33742], [129.22755, 35.33727], [129.22736, 35.32825], [129.21636, 35.32841]]]}, "properties": {"grid_id": "마마5605", "region_type_cd": "RURAL", "households": 20, "buildings": 58, "avg_score": 17.3, "risk_level_cd": "ok"}}, {"type": "Feature", "geometry": {"type": "Polygon", "coordinates": [[[129.21655, 35.33742], [129.21674, 35.34644], [129.22774, 35.34628], [129.22755, 35.33727], [129.21655, 35.33742]]]}, "properties": {"grid_id": "마마5606", "region_type_cd": "RURAL", "households": 9, "buildings": 9, "avg_score": 23.2, "risk_level_cd": "ok"}}, {"type": "Feature", "geometry": {"type": "Polygon", "coordinates": [[[129.21674, 35.34644], [129.21693, 35.35545], [129.22793, 35.35529], [129.22774, 35.34628], [129.21674, 35.34644]]]}, "properties": {"grid_id": "마마5607", "region_type_cd": "RURAL", "households": 4, "buildings": 16, "avg_score": 24.2, "risk_level_cd": "ok"}}, {"type": "Feature", "geometry": {"type": "Polygon", "coordinates": [[[129.2264, 35.28319], [129.22659, 35.2922], [129.23758, 35.29205], [129.23739, 35.28303], [129.2264, 35.28319]]]}, "properties": {"grid_id": "마마5700", "region_type_cd": "RURAL", "households": 13, "buildings": 5, "avg_score": 16.5, "risk_level_cd": "ok"}}, {"type": "Feature", "geometry": {"type": "Polygon", "coordinates": [[[129.22659, 35.2922], [129.22678, 35.30122], [129.23778, 35.30106], [129.23758, 35.29205], [129.22659, 35.2922]]]}, "properties": {"grid_id": "마마5701", "region_type_cd": "RURAL", "households": 24, "buildings": 39, "avg_score": 29.9, "risk_level_cd": "ok"}}, {"type": "Feature", "geometry": {"type": "Polygon", "coordinates": [[[129.22678, 35.30122], [129.22697, 35.31023], [129.23797, 35.31007], [129.23778, 35.30106], [129.22678, 35.30122]]]}, "properties": {"grid_id": "마마5702", "region_type_cd": "RURAL", "households": 43, "buildings": 75, "avg_score": 27.6, "risk_level_cd": "ok"}}, {"type": "Feature", "geometry": {"type": "Polygon", "coordinates": [[[129.22697, 35.31023], [129.22716, 35.31924], [129.23816, 35.31908], [129.23797, 35.31007], [129.22697, 35.31023]]]}, "properties": {"grid_id": "마마5703", "region_type_cd": "RURAL", "households": 174, "buildings": 35, "avg_score": 35.2, "risk_level_cd": "warn"}}, {"type": "Feature", "geometry": {"type": "Polygon", "coordinates": [[[129.22736, 35.32825], [129.22755, 35.33727], [129.23855, 35.33711], [129.23835, 35.3281], [129.22736, 35.32825]]]}, "properties": {"grid_id": "마마5705", "region_type_cd": "RURAL", "households": 15, "buildings": 32, "avg_score": 19.8, "risk_level_cd": "ok"}}, {"type": "Feature", "geometry": {"type": "Polygon", "coordinates": [[[129.22755, 35.33727], [129.22774, 35.34628], [129.23874, 35.34612], [129.23855, 35.33711], [129.22755, 35.33727]]]}, "properties": {"grid_id": "마마5706", "region_type_cd": "RURAL", "households": 2, "buildings": 1, "avg_score": 23.5, "risk_level_cd": "ok"}}, {"type": "Feature", "geometry": {"type": "Polygon", "coordinates": [[[129.22774, 35.34628], [129.22793, 35.35529], [129.23893, 35.35514], [129.23874, 35.34612], [129.22774, 35.34628]]]}, "properties": {"grid_id": "마마5707", "region_type_cd": "RURAL", "households": 3, "buildings": 5, "avg_score": 24.8, "risk_level_cd": "ok"}}, {"type": "Feature", "geometry": {"type": "Polygon", "coordinates": [[[129.22812, 35.36431], [129.22832, 35.37332], [129.23932, 35.37316], [129.23913, 35.36415], [129.22812, 35.36431]]]}, "properties": {"grid_id": "마마5709", "region_type_cd": "RURAL", "households": 7, "buildings": 1, "avg_score": 16.6, "risk_level_cd": "ok"}}, {"type": "Feature", "geometry": {"type": "Polygon", "coordinates": [[[129.23758, 35.29205], [129.23778, 35.30106], [129.24877, 35.3009], [129.24858, 35.29189], [129.23758, 35.29205]]]}, "properties": {"grid_id": "마마5801", "region_type_cd": "RURAL", "households": 59, "buildings": 3, "avg_score": 14.7, "risk_level_cd": "ok"}}, {"type": "Feature", "geometry": {"type": "Polygon", "coordinates": [[[129.23778, 35.30106], [129.23797, 35.31007], [129.24896, 35.30991], [129.24877, 35.3009], [129.23778, 35.30106]]]}, "properties": {"grid_id": "마마5802", "region_type_cd": "BUFFER", "households": 178, "buildings": 140, "avg_score": 40.8, "risk_level_cd": "warn"}}, {"type": "Feature", "geometry": {"type": "Polygon", "coordinates": [[[129.23797, 35.31007], [129.23816, 35.31908], [129.24916, 35.31893], [129.24896, 35.30991], [129.23797, 35.31007]]]}, "properties": {"grid_id": "마마5803", "region_type_cd": "URBAN", "households": 332, "buildings": 337, "avg_score": 60.2, "risk_level_cd": "warn"}}, {"type": "Feature", "geometry": {"type": "Polygon", "coordinates": [[[129.23816, 35.31908], [129.23835, 35.3281], [129.24935, 35.32794], [129.24916, 35.31893], [129.23816, 35.31908]]]}, "properties": {"grid_id": "마마5804", "region_type_cd": "RURAL", "households": 175, "buildings": 34, "avg_score": 19.3, "risk_level_cd": "ok"}}, {"type": "Feature", "geometry": {"type": "Polygon", "coordinates": [[[129.23835, 35.3281], [129.23855, 35.33711], [129.24955, 35.33695], [129.24935, 35.32794], [129.23835, 35.3281]]]}, "properties": {"grid_id": "마마5805", "region_type_cd": "RURAL", "households": 11, "buildings": 2, "avg_score": 26.0, "risk_level_cd": "ok"}}, {"type": "Feature", "geometry": {"type": "Polygon", "coordinates": [[[129.23855, 35.33711], [129.23874, 35.34612], [129.24974, 35.34596], [129.24955, 35.33695], [129.23855, 35.33711]]]}, "properties": {"grid_id": "마마5806", "region_type_cd": "RURAL", "households": 23, "buildings": 64, "avg_score": 17.9, "risk_level_cd": "ok"}}, {"type": "Feature", "geometry": {"type": "Polygon", "coordinates": [[[129.23874, 35.34612], [129.23893, 35.35514], [129.24993, 35.35498], [129.24974, 35.34596], [129.23874, 35.34612]]]}, "properties": {"grid_id": "마마5807", "region_type_cd": "RURAL", "households": 12, "buildings": 2, "avg_score": 22.6, "risk_level_cd": "ok"}}, {"type": "Feature", "geometry": {"type": "Polygon", "coordinates": [[[129.23893, 35.35514], [129.23913, 35.36415], [129.25013, 35.36399], [129.24993, 35.35498], [129.23893, 35.35514]]]}, "properties": {"grid_id": "마마5808", "region_type_cd": "RURAL", "households": 24, "buildings": 47, "avg_score": 93.6, "risk_level_cd": "danger"}}, {"type": "Feature", "geometry": {"type": "Polygon", "coordinates": [[[129.23913, 35.36415], [129.23932, 35.37316], [129.25032, 35.373], [129.25013, 35.36399], [129.23913, 35.36415]]]}, "properties": {"grid_id": "마마5809", "region_type_cd": "RURAL", "households": 31, "buildings": 35, "avg_score": 38.8, "risk_level_cd": "warn"}}, {"type": "Feature", "geometry": {"type": "Polygon", "coordinates": [[[129.23932, 35.37316], [129.23951, 35.38217], [129.25052, 35.38201], [129.25032, 35.373], [129.23932, 35.37316]]]}, "properties": {"grid_id": "마마5810", "region_type_cd": "RURAL", "households": 13, "buildings": 13, "avg_score": 21.8, "risk_level_cd": "ok"}}, {"type": "Feature", "geometry": {"type": "Polygon", "coordinates": [[[129.23951, 35.38217], [129.23971, 35.39119], [129.25071, 35.39103], [129.25052, 35.38201], [129.23951, 35.38217]]]}, "properties": {"grid_id": "마마5811", "region_type_cd": "RURAL", "households": 4, "buildings": 1, "avg_score": 21.0, "risk_level_cd": "ok"}}, {"type": "Feature", "geometry": {"type": "Polygon", "coordinates": [[[129.24838, 35.28287], [129.24858, 35.29189], [129.25957, 35.29173], [129.25937, 35.28272], [129.24838, 35.28287]]]}, "properties": {"grid_id": "마마5900", "region_type_cd": "BUFFER", "households": 77, "buildings": 172, "avg_score": 21.4, "risk_level_cd": "ok"}}, {"type": "Feature", "geometry": {"type": "Polygon", "coordinates": [[[129.24858, 35.29189], [129.24877, 35.3009], [129.25976, 35.30074], [129.25957, 35.29173], [129.24858, 35.29189]]]}, "properties": {"grid_id": "마마5901", "region_type_cd": "BUFFER", "households": 97, "buildings": 225, "avg_score": 19.0, "risk_level_cd": "ok"}}, {"type": "Feature", "geometry": {"type": "Polygon", "coordinates": [[[129.24877, 35.3009], [129.24896, 35.30991], [129.25996, 35.30975], [129.25976, 35.30074], [129.24877, 35.3009]]]}, "properties": {"grid_id": "마마5902", "region_type_cd": "BUFFER", "households": 100, "buildings": 234, "avg_score": 12.5, "risk_level_cd": "ok"}}, {"type": "Feature", "geometry": {"type": "Polygon", "coordinates": [[[129.24896, 35.30991], [129.24916, 35.31893], [129.26015, 35.31877], [129.25996, 35.30975], [129.24896, 35.30991]]]}, "properties": {"grid_id": "마마5903", "region_type_cd": "RURAL", "households": 100, "buildings": 75, "avg_score": 19.8, "risk_level_cd": "ok"}}, {"type": "Feature", "geometry": {"type": "Polygon", "coordinates": [[[129.24916, 35.31893], [129.24935, 35.32794], [129.26035, 35.32778], [129.26015, 35.31877], [129.24916, 35.31893]]]}, "properties": {"grid_id": "마마5904", "region_type_cd": "RURAL", "households": 9, "buildings": 3, "avg_score": 22.2, "risk_level_cd": "ok"}}, {"type": "Feature", "geometry": {"type": "Polygon", "coordinates": [[[129.24955, 35.33695], [129.24974, 35.34596], [129.26074, 35.3458], [129.26054, 35.33679], [129.24955, 35.33695]]]}, "properties": {"grid_id": "마마5906", "region_type_cd": "RURAL", "households": 23, "buildings": 25, "avg_score": 15.4, "risk_level_cd": "ok"}}, {"type": "Feature", "geometry": {"type": "Polygon", "coordinates": [[[129.24974, 35.34596], [129.24993, 35.35498], [129.26094, 35.35482], [129.26074, 35.3458], [129.24974, 35.34596]]]}, "properties": {"grid_id": "마마5907", "region_type_cd": "RURAL", "households": 25, "buildings": 55, "avg_score": 55.4, "risk_level_cd": "warn"}}, {"type": "Feature", "geometry": {"type": "Polygon", "coordinates": [[[129.24993, 35.35498], [129.25013, 35.36399], [129.26113, 35.36383], [129.26094, 35.35482], [129.24993, 35.35498]]]}, "properties": {"grid_id": "마마5908", "region_type_cd": "RURAL", "households": 24, "buildings": 59, "avg_score": 99.8, "risk_level_cd": "danger"}}, {"type": "Feature", "geometry": {"type": "Polygon", "coordinates": [[[129.25013, 35.36399], [129.25032, 35.373], [129.26133, 35.37284], [129.26113, 35.36383], [129.25013, 35.36399]]]}, "properties": {"grid_id": "마마5909", "region_type_cd": "RURAL", "households": 29, "buildings": 16, "avg_score": 56.1, "risk_level_cd": "warn"}}, {"type": "Feature", "geometry": {"type": "Polygon", "coordinates": [[[129.25032, 35.373], [129.25052, 35.38201], [129.26152, 35.38185], [129.26133, 35.37284], [129.25032, 35.373]]]}, "properties": {"grid_id": "마마5910", "region_type_cd": "RURAL", "households": 17, "buildings": 46, "avg_score": 19.9, "risk_level_cd": "ok"}}, {"type": "Feature", "geometry": {"type": "Polygon", "coordinates": [[[129.25052, 35.38201], [129.25071, 35.39103], [129.26172, 35.39087], [129.26152, 35.38185], [129.25052, 35.38201]]]}, "properties": {"grid_id": "마마5911", "region_type_cd": "RURAL", "households": 13, "buildings": 19, "avg_score": 19.4, "risk_level_cd": "ok"}}, {"type": "Feature", "geometry": {"type": "Polygon", "coordinates": [[[129.25937, 35.28272], [129.25957, 35.29173], [129.27056, 35.29157], [129.27036, 35.28255], [129.25937, 35.28272]]]}, "properties": {"grid_id": "마마6000", "region_type_cd": "RURAL", "households": 44, "buildings": 6, "avg_score": 21.6, "risk_level_cd": "ok"}}, {"type": "Feature", "geometry": {"type": "Polygon", "coordinates": [[[129.25957, 35.29173], [129.25976, 35.30074], [129.27076, 35.30058], [129.27056, 35.29157], [129.25957, 35.29173]]]}, "properties": {"grid_id": "마마6001", "region_type_cd": "RURAL", "households": 58, "buildings": 38, "avg_score": 19.5, "risk_level_cd": "ok"}}, {"type": "Feature", "geometry": {"type": "Polygon", "coordinates": [[[129.25976, 35.30074], [129.25996, 35.30975], [129.27095, 35.30959], [129.27076, 35.30058], [129.25976, 35.30074]]]}, "properties": {"grid_id": "마마6002", "region_type_cd": "RURAL", "households": 45, "buildings": 1, "avg_score": 7.5, "risk_level_cd": "ok"}}, {"type": "Feature", "geometry": {"type": "Polygon", "coordinates": [[[129.25996, 35.30975], [129.26015, 35.31877], [129.27115, 35.31861], [129.27095, 35.30959], [129.25996, 35.30975]]]}, "properties": {"grid_id": "마마6003", "region_type_cd": "RURAL", "households": 40, "buildings": 105, "avg_score": 15.6, "risk_level_cd": "ok"}}, {"type": "Feature", "geometry": {"type": "Polygon", "coordinates": [[[129.26015, 35.31877], [129.26035, 35.32778], [129.27135, 35.32762], [129.27115, 35.31861], [129.26015, 35.31877]]]}, "properties": {"grid_id": "마마6004", "region_type_cd": "RURAL", "households": 60, "buildings": 34, "avg_score": 16.1, "risk_level_cd": "ok"}}, {"type": "Feature", "geometry": {"type": "Polygon", "coordinates": [[[129.26035, 35.32778], [129.26054, 35.33679], [129.27154, 35.33663], [129.27135, 35.32762], [129.26035, 35.32778]]]}, "properties": {"grid_id": "마마6005", "region_type_cd": "RURAL", "households": 56, "buildings": 27, "avg_score": 15.0, "risk_level_cd": "ok"}}, {"type": "Feature", "geometry": {"type": "Polygon", "coordinates": [[[129.26054, 35.33679], [129.26074, 35.3458], [129.27174, 35.34564], [129.27154, 35.33663], [129.26054, 35.33679]]]}, "properties": {"grid_id": "마마6006", "region_type_cd": "RURAL", "households": 17, "buildings": 23, "avg_score": 16.5, "risk_level_cd": "ok"}}, {"type": "Feature", "geometry": {"type": "Polygon", "coordinates": [[[129.26074, 35.3458], [129.26094, 35.35482], [129.27194, 35.35466], [129.27174, 35.34564], [129.26074, 35.3458]]]}, "properties": {"grid_id": "마마6007", "region_type_cd": "RURAL", "households": 21, "buildings": 50, "avg_score": 18.9, "risk_level_cd": "ok"}}, {"type": "Feature", "geometry": {"type": "Polygon", "coordinates": [[[129.26094, 35.35482], [129.26113, 35.36383], [129.27213, 35.36367], [129.27194, 35.35466], [129.26094, 35.35482]]]}, "properties": {"grid_id": "마마6008", "region_type_cd": "RURAL", "households": 24, "buildings": 72, "avg_score": 84.6, "risk_level_cd": "danger"}}, {"type": "Feature", "geometry": {"type": "Polygon", "coordinates": [[[129.26113, 35.36383], [129.26133, 35.37284], [129.27233, 35.37268], [129.27213, 35.36367], [129.26113, 35.36383]]]}, "properties": {"grid_id": "마마6009", "region_type_cd": "RURAL", "households": 29, "buildings": 84, "avg_score": 92.2, "risk_level_cd": "danger"}}, {"type": "Feature", "geometry": {"type": "Polygon", "coordinates": [[[129.26133, 35.37284], [129.26152, 35.38185], [129.27253, 35.38169], [129.27233, 35.37268], [129.26133, 35.37284]]]}, "properties": {"grid_id": "마마6010", "region_type_cd": "RURAL", "households": 18, "buildings": 12, "avg_score": 31.1, "risk_level_cd": "ok"}}, {"type": "Feature", "geometry": {"type": "Polygon", "coordinates": [[[129.26152, 35.38185], [129.26172, 35.39087], [129.27273, 35.39071], [129.27253, 35.38169], [129.26152, 35.38185]]]}, "properties": {"grid_id": "마마6011", "region_type_cd": "RURAL", "households": 17, "buildings": 29, "avg_score": 18.6, "risk_level_cd": "ok"}}, {"type": "Feature", "geometry": {"type": "Polygon", "coordinates": [[[129.27115, 35.31861], [129.27135, 35.32762], [129.28234, 35.32746], [129.28215, 35.31844], [129.27115, 35.31861]]]}, "properties": {"grid_id": "마마6104", "region_type_cd": "BUFFER", "households": 144, "buildings": 210, "avg_score": 3.1, "risk_level_cd": "ok"}}, {"type": "Feature", "geometry": {"type": "Polygon", "coordinates": [[[129.27135, 35.32762], [129.27154, 35.33663], [129.28254, 35.33647], [129.28234, 35.32746], [129.27135, 35.32762]]]}, "properties": {"grid_id": "마마6105", "region_type_cd": "BUFFER", "households": 192, "buildings": 133, "avg_score": 0.8, "risk_level_cd": "ok"}}, {"type": "Feature", "geometry": {"type": "Polygon", "coordinates": [[[129.27154, 35.33663], [129.27174, 35.34564], [129.28274, 35.34548], [129.28254, 35.33647], [129.27154, 35.33663]]]}, "properties": {"grid_id": "마마6106", "region_type_cd": "RURAL", "households": 19, "buildings": 4, "avg_score": 17.4, "risk_level_cd": "ok"}}, {"type": "Feature", "geometry": {"type": "Polygon", "coordinates": [[[129.27174, 35.34564], [129.27194, 35.35466], [129.28294, 35.35449], [129.28274, 35.34548], [129.27174, 35.34564]]]}, "properties": {"grid_id": "마마6107", "region_type_cd": "RURAL", "households": 19, "buildings": 39, "avg_score": 21.1, "risk_level_cd": "ok"}}, {"type": "Feature", "geometry": {"type": "Polygon", "coordinates": [[[129.27194, 35.35466], [129.27213, 35.36367], [129.28314, 35.36351], [129.28294, 35.35449], [129.27194, 35.35466]]]}, "properties": {"grid_id": "마마6108", "region_type_cd": "RURAL", "households": 9, "buildings": 5, "avg_score": 23.6, "risk_level_cd": "ok"}}, {"type": "Feature", "geometry": {"type": "Polygon", "coordinates": [[[129.27213, 35.36367], [129.27233, 35.37268], [129.28333, 35.37252], [129.28314, 35.36351], [129.27213, 35.36367]]]}, "properties": {"grid_id": "마마6109", "region_type_cd": "RURAL", "households": 16, "buildings": 5, "avg_score": 42.4, "risk_level_cd": "warn"}}, {"type": "Feature", "geometry": {"type": "Polygon", "coordinates": [[[129.27233, 35.37268], [129.27253, 35.38169], [129.28353, 35.38153], [129.28333, 35.37252], [129.27233, 35.37268]]]}, "properties": {"grid_id": "마마6110", "region_type_cd": "RURAL", "households": 17, "buildings": 2, "avg_score": 19.5, "risk_level_cd": "ok"}}, {"type": "Feature", "geometry": {"type": "Polygon", "coordinates": [[[129.28215, 35.31844], [129.28234, 35.32746], [129.29334, 35.32729], [129.29314, 35.31828], [129.28215, 35.31844]]]}, "properties": {"grid_id": "마마6204", "region_type_cd": "BUFFER", "households": 167, "buildings": 100, "avg_score": 0.4, "risk_level_cd": "ok"}}, {"type": "Feature", "geometry": {"type": "Polygon", "coordinates": [[[129.28234, 35.32746], [129.28254, 35.33647], [129.29354, 35.33631], [129.29334, 35.32729], [129.28234, 35.32746]]]}, "properties": {"grid_id": "마마6205", "region_type_cd": "BUFFER", "households": 236, "buildings": 164, "avg_score": 0.2, "risk_level_cd": "ok"}}, {"type": "Feature", "geometry": {"type": "Polygon", "coordinates": [[[129.29334, 35.32729], [129.29354, 35.33631], [129.30454, 35.33614], [129.30434, 35.32713], [129.29334, 35.32729]]]}, "properties": {"grid_id": "마마6305", "region_type_cd": "URBAN", "households": 0, "buildings": 4, "avg_score": 15.9, "risk_level_cd": "ok"}}]}